-- --------------------------------------------------------
-- 호스트:                          54.180.158.97
-- 서버 버전:                        10.3.34-MariaDB-0ubuntu0.20.04.1 - Ubuntu 20.04
-- 서버 OS:                        debian-linux-gnu
-- HeidiSQL 버전:                  12.0.0.6468
-- --------------------------------------------------------

/*!40101 SET @OLD_CHARACTER_SET_CLIENT=@@CHARACTER_SET_CLIENT */;
/*!40101 SET NAMES utf8 */;
/*!50503 SET NAMES utf8mb4 */;
/*!40103 SET @OLD_TIME_ZONE=@@TIME_ZONE */;
/*!40103 SET TIME_ZONE='+00:00' */;
/*!40014 SET @OLD_FOREIGN_KEY_CHECKS=@@FOREIGN_KEY_CHECKS, FOREIGN_KEY_CHECKS=0 */;
/*!40101 SET @OLD_SQL_MODE=@@SQL_MODE, SQL_MODE='NO_AUTO_VALUE_ON_ZERO' */;
/*!40111 SET @OLD_SQL_NOTES=@@SQL_NOTES, SQL_NOTES=0 */;


-- moggozi 데이터베이스 구조 내보내기
CREATE DATABASE IF NOT EXISTS `moggozi` /*!40100 DEFAULT CHARACTER SET utf8mb4 */;
USE `moggozi`;

-- 테이블 moggozi.alert 구조 내보내기
CREATE TABLE IF NOT EXISTS `alert` (
  `id` bigint(20) NOT NULL AUTO_INCREMENT,
  `created_date` datetime(6) DEFAULT NULL,
  `modified_date` datetime(6) DEFAULT NULL,
  `is_read` int(11) NOT NULL,
  `message` varchar(255) DEFAULT NULL,
  `sequence` bigint(20) DEFAULT NULL,
  `type` varchar(255) DEFAULT NULL,
  `receiver_id` bigint(20) DEFAULT NULL,
  `sender_id` bigint(20) DEFAULT NULL,
  PRIMARY KEY (`id`),
  KEY `FKsyxsf5jv5g2nyjfu07g6nf1yd` (`receiver_id`),
  KEY `FK9s2732xbtxku047ilp8j45hhq` (`sender_id`),
  CONSTRAINT `FK9s2732xbtxku047ilp8j45hhq` FOREIGN KEY (`sender_id`) REFERENCES `member` (`member_id`),
  CONSTRAINT `FKsyxsf5jv5g2nyjfu07g6nf1yd` FOREIGN KEY (`receiver_id`) REFERENCES `member` (`member_id`)
) ENGINE=InnoDB AUTO_INCREMENT=39 DEFAULT CHARSET=utf8mb4;

-- 테이블 데이터 moggozi.alert:~38 rows (대략적) 내보내기
INSERT INTO `alert` (`id`, `created_date`, `modified_date`, `is_read`, `message`, `sequence`, `type`, `receiver_id`, `sender_id`) VALUES
	(1, '2022-08-16 22:35:15.594127', '2022-08-16 22:39:42.673062', 1, '상현님이\n등록하신 챌린지에\n좋아요를 눌렀습니다.', 2, 'challenge', 8, 1),
	(2, '2022-08-16 22:44:53.272469', '2022-08-16 22:47:43.837058', 1, '상현님이\n등록하신 포스트에\n댓글을 달았습니다.', 1, 'comment', 8, 1),
	(3, '2022-08-16 22:49:42.534242', '2022-08-17 00:49:25.620052', 1, '누구세호님이\n등록하신 포스트에\n댓글을 달았습니다.', 1, 'comment', 1, 8),
	(4, '2022-08-16 22:49:42.616299', '2022-08-17 00:49:25.622967', 1, '누구세호님이\n등록하신 댓글에\n대댓글을 달았습니다.', 1, 'reply', 1, 8),
	(5, '2022-08-16 23:47:26.013897', '2022-08-16 23:51:30.805117', 1, 'Summer님이\n팔로우하기\n시작했습니다.', 3, 'follow', 3, 13),
	(6, '2022-08-17 00:53:15.198864', '2022-08-17 01:53:17.215067', 1, '오체풀만족님이\n등록하신 챌린지에\n좋아요를 눌렀습니다.', 2, 'challenge', 8, 11),
	(7, '2022-08-17 13:28:39.190219', '2022-08-17 13:51:40.322517', 1, '우투더영투더우님이\n등록하신 챌린지에\n좋아요를 눌렀습니다.', 7, 'challenge', 11, 18),
	(8, '2022-08-17 13:30:03.235341', '2022-08-17 13:51:40.322656', 1, '우투더영투더우님이\n등록하신 챌린지에\n좋아요를 눌렀습니다.', 16, 'challenge', 11, 18),
	(9, '2022-08-17 13:45:59.397446', '2022-08-17 13:51:40.322734', 1, '지니님이\n등록하신 챌린지에\n좋아요를 눌렀습니다.', 16, 'challenge', 11, 20),
	(10, '2022-08-17 14:25:32.838234', '2022-08-17 14:25:32.838234', 0, '찌리리공님이\n등록하신 챌린지에\n좋아요를 눌렀습니다.', 21, 'challenge', 5, 21),
	(11, '2022-08-17 15:28:04.703615', '2022-08-17 15:37:56.440419', 1, '오체풀만족님이\n등록하신 포스트에\n댓글을 달았습니다.', 24, 'comment', 1, 11),
	(12, '2022-08-17 15:28:47.101319', '2022-08-17 15:36:57.658526', 1, '오체풀만족님이\n등록하신 포스트에\n댓글을 달았습니다.', 5, 'comment', 8, 11),
	(13, '2022-08-17 15:52:02.926528', '2022-08-17 15:52:17.822116', 1, '우투더영투더우님이\n팔로우하기\n시작했습니다.', 15, 'follow', 15, 18),
	(14, '2022-08-17 15:52:15.606220', '2022-08-17 15:52:18.264361', 1, '@jeng_jeng님이\n팔로우하기\n시작했습니다.', 18, 'follow', 18, 15),
	(15, '2022-08-17 16:13:04.292620', '2022-08-18 00:38:47.775910', 1, 'Tarra님이\n등록하신 챌린지에\n좋아요를 눌렀습니다.', 7, 'challenge', 11, 22),
	(16, '2022-08-17 17:21:37.594677', '2022-08-17 23:00:37.751477', 1, 'Linnie님이\n등록하신 포스트에\n댓글을 달았습니다.', 48, 'comment', 17, 26),
	(17, '2022-08-17 17:34:55.688525', '2022-08-17 17:35:36.487839', 1, 'Linnie님이\n등록하신 포스트에\n좋아요를 눌렀습니다.', 38, 'post', 15, 26),
	(18, '2022-08-17 17:38:01.231958', '2022-08-17 18:11:44.712305', 1, 'Linnie님이\n등록하신 포스트에\n좋아요를 눌렀습니다.', 44, 'post', 1, 26),
	(19, '2022-08-17 17:38:03.900695', '2022-08-17 18:11:44.712512', 1, 'Linnie님이\n등록하신 포스트에\n좋아요를 눌렀습니다.', 37, 'post', 1, 26),
	(20, '2022-08-17 17:38:16.121996', '2022-08-17 18:11:44.712600', 1, 'Linnie님이\n등록하신 포스트에\n댓글을 달았습니다.', 37, 'comment', 1, 26),
	(21, '2022-08-17 17:38:27.735113', '2022-08-17 18:11:44.712686', 1, 'Linnie님이\n등록하신 포스트에\n좋아요를 눌렀습니다.', 40, 'post', 1, 26),
	(22, '2022-08-17 17:38:31.852522', '2022-08-17 18:11:44.712772', 1, 'Linnie님이\n팔로우하기\n시작했습니다.', 1, 'follow', 1, 26),
	(23, '2022-08-17 17:43:41.198373', '2022-08-17 18:11:44.712866', 1, 'Linnie님이\n등록하신 포스트에\n좋아요를 눌렀습니다.', 39, 'post', 1, 26),
	(24, '2022-08-18 10:23:54.956747', '2022-08-18 10:30:06.526729', 1, '우투더영투더우님이\n등록하신 포스트에\n좋아요를 눌렀습니다.', 46, 'post', 1, 18),
	(25, '2022-08-18 10:24:03.644367', '2022-08-18 10:30:06.526914', 1, '우투더영투더우님이\n등록하신 포스트에\n좋아요를 눌렀습니다.', 42, 'post', 1, 18),
	(26, '2022-08-18 11:22:20.322573', '2022-08-18 11:22:48.141626', 1, '@jeng_jeng님이\n팔로우하기\n시작했습니다.', 11, 'follow', 11, 15),
	(27, '2022-08-18 11:22:41.554208', '2022-08-18 11:22:48.141786', 1, '@jeng_jeng님이\n등록하신 챌린지에\n좋아요를 눌렀습니다.', 5, 'challenge', 11, 15),
	(28, '2022-08-18 11:45:42.082140', '2022-08-18 13:34:58.558896', 1, '당구의신님이\n팔로우하기\n시작했습니다.', 18, 'follow', 18, 4),
	(29, '2022-08-18 14:54:11.076475', '2022-08-18 15:27:10.885418', 1, '@jeng_jeng님이\n등록하신 포스트에\n댓글을 달았습니다.', 10, 'comment', 18, 15),
	(30, '2022-08-18 14:55:01.436100', '2022-08-18 15:27:10.885657', 1, '@jeng_jeng님이\n등록하신 포스트에\n댓글을 달았습니다.', 10, 'comment', 18, 15),
	(31, '2022-08-18 14:56:33.991470', '2022-08-18 15:27:10.885787', 1, '나는싸피야님이\n등록하신 포스트에\n댓글을 달았습니다.', 11, 'comment', 18, 30),
	(32, '2022-08-18 15:26:49.579747', '2022-08-18 15:27:10.885901', 1, '나는싸피야님이\n등록하신 챌린지에\n좋아요를 눌렀습니다.', 12, 'challenge', 18, 30),
	(33, '2022-08-18 22:59:16.851204', '2022-08-18 23:00:23.131717', 1, 'tesxcc님이\n등록하신 포스트에\n댓글을 달았습니다.', 20, 'comment', 11, 32),
	(34, '2022-08-18 22:59:47.180071', '2022-08-18 23:00:23.131871', 1, '누구세호님이\n등록하신 포스트에\n댓글을 달았습니다.', 27, 'comment', 11, 8),
	(35, '2022-08-18 23:00:13.344562', '2022-08-18 23:00:23.131969', 1, '누구세호님이\n등록하신 포스트에\n좋아요를 눌렀습니다.', 27, 'post', 11, 8),
	(36, '2022-08-18 23:00:15.284698', '2022-08-18 23:00:23.132050', 1, '누구세호님이\n등록하신 포스트에\n좋아요를 눌렀습니다.', 26, 'post', 11, 8),
	(37, '2022-08-18 23:00:17.721448', '2022-08-18 23:00:23.132439', 1, '누구세호님이\n등록하신 포스트에\n좋아요를 눌렀습니다.', 19, 'post', 11, 8),
	(38, '2022-08-18 23:00:19.555140', '2022-08-18 23:00:23.132539', 1, '누구세호님이\n등록하신 포스트에\n좋아요를 눌렀습니다.', 20, 'post', 11, 8);

-- 테이블 moggozi.challenge 구조 내보내기
CREATE TABLE IF NOT EXISTS `challenge` (
  `id` bigint(20) NOT NULL,
  `created_date` datetime(6) DEFAULT NULL,
  `modified_date` datetime DEFAULT NULL,
  `challenge_img` varchar(300) DEFAULT NULL,
  `content` text DEFAULT NULL,
  `description` varchar(300) DEFAULT NULL,
  `level` int(11) NOT NULL,
  `like_num` int(11) DEFAULT 0,
  `name` varchar(255) DEFAULT NULL,
  `state` int(11) NOT NULL,
  `member_id` bigint(20) DEFAULT NULL,
  PRIMARY KEY (`id`),
  KEY `FK45okmd7o8mgjirxmounhtbcu4` (`member_id`),
  CONSTRAINT `FK45okmd7o8mgjirxmounhtbcu4` FOREIGN KEY (`member_id`) REFERENCES `member` (`member_id`)
) ENGINE=InnoDB DEFAULT CHARSET=utf8mb4;

-- 테이블 데이터 moggozi.challenge:~31 rows (대략적) 내보내기
INSERT INTO `challenge` (`id`, `created_date`, `modified_date`, `challenge_img`, `content`, `description`, `level`, `like_num`, `name`, `state`, `member_id`) VALUES
	(1, '2022-08-16 22:19:03.022441', '2022-08-17 17:29:14', 'https://firebasestorage.googleapis.com/v0/b/moggozi-2be28.appspot.com/o/challenge%2F1?alt=media&token=c5a11823-902c-4147-af67-04badf01beaf', '<p><strong class="ql-size-large">독서를 즐기고 싶지만 마땅한 시작점을 찾지 못했다면 무라카미 하루키의 책으로 소설읽기를 시작해보는건 어떨까요</strong></p><p><br></p><blockquote><strong>Stage 1: 노르웨이 숲</strong></blockquote><blockquote><strong>Stage 2: 해변의 카프카 1, 2</strong></blockquote><blockquote><strong>Stage 3: 기사단장 죽이기 1, 2</strong></blockquote>', '무라카미하루키의 책은 마치 한 곡의 재즈를 듣는듯한 기분이 듭니다. \n어디로 나아갈지 모르는 이야기의 긴박함과 인물들의 기막힌 심리묘사가 지루할 틈이 없게 만들죠.\n올 여름 무라카미 하루키와 함께 소설의 매력에 흠뻑 빠져보는건 어떨까요?\n\n', 2, 5, '무라카미하루키의 소설에 흠뻑 빠져보기 🌊', 1, 3),
	(2, '2022-08-16 22:26:50.766428', '2022-08-17 00:53:15', 'https://firebasestorage.googleapis.com/v0/b/moggozi-2be28.appspot.com/o/challenge%2F2?alt=media&token=17f5da22-9e98-4a4d-8164-797d05ef4312', '<p><strong class="ql-size-large">5단계의 운동</strong><span class="ql-size-large">을 진행해봅시다!</span></p><ol><li>스트레칭하기</li><li>스쿼트</li><li>벤치프레스</li><li>데드리프트</li><li>유산소</li></ol><p><br></p>', '운동을 시작해봅시다.', 1, 2, '헬스 시작하기', 1, 8),
	(4, '2022-08-16 22:59:30.563745', '2022-08-16 23:22:48', 'https://firebasestorage.googleapis.com/v0/b/moggozi-2be28.appspot.com/o/challenge%2F4?alt=media&token=5147bc77-d7af-47ba-9cb9-17c852e3eb63', '<p class="ql-align-center"><strong class="ql-size-huge">당구 </strong><strong class="ql-size-huge" style="color: rgb(178, 178, 0);">초보</strong><strong class="ql-size-huge">를 위한 강의입니다.</strong></p><p><br></p><p><span class="ql-size-large">매번 당구칠 때마다 계산하러 가시나요?</span></p><p><br></p><p><span class="ql-size-large">당구의 </span><span class="ql-size-large" style="color: rgb(0, 138, 0);">이론</span><span class="ql-size-large">을 알고 치시면 실력이 쭉쭉 상승합니다.</span></p><p><br></p><ol><li><span class="ql-size-large">자세</span></li><li><span class="ql-size-large">스트로크</span></li><li><span class="ql-size-large">두께</span></li><li><span class="ql-size-large">당점</span></li></ol>', '친구들과 당구칠 때 ATM기가 되기 싫으신 분들 다 들어오세요~', 1, 0, '당구 초보만', 0, 4),
	(5, '2022-08-16 23:08:51.451502', '2022-08-18 11:22:41', 'https://firebasestorage.googleapis.com/v0/b/moggozi-2be28.appspot.com/o/challenge%2F5?alt=media&token=f33ec4ab-535f-49d0-9671-dddfe8f4daeb', '<p>고슴도치를 키우는 단계를 3단계로 나눠서 클리어해봅시다!! </p><blockquote>살아있다는 것은 어느 또 다른 삶의 무게를 짊어질 수도 있다는 것이다. By 범재 조성민 선생</blockquote><p><br></p>', '고슴도치를 키워보신 적이 있나요?', 3, 2, '고슴도치를 잘 키워보자!', 1, 11),
	(6, '2022-08-16 23:54:16.092475', '2022-08-18 22:58:45', 'https://firebasestorage.googleapis.com/v0/b/moggozi-2be28.appspot.com/o/challenge%2F6?alt=media&token=f6104e0c-bbce-4cf4-bcb0-41d5788c0890', '<p>코딩 테스트에 꼭 나오니까 반드시 알아야 할 알고리즘 유형 4 개 중에서 1개씩 뽑아서 같이 풀어보아요!</p><p><br></p><p>포스팅으로는 문제를 해결한 정답 코드를 올려주세요! </p>', '코딩 테스트를 위한 알고리즘 공부 힘드셨죠? 차례차례 어떤 순서로 공부할지 알아봅시다!', 3, 2, '오체풀만족과 함께 하는 알고리즘 차례차례 공부해보기!', 1, 11),
	(7, '2022-08-17 01:33:19.058704', '2022-08-17 17:26:37', 'https://firebasestorage.googleapis.com/v0/b/moggozi-2be28.appspot.com/o/challenge%2F7?alt=media&token=cbdcd7f5-6a6d-432a-8bd1-f4d342950021', '<p>제 나이 27살, 자취 시작한지 8개월 차입니다. 그동안 익히고 느껴온 것들을 공유해볼까 해요. 다들 즐거운 자취러가 되봅시다!</p>', '자취 시작한지 어언 8개월 하고도 17일... 그동안 쌓인 요리 노하우를 배워보실래요?', 2, 4, '자취 요리, 기본만 익혀봅시다', 1, 11),
	(8, '2022-08-17 01:34:33.045566', '2022-08-17 16:09:48', 'https://firebasestorage.googleapis.com/v0/b/moggozi-2be28.appspot.com/o/challenge%2F8?alt=media&token=19d97cf7-9bd8-4ac0-aa18-ccc5f285bfb8', '<p>악필에서 벗어나 이쁜 나만의 글씨를 써보기</p>', '캘리그라피를 시작해보자!', 2, 4, '캘리그라피', 1, 1),
	(9, '2022-08-17 02:11:19.532881', '2022-08-17 02:14:54', 'https://firebasestorage.googleapis.com/v0/b/moggozi-2be28.appspot.com/o/challenge%2F9?alt=media&token=75f6d1e2-e57e-4d1b-a4a5-3298567fa83c', '<p><span class="ql-size-huge" style="color: rgb(230, 0, 0);">파스타</span><span class="ql-size-large">를 만들어 봅시다!</span></p><ul><li>밖에서 사먹으면 만오천원! 집에서 먹으면 한끼에 3천원! </li><li>건강에도 좋아 맛도 좋아 지중해의 토마토의 향기를 느껴보아요</li></ul>', '맛난 파스타를 만들어 보야요', 2, 0, '파스타 만들기', 1, 8),
	(10, '2022-08-17 02:20:35.829176', '2022-08-17 02:28:10', 'https://firebasestorage.googleapis.com/v0/b/moggozi-2be28.appspot.com/o/challenge%2F10?alt=media&token=938e339e-4a0d-46d7-a46a-59cbac2a9068', '<ul><li>나날히 발전하는 경제사회에서 새로운 음식에 대한 관심이 높아지고 있다.</li><li>요즘들어 등장하는 오마카세. 우리도 한번 먹어보자 그 오마카세</li></ul><p><br></p><ul><li><span class="ql-size-huge">준비해야할 것</span></li></ul><ol><li><span class="ql-size-large">아주 좋은 회칼</span></li><li><span class="ql-size-large">먹고싶다는 의지</span></li><li><span class="ql-size-large">좋은 횟감을 살 수 있는 </span><strong class="ql-size-large" style="color: rgb(153, 51, 255);">자본주의적 축복</strong></li></ol>', '맛난 스시를 만들어봐요', 3, 0, '스시를 만들어보자', 1, 8),
	(11, '2022-08-17 03:14:30.528878', '2022-08-17 17:24:45', 'https://firebasestorage.googleapis.com/v0/b/moggozi-2be28.appspot.com/o/challenge%2F11?alt=media&token=3c1ac21c-e352-417c-890b-35cfa13722f8', '<p><strong class="ql-size-large">현재 전국의 천문대 수가 70~80개 소에 이른다는 걸 알고계신가요?</strong></p><p><br></p><blockquote>저는 별을 좋아하지만 도시에 살아 별을 잘 볼 수 없었던 것이 늘 아쉬웠어요.</blockquote><p><br></p><blockquote>조금만 외곽으로 나가면 밤하늘의 은하수를 두 눈 가득 담을 수 있다니, 정말 멋진 일 아닌가요?</blockquote><p><br></p><p>저와 같이 별을 좋아하는 취미를 가진 누군가를 위해, 별을 가장 밝고 시원하게 볼 수 있는 명소를 소개합니다.</p><p><br></p><p>1단계에서는 우선 특별한 장비없이도 별을 잘 찍을 수 있는 방법에 대해 알아보고, 차근차근 가까운 지역부터 별을 만나러 가봅시다.</p>', '별을 좋아하지만 별과 관련된 취미를 어떻게 시작해야할지 막막하셨나요?\n그런 분들을 위해 은하수 명소를 방문할 수 있는 챌린지를 마련하였습니다.', 1, 3, '전국의 밤하늘 명소를 정복해보자.', 1, 18),
	(12, '2022-08-17 04:17:59.639206', '2022-08-18 15:26:49', 'https://firebasestorage.googleapis.com/v0/b/moggozi-2be28.appspot.com/o/challenge%2F12?alt=media&token=0dddb098-6d75-449b-8354-a6d2b276321b', '<p><strong class="ql-size-large">혹시 양쯔강에 고래가 존재했다는 이야기 들어보신 적 있나요?</strong></p><p><br></p><blockquote>고래는 실로 놀라운 동물입니다.</blockquote><blockquote>바다에 살지만 새끼를 낳는 포유류이면서 극지방부터 민물까지 존재하지 않은 곳이 없습니다.</blockquote><blockquote>많은 고래들이 행복한 자신의 삶을 살 수 있도록 고래를 좋아하는 사람들을 위한 공부 취미 챌린지를 기획해 보았습니다 ~ 🐳</blockquote>', '깊은 심해에는 130만 마리의 다양한 고래가 살고 있습니다.\n우리와 친숙한 돌고래부터, 저 먼 극지방에 사는 고래까지.\n고래가 존재하지 않는 바다는 없습니다. 고래에 대해 저와 함께 공부해보지 않으실래요?', 1, 6, '고래에 관해 A 부터 Z 까지 알기', 1, 18),
	(13, '2022-08-17 08:25:17.149402', '2022-08-17 15:42:36', 'https://firebasestorage.googleapis.com/v0/b/moggozi-2be28.appspot.com/o/challenge%2F13?alt=media&token=3279652c-8520-4369-87ed-644b45ae26fd', '<p><strong class="ql-size-large">쉽고 재미있게 읽히는 책을 고르고 골라 챌린지로 기획하였습니다.</strong></p><p><br></p><blockquote>민음사 세계 문학 전집의 대표 작품들을 소개합니다.</blockquote><blockquote>이 번 챌린지를 기획하며 저는 제 사심을 아주 듬뿍 담았습니다.</blockquote><blockquote>한 권 한 권 읽으며 자신에게 인상 깊었던 문구를 공유해 봅시다 ☺</blockquote><blockquote>포스팅을 업로드 하면 많은 유저들과 더욱 더 풍성한 이야기를 나누실 수 있어요!~ 😎</blockquote>', '세계 문학 전집의 압도적 양에 매 번 좌절했던 경험이 있나요? 😥\n세계 문학 전집 중에서도 쉽게 문학에 다가갈 수 있는 알짜만 쏙 뽑아 챌린지를 기획하였습니다. 🥰\nLet\'s go! 함께 도전해 봅시다! 🐾', 2, 4, '세계문학에 한 발 더 가까워 지기', 1, 17),
	(14, '2022-08-17 09:54:00.034940', '2022-08-17 11:29:33', 'https://firebasestorage.googleapis.com/v0/b/moggozi-2be28.appspot.com/o/challenge%2F14?alt=media&token=a8f7d394-b8e8-480a-b3ab-91281bb770cf', '<p><strong class="ql-size-large">식물을 키우고 싶지만, 어떤 식물부터 시작해야할지 고민이셨나요?</strong></p><p><br></p><p>우리는 상추부터 차근차근 키워보기로 했습니다.</p><p><br></p><p>하나 둘 식물을 성장시키다 보면, 보람과 함께 어느새 식집사로 성장한 스스로를 발견할 수 있을거에요!</p>', '식물을 키우고 싶지만, 어떤 식물부터 시작해야할지 고민이셨나요? 상추부터 차근차근 식물을 키워봅시다! \n스테이지를 한스텝씩 성공하다보면, 미래의 식집사 머지않았습니다~🍀', 2, 1, '나도 미래의 식집사 🌱', 1, 17),
	(15, '2022-08-17 10:46:22.910039', '2022-08-17 16:11:01', 'https://firebasestorage.googleapis.com/v0/b/moggozi-2be28.appspot.com/o/challenge%2F15?alt=media&token=f3a734b0-8ed6-4fe1-ab68-c5ab9c6950d4', '<p><strong class="ql-size-large">오기가미 나오코의 작품 중 가장 유명한 영화를 꼽으라면 카모메 식당을 빼놓을 수 없습니다.</strong></p><p><strong class="ql-size-large">﻿</strong></p><p><span class="ql-size-large">그녀의 영화는 마블 영화와 같은 화려함은 없지만 잔잔한 여운을 오랫동안 남깁니다.</span></p><p><br></p><p><span class="ql-size-large">﻿바쁜 삶에 지쳐 여유로움을 느끼고 싶다면 주말마다 한 편씩 감상해보는 건 어떠세요?</span></p><p><br></p><p><span class="ql-size-large">이게 뭐지? 하면서 슬며시 다른 작품을 찾아보고 있는 자신을 발견할지도 몰라요~😉</span></p>', '일본의 감독, 오기가미 나오코를 아시나요? 영화는 느리고 단조로워 보이지만, 따뜻함과 포근함이 가득합니다.\n영화를 좋아하지만 색다른 취향을 즐기고 싶다면 그녀의 영화가 좋은 선택지가 될 것입니다.', 2, 4, '오기가미 나오코의 힐링 영화 3편🎞', 1, 16),
	(16, '2022-08-17 11:06:43.584038', '2022-08-17 13:45:59', 'https://firebasestorage.googleapis.com/v0/b/moggozi-2be28.appspot.com/o/challenge%2F16?alt=media&token=f67e84fb-8464-4086-b71a-ee61f52a1f61', '<p>사람들을은 항상 무언가를 보고 있습니다. 시대에 따라 그 대상이 변하기는 했지만 사람들은 항상 무언가를 보고 있어요.</p><p><br></p><p>무엇을 보는지는 제각각 다르지만 요즘 시대에는 보편적으로 스마트폰이라고 볼 수 있죠. 가만히 서서, 걸으면서, 누워서 스마트폰을 보고 있습니다.</p><p><br></p><p>사실 그들은 단순히 보는 것 이상의 활동을 하고 있어요. 정보를 받아들이고 있다는 말입니다. </p><p><br></p><p>얼핏 보면 책을 보는 것과 다를 바 없다고 생각할 수도 있습니다. 하지만 전 그렇게 생각하진 않아요.</p><p><br></p><p>스마트폰에 담겨져 있는 수많은 정보 매체들은 극한의 편의성을 추구합니다. 사용자들이 이해하기 쉽게, 또는 그렇게 느끼게끔 온갖 작전들이 다 들어가 있죠.</p><p><br></p><p>부담되지 않게 정보 습득에 걸리는 시간을 줄이고, 강조할 것은 강조하고 어떤 사실은 부풀리기도 하며 이른바 가독성, 또는 확 와닿는 느낌을 주기 위해 아주 잘 만들어진 무언가죠.</p><p><br></p><p>하지만 책은 어떤가요? 책은 그렇지 않습니다. 기껏해봣자 강조 문구나 글씨체 변환 등이 다죠. 책에서는 저 스스로가 문맥을 짚고 찾아야 합니다.</p><p><br></p><p>그 어떤 작가도 책을 쓰며 독자가 어느 한쪽으로만 기울어지길 원하진 않을 겁니다. 정보의 바다에 떠다니는 그 정보들과 가장 큰 차이점이죠.</p><p><br></p><p>그렇기 때문에 책을 읽어야 합니다. 만들어진 몰입은 당신에게 그저 몰입하는 느낌만 줄 겁니다.</p>', '책을 읽는다는 것, 취미로 한번 길들어볼까요?', 2, 2, '책을 읽는다는 것, 몰입의 순간', 1, 11),
	(17, '2022-08-17 11:54:48.406484', '2022-08-17 13:26:09', 'https://firebasestorage.googleapis.com/v0/b/moggozi-2be28.appspot.com/o/challenge%2F17?alt=media&token=1e2c1b43-6147-4cc8-addb-aa4c20a7fc90', '<p><strong class="ql-size-large">혼밥메이트로 드라마만한 것이 없죠?</strong></p><p><br></p><p><span class="ql-size-large">노희경 작가님의 작품은 시간 순삭, 가벼운 마음으로 즐길 수 있습니다.</span></p><p><br></p><ul><li><span class="ql-size-large">사람 냄새가 물씬 풍기는 드라마를 찾고 있다면? </span></li></ul><p><br></p><ul><li><span class="ql-size-large">심각한 내용이 아닌 일상 생활의 이야기로 매일매일을 채우고 싶다면?</span></li></ul><p><br></p><p><span class="ql-size-large">위 두 사항에 해당하시는 분은 챌린지 꼭 도전하셔야 합니다! 😉</span></p>', '\'우리들의 블루스\'를 즐겨보셨나요? 비슷한 취향의 작품을 더 즐겨보고 싶진 않나요?\n노희경 작가님의 찐 팬으로서 작가님의 드라마를 더욱 풍성하게 즐길 수 있도록 챌린지를 구성해보았습니다! \n', 2, 3, '시간 순삭, 믿보 드라마!', 1, 16),
	(18, '2022-08-17 13:21:04.113913', '2022-08-17 14:10:54', 'https://firebasestorage.googleapis.com/v0/b/moggozi-2be28.appspot.com/o/challenge%2F18?alt=media&token=75ddc788-239b-4ef7-81fe-a9640ba83aa2', '<p>철학은 무엇일까요? 나와 타인, 그리고 세상 이 셋의 상호작용 이걸 생각해보는 게 바로 철학입니다.</p>', '철학에 입문하고자 하는 이들에게 던지는 가벼운 화두 7개! ', 2, 0, '어렵지 않은 철학! 이렇게 쉽다고?', 1, 11),
	(19, '2022-08-17 14:00:27.722537', '2022-08-17 16:10:11', 'https://firebasestorage.googleapis.com/v0/b/moggozi-2be28.appspot.com/o/challenge%2F19?alt=media&token=7134eb09-7731-499f-953a-37281cd21b1a', '<p><strong class="ql-size-huge">한 청년이 숲속 깊은 곳에 사는 드루이드를 찾아왔다. </strong></p><p><br></p><p><span class="ql-size-large">“저도 드루이드가 되고 싶습니다!”</span></p><p><br></p><p><span class="ql-size-large">“자네. 설마 정말로 드루이드가 되고 싶은 것인가??”</span></p><p><br></p><p><span class="ql-size-large">“네! 여길 오면 ‘드루이드의 길’을 알려주신다고 해서요.”</span></p><p><br></p><p><span class="ql-size-large">"사실 드루이드가 되는 것은 어렵지 않다네.. 한번 알려주는 대로 따라와 보게나.."</span></p><p><br></p><p><br></p><p><strong class="ql-size-huge"><u>스테이지 구성</u></strong></p><p><br></p><p><strong class="ql-size-large">🪴 1. 화분 준비하기</strong></p><p><br></p><p><span class="ql-size-large">🥔 </span><strong class="ql-size-large">2. 고구마 키우기</strong></p><p><br></p><p><strong class="ql-size-large">🍅 3. 토마토 키우기</strong></p><p><br></p><p><strong class="ql-size-large">🍉 4. 제철 과일 키우기</strong></p><p><br></p><p><strong class="ql-size-large">🏞️ 5. (자율) 자연 느껴보기</strong></p><p><br></p><p><br></p><p><br></p>', '우리 주변에 항상 함께하는 여러 식물들! 보기만하고 키워보신적은 있으신가요? \n식물 키우기 어렵지 않아요! \n한번 도전해보는건 어떨까요?', 2, 2, '드루이드 퀘스트 🌱🌿', 1, 15),
	(20, '2022-08-17 14:05:59.593667', '2022-08-17 17:31:10', 'https://firebasestorage.googleapis.com/v0/b/moggozi-2be28.appspot.com/o/challenge%2F20?alt=media&token=1cd66c1e-a494-441f-a2cf-de4d10450267', '<p><span class="ql-size-large">낭만주의, 인상파, 초현실주의 등등 시대를 일컫는 특징적 용어가 있죠.</span></p><p><span class="ql-size-large">하지만 현대 미술은 그 경계가 모호합니다.</span></p><p><span class="ql-size-large">뚜렷한 특징을 지을 수 없다는 뜻인데요~</span></p><p><span class="ql-size-large">어떻게 즐겨야할지 방법을 잘 몰라 미술관을 가기 두렵지 않으셨나요?</span></p><p><span class="ql-size-large">한국의 화가들과 친숙해지면서 현대미술에 한 발자국 더 가까워지세요~</span></p><p><br></p><p><strong class="ql-size-large">예술은 무엇을 많이 아는것이 아니라 어떻게 즐길 수 있는지 방법을 터득하는 것입니다. 🥰</strong></p>', '낭만주의, 인상파, 초현실주의 등등 시대를 일컫는 특징적 용어가 있죠~\n하지만 현대 미술은 그 경계가 모호합니다.\n미술을 알고싶지만 어떻게 즐겨야할지 몰랐던 당신을 위해 준비한 챌린지 입니다 😎', 3, 2, '현대 미술에 한 발자국 가까워져보자!', 1, 20),
	(21, '2022-08-17 14:18:24.862767', '2022-08-17 14:25:32', 'https://firebasestorage.googleapis.com/v0/b/moggozi-2be28.appspot.com/o/challenge%2F21?alt=media&token=cafbaf9b-cd2c-4861-aebf-852cd1840ec4', '<p>배그할사람 구합니다 연락주세요</p>', '배그할사람 치킨 먹여드려요', 1, 1, '배그할사람 구해요', 0, 5),
	(23, '2022-08-17 15:03:47.877374', '2022-08-17 16:16:37', 'https://firebasestorage.googleapis.com/v0/b/moggozi-2be28.appspot.com/o/challenge%2F23?alt=media&token=928b1f3b-b75d-4815-bfbd-12621494fa8d', '<p>저는 클래식에 대해 잘 알지는 못하지만, 제가 클래식을 시작하는데 큰 영향을 미친 피아니스트들이 있습니다.</p><p><br></p><p>바흐를 즐기기 시작하게 된 것은 지용의 골든베르크 변주곡 앨범 덕분입니다.</p><p><br></p><p>조성진의 드뷔시 앨범은 찬란하다는 느낌을 들게 한다면, 임윤찬의 라흐마니노프는 경이로움에 빠지게 합니다.</p><p><br></p><p>협주곡 몇 번, 어떤 악장의 이름을 아는 것이 중요한 것이 아닙니다.</p><p><br></p><p><strong>자신의 취향에 맞는 음악, 귀를 즐겁게 하는 음악 이번 기회에 같이 찾아보는 건 어떨까요? 🎹</strong></p>', '최근 반 클라이번 콩쿠르에서 임윤찬 피아니스트가 우승을 하며 큰 화제가 되었는데요.\n클래식에 관한 관심도 함께 높아졌지만, 클래식은 너무 방대하고 어렵습니다.\n한국의 피아니스트들과 함께 클래식에 가까워져보세요!', 2, 2, '한국의 피아니스트', 1, 20),
	(27, '2022-08-17 16:33:23.127884', '2022-08-18 11:45:31', '', '<p><strong class="ql-size-huge">피그마라는 툴을 이용해,</strong></p><p><strong class="ql-size-huge">간단한 일러스트를 따라 그려봅시다.!</strong></p><p><br></p><p><br></p><p><span class="ql-size-large">물론 피그마가 아니어도 좋아요! 곡</span></p><p><br></p><p><span class="ql-size-large">선을 드래그로 그릴 수 있는 모든 툴이면 가능합니다.</span></p><p><br></p><p><span class="ql-size-large">예를 들면 포토샵이나, 파워포인트 같은 것이라도요!</span></p>', '간단한 일러스트를 그려보아요', 1, 0, '피그마로 일러스트 그려보기! 🖼️', 0, 15),
	(28, '2022-08-17 17:10:55.736059', '2022-08-17 17:13:02', 'https://firebasestorage.googleapis.com/v0/b/moggozi-2be28.appspot.com/o/challenge%2F28?alt=media&token=da1de072-58d5-4e46-8b6c-618475aea68d', '<p>기본 웹 프로젝트를 생성하고 배포까지 해봅시다!</p>', '웹 제작을 해봅시다!', 3, 1, '웹 제작을 제작하고 배포해봅시다!', 1, 17),
	(29, '2022-08-18 10:07:42.972487', '2022-08-18 10:07:44', 'https://firebasestorage.googleapis.com/v0/b/moggozi-2be28.appspot.com/o/challenge%2F29?alt=media&token=e8fc970d-8de2-42db-94f7-73279340e3dd', '<p>시연용</p>', '시연용', 1, 0, '시연용', 0, 11),
	(31, '2022-08-18 15:31:30.544448', '2022-08-18 15:31:31', 'https://firebasestorage.googleapis.com/v0/b/moggozi-2be28.appspot.com/o/challenge%2F31?alt=media&token=bd973bb5-e6a1-4698-b513-41207ee9d87f', '<p><span class="ql-size-huge">한국의 여러 명산에 대해 알아보고!</span></p><p><br></p><p><span class="ql-size-huge">직접 한번 다녀와 보자!</span></p>', '한국의 명산을 다녀보자!', 2, 0, '한국의 명산 등반 챌린지😎', 0, 30),
	(32, '2022-08-18 23:56:47.099976', '2022-08-19 01:17:03', 'https://firebasestorage.googleapis.com/v0/b/moggozi-2be28.appspot.com/o/challenge%2F32?alt=media&token=fd6da3b8-a504-455e-87b2-a6c06262716a', '<blockquote>여름은 밤하늘을 관찰하기 정말 좋은 계절이죠!</blockquote><blockquote><br></blockquote><blockquote>도시의 열대야가 우리를 괴롭힌다면 주위 공기가 맑고 불빛이 적은 곳으로 짧은 여행을 떠나보는건 어떨까요?</blockquote><blockquote><br></blockquote><blockquote>대청마루에 누워 밤하늘을 바라보면 쏟아질 것 같은 별들에 눈을 뗄 수 없습니다.</blockquote><blockquote><br></blockquote><blockquote>이 기회에 별자리를 찾는 취미를 가져보는 건 어떠세요?</blockquote><blockquote><br></blockquote><blockquote>별들의 이야기가 궁금한 당신을 위해 여름을 알리는 별자리들을 소개합니다.</blockquote>', '취미 화려할 것 있나요? 자신을 행복하게 만드는 그 무언가! 그것이 취미가 됩니다.\n이번 챌린지에서 여름 밤하늘에서 만날 수 있는 별자리에 대해 소개합니다. \n무한한 밤하늘의 숨은 이야기 같이 알아보아요!', 1, 1, '여름을 알리는 별자리들', 1, 18),
	(33, '2022-08-19 00:03:03.641086', '2022-08-19 00:03:04', 'https://firebasestorage.googleapis.com/v0/b/moggozi-2be28.appspot.com/o/challenge%2F33?alt=media&token=7a7a2a3f-c871-4c71-b589-0867d58a2c5c', '<p>123</p>', '123', 1, 0, '123', 0, 15),
	(34, '2022-08-19 00:05:40.331163', '2022-08-19 00:05:41', 'https://firebasestorage.googleapis.com/v0/b/moggozi-2be28.appspot.com/o/challenge%2F34?alt=media&token=4bf79db6-f207-4816-92c5-d2399d8d325a', '<p>111</p>', 'test', 2, 0, '111', 0, 15),
	(35, '2022-08-19 00:06:37.570471', '2022-08-19 00:06:38', 'https://firebasestorage.googleapis.com/v0/b/moggozi-2be28.appspot.com/o/challenge%2F35?alt=media&token=bb370cc1-4381-401b-98a8-e8ca2b8ae6e5', '<p>test</p>', 'test', 1, 0, 'test', 0, 15),
	(36, '2022-08-19 00:09:59.847903', '2022-08-19 00:10:00', 'https://firebasestorage.googleapis.com/v0/b/moggozi-2be28.appspot.com/o/challenge%2F36?alt=media&token=c6d60104-526e-485c-809b-12e7309ededf', '<p>test</p>', 'test', 1, 0, 'test', 0, 15),
	(37, '2022-08-19 00:11:04.232265', '2022-08-19 00:11:05', 'https://firebasestorage.googleapis.com/v0/b/moggozi-2be28.appspot.com/o/challenge%2F37?alt=media&token=50b76c10-c964-44a3-be5b-97e3bc40761b', '<p>test</p>', 'test', 1, 0, 'test', 0, 15);

-- 테이블 moggozi.challenge_like 구조 내보내기
CREATE TABLE IF NOT EXISTS `challenge_like` (
  `id` bigint(20) NOT NULL AUTO_INCREMENT,
  `challenge_id` bigint(20) DEFAULT NULL,
  `member_id` bigint(20) DEFAULT NULL,
  PRIMARY KEY (`id`),
  KEY `FKj62k3nx428e77lfhv91g7hkjw` (`challenge_id`),
  KEY `FKruk0uw2n2hqexms7xbly0683l` (`member_id`),
  CONSTRAINT `FKj62k3nx428e77lfhv91g7hkjw` FOREIGN KEY (`challenge_id`) REFERENCES `challenge` (`id`),
  CONSTRAINT `FKruk0uw2n2hqexms7xbly0683l` FOREIGN KEY (`member_id`) REFERENCES `member` (`member_id`)
) ENGINE=InnoDB AUTO_INCREMENT=52 DEFAULT CHARSET=utf8mb4;

-- 테이블 데이터 moggozi.challenge_like:~51 rows (대략적) 내보내기
INSERT INTO `challenge_like` (`id`, `challenge_id`, `member_id`) VALUES
	(1, 2, 1),
	(2, 2, 11),
	(3, 8, 1),
	(4, 8, 18),
	(5, 1, 18),
	(6, 1, 15),
	(7, 8, 15),
	(8, 6, 11),
	(9, 12, 17),
	(10, 13, 17),
	(11, 7, 11),
	(12, 11, 16),
	(13, 1, 16),
	(14, 15, 16),
	(15, 14, 16),
	(16, 13, 16),
	(17, 12, 16),
	(18, 17, 16),
	(19, 1, 19),
	(20, 17, 19),
	(21, 15, 19),
	(22, 17, 18),
	(23, 12, 18),
	(24, 7, 18),
	(25, 16, 18),
	(26, 12, 20),
	(27, 16, 20),
	(28, 15, 20),
	(29, 21, 21),
	(30, 19, 15),
	(31, 20, 20),
	(32, 12, 1),
	(33, 23, 20),
	(34, 13, 11),
	(35, 13, 8),
	(36, 8, 4),
	(37, 19, 22),
	(38, 15, 22),
	(39, 11, 22),
	(40, 7, 22),
	(41, 23, 22),
	(42, 28, 17),
	(43, 11, 26),
	(44, 7, 26),
	(45, 1, 26),
	(46, 20, 26),
	(47, 5, 11),
	(48, 5, 15),
	(49, 12, 30),
	(50, 6, 32),
	(51, 32, 18);

-- 테이블 moggozi.challenge_tag 구조 내보내기
CREATE TABLE IF NOT EXISTS `challenge_tag` (
  `id` bigint(20) NOT NULL AUTO_INCREMENT,
  `challenge_id` bigint(20) DEFAULT NULL,
  `tag_id` bigint(20) DEFAULT NULL,
  PRIMARY KEY (`id`),
  KEY `FKrq2f5jl2j8tw5iqp1pucvkwar` (`challenge_id`),
  KEY `FKoc8gmcghr5s20kf7l6ch56kbg` (`tag_id`),
  CONSTRAINT `FKoc8gmcghr5s20kf7l6ch56kbg` FOREIGN KEY (`tag_id`) REFERENCES `tag` (`id`),
  CONSTRAINT `FKrq2f5jl2j8tw5iqp1pucvkwar` FOREIGN KEY (`challenge_id`) REFERENCES `challenge` (`id`)
) ENGINE=InnoDB AUTO_INCREMENT=256 DEFAULT CHARSET=utf8mb4;

-- 테이블 데이터 moggozi.challenge_tag:~78 rows (대략적) 내보내기
INSERT INTO `challenge_tag` (`id`, `challenge_id`, `tag_id`) VALUES
	(3, 1, 1),
	(4, 1, 3),
	(5, 2, 4),
	(6, 2, 5),
	(19, 5, 8),
	(20, 5, 9),
	(21, 5, 10),
	(22, 5, 11),
	(29, 6, 12),
	(30, 6, 13),
	(31, 6, 14),
	(32, 6, 15),
	(50, 8, 20),
	(51, 8, 19),
	(52, 9, 16),
	(53, 9, 21),
	(54, 9, 17),
	(55, 10, 22),
	(56, 10, 21),
	(69, 11, 25),
	(70, 11, 23),
	(71, 11, 24),
	(85, 12, 26),
	(86, 12, 29),
	(108, 13, 30),
	(109, 13, 1),
	(110, 13, 3),
	(114, 14, 31),
	(115, 14, 32),
	(116, 14, 33),
	(120, 7, 16),
	(121, 7, 17),
	(122, 7, 18),
	(147, 16, 3),
	(148, 16, 37),
	(149, 16, 38),
	(150, 15, 34),
	(151, 15, 35),
	(152, 15, 36),
	(156, 17, 39),
	(157, 17, 40),
	(158, 17, 35),
	(159, 18, 41),
	(160, 18, 42),
	(161, 18, 43),
	(168, 4, 2),
	(169, 4, 7),
	(194, 20, 46),
	(195, 20, 47),
	(196, 20, 48),
	(197, 20, 49),
	(198, 21, 50),
	(200, 19, 44),
	(201, 19, 32),
	(202, 19, 45),
	(203, 19, 36),
	(212, 23, 51),
	(213, 23, 48),
	(214, 23, 52),
	(215, 23, 53),
	(229, 28, 59),
	(230, 28, 60),
	(231, 29, 12),
	(233, 27, 55),
	(234, 27, 56),
	(235, 27, 57),
	(236, 27, 58),
	(237, 31, 62),
	(238, 31, 63),
	(239, 31, 4),
	(246, 32, 23),
	(247, 32, 64),
	(248, 32, 65),
	(249, 33, 44),
	(250, 34, 44),
	(251, 35, 44),
	(252, 36, 44),
	(253, 37, 44);

-- 테이블 moggozi.comment 구조 내보내기
CREATE TABLE IF NOT EXISTS `comment` (
  `id` bigint(20) NOT NULL AUTO_INCREMENT,
  `created_date` datetime(6) DEFAULT NULL,
  `modified_date` datetime(6) DEFAULT NULL,
  `comment_order` int(11) NOT NULL,
  `parent` bigint(20) DEFAULT NULL,
  `state` int(11) NOT NULL,
  `text` varchar(300) DEFAULT NULL,
  `member_id` bigint(20) DEFAULT NULL,
  `post_id` bigint(20) DEFAULT NULL,
  PRIMARY KEY (`id`),
  KEY `FKmrrrpi513ssu63i2783jyiv9m` (`member_id`),
  KEY `FKs1slvnkuemjsq2kj4h3vhx7i1` (`post_id`),
  CONSTRAINT `FKmrrrpi513ssu63i2783jyiv9m` FOREIGN KEY (`member_id`) REFERENCES `member` (`member_id`),
  CONSTRAINT `FKs1slvnkuemjsq2kj4h3vhx7i1` FOREIGN KEY (`post_id`) REFERENCES `post` (`post_id`)
) ENGINE=InnoDB AUTO_INCREMENT=37 DEFAULT CHARSET=utf8mb4;

-- 테이블 데이터 moggozi.comment:~35 rows (대략적) 내보내기
INSERT INTO `comment` (`id`, `created_date`, `modified_date`, `comment_order`, `parent`, `state`, `text`, `member_id`, `post_id`) VALUES
	(1, '2022-08-16 22:44:53.249117', '2022-08-16 22:44:53.249117', 0, 0, 1, '하잇!', 1, 1),
	(2, '2022-08-16 22:49:42.506473', '2022-08-16 22:49:42.506473', 0, 1, 1, '호오있!', 8, 1),
	(3, '2022-08-17 00:20:18.393560', '2022-08-17 00:20:18.393560', 0, 0, 1, '저는 한 세 번은 읽은거 같아요! 다시 읽어도 넘나 명작!', 3, 2),
	(4, '2022-08-17 02:09:18.776692', '2022-08-17 02:09:18.776692', 0, 0, 1, '저도 이번 휴가에 도전합니다! 😉', 13, 2),
	(5, '2022-08-17 11:27:11.533703', '2022-08-17 11:27:11.533703', 0, 0, 1, '상실은 익숙해지기 힘든 감정 같아요. 저도 이번 여름 휴가 때 도전해보겠습니당~', 16, 9),
	(6, '2022-08-17 11:27:40.679370', '2022-08-17 11:27:40.679370', 0, 0, 1, '카페와 아메리카노는 독서하기에 역시 안성맞춤!', 16, 11),
	(7, '2022-08-17 13:27:08.525123', '2022-08-17 13:27:22.483683', 0, 0, 1, '정말 좋은 소식이네요~😚', 18, 13),
	(8, '2022-08-17 13:28:13.673099', '2022-08-17 13:28:20.365950', 0, 0, 1, 'wow! 😱😱😍😘😘😘😘', 18, 14),
	(9, '2022-08-17 15:25:35.076810', '2022-08-17 15:25:35.076810', 0, 0, 1, '여긴 가봐야지 가봐야지 하면서 매번 미루고 있네요! 😥', 20, 16),
	(10, '2022-08-17 15:26:31.487606', '2022-08-17 15:26:31.487606', 0, 0, 1, '귀여웡 🤩', 20, 17),
	(11, '2022-08-17 15:27:29.932703', '2022-08-17 15:27:29.932703', 0, 0, 1, '나나미인지 나나오인지 여자 주인공 죽었던 게 생각나네 또 누구 죽었었나?', 11, 9),
	(12, '2022-08-17 15:28:04.671692', '2022-08-17 15:28:04.671692', 0, 0, 1, '켈리그라피 하는 사람 처음 봐 어머 ', 11, 24),
	(13, '2022-08-17 15:28:47.079844', '2022-08-17 15:28:47.079844', 0, 0, 1, '못 들면 더 나은 사람 안되나요.. ㅠ ', 11, 5),
	(14, '2022-08-17 15:29:11.323231', '2022-08-17 15:29:11.323231', 0, 7, 1, '그러게요', 11, 13),
	(15, '2022-08-17 16:54:48.743181', '2022-08-17 16:54:48.743181', 0, 0, 1, '바다에서 행복하게 살아야해!!', 17, 13),
	(16, '2022-08-17 16:55:01.553670', '2022-08-17 16:55:01.553670', 0, 15, 1, '꼭!!', 17, 13),
	(17, '2022-08-17 16:57:08.722746', '2022-08-17 16:57:08.722746', 0, 0, 1, '폴짝!\n', 17, 17),
	(19, '2022-08-17 17:08:23.010915', '2022-08-17 17:08:23.010915', 0, 18, 1, '예뻐요!!', 17, 18),
	(20, '2022-08-17 17:19:36.438124', '2022-08-17 17:19:36.438124', 0, 0, 1, '추천추천', 26, 47),
	(21, '2022-08-17 17:21:37.546610', '2022-08-17 17:21:37.546610', 0, 0, 1, '머리도 말랑말랑 보고있으면 미소가 저절로!\n', 26, 48),
	(22, '2022-08-17 17:25:00.768925', '2022-08-17 17:25:00.768925', 0, 0, 1, '너무 멋진걸요!', 26, 15),
	(23, '2022-08-17 17:26:00.478699', '2022-08-17 17:26:00.478699', 0, 0, 1, '카메라를 저는 챙겨가겠습니다. 휴대폰도 좋지만 은하수는 확실히 카메라가 굳', 26, 28),
	(24, '2022-08-17 17:26:21.412744', '2022-08-17 17:26:21.412744', 0, 0, 1, '맞아요!', 26, 49),
	(25, '2022-08-17 17:37:32.161828', '2022-08-17 17:37:32.161828', 0, 0, 1, '고우고우!', 26, 36),
	(26, '2022-08-17 17:38:16.102210', '2022-08-17 17:38:16.102210', 0, 0, 1, '저 악필인데... 이 과정 따라가면 악필 벗어날 수 있을 것 같습니다! 화이링!', 26, 37),
	(27, '2022-08-17 17:44:50.931487', '2022-08-17 17:44:50.931487', 0, 0, 1, '치얼스', 26, 26),
	(28, '2022-08-18 09:11:38.425916', '2022-08-18 09:11:38.425916', 0, 0, 1, '대단해요!!', 28, 11),
	(29, '2022-08-18 14:53:02.810801', '2022-08-18 14:53:02.810801', 0, 0, 1, '너무 좋은 글귀네요♥', 30, 10),
	(30, '2022-08-18 14:54:11.038713', '2022-08-18 14:54:11.038713', 0, 0, 1, '저도 이책 봤습니다. 너무 좋았어요 추천합니다! 🎈', 15, 10),
	(31, '2022-08-18 14:55:01.413636', '2022-08-18 14:55:01.413636', 0, 0, 1, '저도 꼭 보고 싶습니다!', 15, 10),
	(32, '2022-08-18 14:56:33.969880', '2022-08-18 14:56:33.969880', 0, 0, 1, '정말 대단해요!', 30, 11),
	(33, '2022-08-18 15:26:32.858677', '2022-08-18 15:26:32.858677', 0, 0, 1, '정말 좋은 소식입니다!', 30, 13),
	(34, '2022-08-18 22:59:06.394087', '2022-08-18 22:59:06.394087', 0, 0, 1, '철학은 심오한 영역이죠...', 32, 27),
	(35, '2022-08-18 22:59:16.821735', '2022-08-18 22:59:16.821735', 0, 0, 1, '예..?', 32, 20),
	(36, '2022-08-18 22:59:47.151889', '2022-08-18 22:59:47.151889', 0, 0, 1, '저도 이방인으로 레포트를 작성했었는데 많이 힘든 기억이 있네요.', 8, 27);

-- 테이블 moggozi.follow 구조 내보내기
CREATE TABLE IF NOT EXISTS `follow` (
  `id` bigint(20) NOT NULL AUTO_INCREMENT,
  `created_date` datetime(6) DEFAULT NULL,
  `modified_date` datetime(6) DEFAULT NULL,
  `from_member_id` bigint(20) DEFAULT NULL,
  `to_member_id` bigint(20) DEFAULT NULL,
  PRIMARY KEY (`id`),
  KEY `FKihjspg8lwuxxwo2lyjupy01wh` (`from_member_id`),
  KEY `FKr3ok8t5vaple10dt0ufw9bmj0` (`to_member_id`),
  CONSTRAINT `FKihjspg8lwuxxwo2lyjupy01wh` FOREIGN KEY (`from_member_id`) REFERENCES `member` (`member_id`),
  CONSTRAINT `FKr3ok8t5vaple10dt0ufw9bmj0` FOREIGN KEY (`to_member_id`) REFERENCES `member` (`member_id`)
) ENGINE=InnoDB AUTO_INCREMENT=70 DEFAULT CHARSET=utf8mb4;

-- 테이블 데이터 moggozi.follow:~42 rows (대략적) 내보내기
INSERT INTO `follow` (`id`, `created_date`, `modified_date`, `from_member_id`, `to_member_id`) VALUES
	(2, '2022-08-16 23:48:09.503514', '2022-08-16 23:48:09.503514', 3, 13),
	(4, '2022-08-17 10:34:08.116425', '2022-08-17 10:34:08.116425', 16, 17),
	(5, '2022-08-17 11:20:03.612265', '2022-08-17 11:20:03.612265', 16, 18),
	(6, '2022-08-17 14:58:36.174154', '2022-08-17 14:58:36.174154', 10, 15),
	(7, '2022-08-17 15:06:48.013190', '2022-08-17 15:06:48.013190', 22, 15),
	(9, '2022-08-17 15:41:30.162397', '2022-08-17 15:41:30.162397', 8, 11),
	(10, '2022-08-17 15:49:59.065988', '2022-08-17 15:49:59.065988', 11, 18),
	(11, '2022-08-17 15:50:04.766561', '2022-08-17 15:50:04.766561', 11, 20),
	(12, '2022-08-17 15:50:20.190488', '2022-08-17 15:50:20.190488', 11, 17),
	(14, '2022-08-17 15:52:02.897274', '2022-08-17 15:52:02.897274', 18, 15),
	(15, '2022-08-17 15:52:13.738469', '2022-08-17 15:52:13.738469', 18, 17),
	(18, '2022-08-17 15:53:09.184061', '2022-08-17 15:53:09.184061', 8, 18),
	(19, '2022-08-17 15:54:43.443896', '2022-08-17 15:54:43.443896', 20, 11),
	(20, '2022-08-17 15:54:59.454191', '2022-08-17 15:54:59.454191', 20, 18),
	(21, '2022-08-17 15:56:29.737085', '2022-08-17 15:56:29.737085', 17, 20),
	(23, '2022-08-17 16:11:38.290475', '2022-08-17 16:11:38.290475', 22, 18),
	(24, '2022-08-17 16:39:59.358752', '2022-08-17 16:39:59.358752', 1, 22),
	(25, '2022-08-17 17:38:31.826463', '2022-08-17 17:38:31.826463', 26, 1),
	(26, '2022-08-17 17:38:38.952577', '2022-08-17 17:38:38.952577', 26, 15),
	(28, '2022-08-17 17:38:49.484116', '2022-08-17 17:38:49.484116', 26, 18),
	(29, '2022-08-17 17:38:52.123093', '2022-08-17 17:38:52.123093', 26, 11),
	(30, '2022-08-17 17:38:53.170770', '2022-08-17 17:38:53.170770', 26, 17),
	(31, '2022-08-17 17:39:02.778765', '2022-08-17 17:39:02.778765', 26, 3),
	(32, '2022-08-17 17:45:02.337430', '2022-08-17 17:45:02.337430', 26, 8),
	(33, '2022-08-17 17:45:03.686094', '2022-08-17 17:45:03.686094', 26, 20),
	(34, '2022-08-17 17:56:53.766466', '2022-08-17 17:56:53.766466', 26, 16),
	(35, '2022-08-17 17:56:55.896246', '2022-08-17 17:56:55.896246', 26, 22),
	(40, '2022-08-18 09:21:25.458898', '2022-08-18 09:21:25.458898', 17, 26),
	(41, '2022-08-18 09:46:00.853987', '2022-08-18 09:46:00.853987', 28, 26),
	(48, '2022-08-18 11:19:02.247248', '2022-08-18 11:19:02.247248', 4, 17),
	(50, '2022-08-18 11:45:42.058223', '2022-08-18 11:45:42.058223', 4, 18),
	(51, '2022-08-18 11:52:59.560800', '2022-08-18 11:52:59.560800', 15, 18),
	(55, '2022-08-18 15:37:14.699268', '2022-08-18 15:37:14.699268', 30, 15),
	(56, '2022-08-18 15:37:15.832906', '2022-08-18 15:37:15.832906', 30, 4),
	(57, '2022-08-18 15:37:16.910620', '2022-08-18 15:37:16.910620', 30, 8),
	(58, '2022-08-18 15:37:17.603900', '2022-08-18 15:37:17.603900', 30, 11),
	(59, '2022-08-18 15:37:21.426944', '2022-08-18 15:37:21.426944', 30, 18),
	(64, '2022-08-18 16:08:47.091434', '2022-08-18 16:08:47.091434', 18, 4),
	(65, '2022-08-18 16:08:48.119370', '2022-08-18 16:08:48.119370', 18, 22),
	(67, '2022-08-18 16:09:32.881079', '2022-08-18 16:09:32.881079', 18, 16),
	(68, '2022-08-18 16:09:36.009058', '2022-08-18 16:09:36.009058', 18, 20),
	(69, '2022-08-19 01:16:24.594942', '2022-08-19 01:16:24.594942', 36, 18);

-- 테이블 moggozi.hibernate_sequence 구조 내보내기
CREATE TABLE IF NOT EXISTS `hibernate_sequence` (
  `next_not_cached_value` bigint(21) NOT NULL,
  `minimum_value` bigint(21) NOT NULL,
  `maximum_value` bigint(21) NOT NULL,
  `start_value` bigint(21) NOT NULL COMMENT 'start value when sequences is created or value if RESTART is used',
  `increment` bigint(21) NOT NULL COMMENT 'increment value',
  `cache_size` bigint(21) unsigned NOT NULL,
  `cycle_option` tinyint(1) unsigned NOT NULL COMMENT '0 if no cycles are allowed, 1 if the sequence should begin a new cycle when maximum_value is passed',
  `cycle_count` bigint(21) NOT NULL COMMENT 'How many cycles have been done'
) ENGINE=InnoDB SEQUENCE=1;

-- 테이블 데이터 moggozi.hibernate_sequence:~1 rows (대략적) 내보내기
INSERT INTO `hibernate_sequence` (`next_not_cached_value`, `minimum_value`, `maximum_value`, `start_value`, `increment`, `cache_size`, `cycle_option`, `cycle_count`) VALUES
	(1001, 1, 9223372036854775806, 1, 1, 1000, 0, 0);

-- 테이블 moggozi.image 구조 내보내기
CREATE TABLE IF NOT EXISTS `image` (
  `image_id` bigint(20) NOT NULL AUTO_INCREMENT,
  `created_date` datetime(6) DEFAULT NULL,
  `modified_date` datetime(6) DEFAULT NULL,
  `path` varchar(255) DEFAULT NULL,
  `type` varchar(255) DEFAULT NULL,
  PRIMARY KEY (`image_id`)
) ENGINE=InnoDB DEFAULT CHARSET=utf8mb4;

-- 테이블 데이터 moggozi.image:~0 rows (대략적) 내보내기

-- 테이블 moggozi.joined_challenge 구조 내보내기
CREATE TABLE IF NOT EXISTS `joined_challenge` (
  `id` bigint(20) NOT NULL AUTO_INCREMENT,
  `created_date` datetime(6) DEFAULT NULL,
  `modified_date` datetime(6) DEFAULT NULL,
  `state` int(11) NOT NULL,
  `challenge_id` bigint(20) DEFAULT NULL,
  `member_id` bigint(20) DEFAULT NULL,
  PRIMARY KEY (`id`),
  KEY `FKbkiw5vd41nvf8hrstbdx5af4e` (`challenge_id`),
  KEY `FKsxov07oogvx5n8xh981r5s9dt` (`member_id`),
  CONSTRAINT `FKbkiw5vd41nvf8hrstbdx5af4e` FOREIGN KEY (`challenge_id`) REFERENCES `challenge` (`id`),
  CONSTRAINT `FKsxov07oogvx5n8xh981r5s9dt` FOREIGN KEY (`member_id`) REFERENCES `member` (`member_id`)
) ENGINE=InnoDB AUTO_INCREMENT=62 DEFAULT CHARSET=utf8mb4;

-- 테이블 데이터 moggozi.joined_challenge:~55 rows (대략적) 내보내기
INSERT INTO `joined_challenge` (`id`, `created_date`, `modified_date`, `state`, `challenge_id`, `member_id`) VALUES
	(1, NULL, NULL, 1, 2, 8),
	(2, NULL, NULL, 1, 5, 11),
	(3, NULL, NULL, 1, 1, 13),
	(4, NULL, NULL, 1, 5, 4),
	(5, NULL, NULL, 1, 6, 11),
	(6, NULL, NULL, 1, 2, 11),
	(7, NULL, NULL, 1, 6, 14),
	(8, NULL, NULL, 1, 2, 1),
	(9, NULL, NULL, 2, 8, 1),
	(10, NULL, NULL, 1, 10, 15),
	(11, NULL, NULL, 1, 9, 15),
	(12, NULL, NULL, 1, 1, 18),
	(13, NULL, NULL, 1, 1, 15),
	(14, NULL, NULL, 1, 8, 15),
	(15, NULL, NULL, 1, 12, 18),
	(17, NULL, NULL, 1, 12, 17),
	(18, NULL, NULL, 1, 13, 16),
	(19, NULL, NULL, 1, 11, 16),
	(20, NULL, NULL, 1, 12, 16),
	(21, NULL, NULL, 1, 8, 18),
	(22, NULL, NULL, 1, 8, 20),
	(23, NULL, NULL, 1, 1, 11),
	(24, NULL, NULL, 1, 21, 21),
	(25, NULL, NULL, 1, 12, 11),
	(26, NULL, NULL, 1, 21, 5),
	(27, NULL, NULL, 1, 19, 15),
	(28, NULL, NULL, 1, 1, 8),
	(29, NULL, NULL, 1, 12, 1),
	(30, NULL, NULL, 1, 13, 11),
	(31, NULL, NULL, 1, 11, 20),
	(32, NULL, NULL, 1, 8, 11),
	(33, NULL, NULL, 1, 12, 20),
	(34, NULL, NULL, 1, 15, 11),
	(35, NULL, NULL, 1, 15, 18),
	(36, NULL, NULL, 1, 23, 18),
	(37, NULL, NULL, 1, 20, 18),
	(40, NULL, NULL, 1, 8, 4),
	(41, NULL, NULL, 1, 19, 22),
	(42, NULL, NULL, 1, 7, 22),
	(43, NULL, NULL, 1, 23, 22),
	(44, NULL, NULL, 1, 23, 1),
	(46, NULL, NULL, 1, 28, 17),
	(47, NULL, NULL, 1, 28, 26),
	(48, NULL, NULL, 1, 23, 26),
	(49, NULL, NULL, 1, 12, 26),
	(50, NULL, NULL, 1, 7, 26),
	(51, NULL, NULL, 1, 1, 26),
	(53, NULL, NULL, 1, 19, 26),
	(54, NULL, NULL, 1, 8, 26),
	(55, NULL, NULL, 1, 17, 26),
	(56, NULL, NULL, 1, 15, 26),
	(57, NULL, NULL, 1, 1, 28),
	(59, NULL, NULL, 1, 1, 30),
	(60, NULL, NULL, 1, 12, 30),
	(61, NULL, NULL, 1, 1, 36);

-- 테이블 moggozi.member 구조 내보내기
CREATE TABLE IF NOT EXISTS `member` (
  `member_id` bigint(20) NOT NULL AUTO_INCREMENT,
  `fullname` varchar(50) NOT NULL,
  `introduce` varchar(300) DEFAULT NULL,
  `is_private` int(11) NOT NULL,
  `is_social` int(11) NOT NULL,
  `nickname` varchar(30) NOT NULL,
  `password` varchar(300) NOT NULL,
  `user_img` varchar(255) DEFAULT NULL,
  `username` varchar(100) NOT NULL,
  `role_id` bigint(20) DEFAULT NULL,
  PRIMARY KEY (`member_id`),
  UNIQUE KEY `UK_hh9kg6jti4n1eoiertn2k6qsc` (`nickname`),
  UNIQUE KEY `UK_gc3jmn7c2abyo3wf6syln5t2i` (`username`),
  KEY `FKlbuumwsri52xyuj5w46spn9j8` (`role_id`),
  CONSTRAINT `FKlbuumwsri52xyuj5w46spn9j8` FOREIGN KEY (`role_id`) REFERENCES `roles` (`role_id`)
) ENGINE=InnoDB AUTO_INCREMENT=37 DEFAULT CHARSET=utf8mb4;

-- 테이블 데이터 moggozi.member:~36 rows (대략적) 내보내기
INSERT INTO `member` (`member_id`, `fullname`, `introduce`, `is_private`, `is_social`, `nickname`, `password`, `user_img`, `username`, `role_id`) VALUES
	(1, '박상현', '안녕하세요', 1, 1, '이름', '$2a$10$UTaRiANyQTNtPeGdnDVH7efwBn4HfaB9/lwcxOpaLueSj58QLJfMG', NULL, 'kc1876@naver.com', 1),
	(2, '온마음', '복잡한 세상 편하게 살자', 0, 0, '복세편살', '$2a$10$812WkFlIs8oyMshj6C.YhO4gBjyDtvJ/fjnPSPcrf0mKDwr5.2n.2', 'https://firebasestorage.googleapis.com/v0/b/moggozi-2be28.appspot.com/o/user%2F2?alt=media&token=e1eb1b41-e0ac-4fe5-b515-8515b091ad8d', 'onmaeum@naver.com', 2),
	(3, '동그라미', '동투더그투더라미 예!', 0, 0, '동글둥글', '$2a$10$CQS4iqxrY98ECv4OI8pEGOkyduXbVockpEo7XDY/ZPCiB2GFmzZRO', 'https://firebasestorage.googleapis.com/v0/b/moggozi-2be28.appspot.com/o/user%2F3?alt=media&token=927ebbd5-4c87-4224-aaae-fa6a31d1e696', 'circle@naver.com', 2),
	(4, '임윤혁', '', 0, 0, '당구의신', '$2a$10$4nrdGOjsoxLsu.LY.V7rGOMwgNWscGRQdZrQqF6C0Nrbi7aLrbGYG', 'https://firebasestorage.googleapis.com/v0/b/moggozi-2be28.appspot.com/o/user%2F4?alt=media&token=e1f54496-04c1-460b-a694-092a07df5196', 'iyh0413@naver.com', 1),
	(5, '김세진', '', 0, 0, 'sezin', '$2a$10$w4h6ZFoVNtgQ3D2lHuCzZeAHtYmHBJxNdA1191.rM1/hJ7zpIsKLi', 'https://firebasestorage.googleapis.com/v0/b/moggozi-2be28.appspot.com/o/user%2F5?alt=media&token=e3705b1e-9144-4af7-8af4-43aa983818e3', 'rlatpwls15@naver.com', 1),
	(6, 'yh', '', 0, 0, 'q1w2e3r4', '$2a$10$gcGe104mL8c.S3SGGC1OAex.7ZAKkx.lJiasKw4sH3NuIt74FagEy', '', 'chlasnmzx2@naver.com', 2),
	(7, 'YH C', NULL, 0, 1, 'Usery[', '$2a$10$9OYNKcxHMq.vX1cCQmRZPO4FIOiyaDo4q0v.Nbtvzlf4pfSStr5Mu', NULL, 'chlasnmzx2@gmail.com', 1),
	(8, '박세호', '', 1, 0, '누구세호', '$2a$10$5SQGR3kvpV1fEXBooSSoJ.qsIj/ZdCHGV0aNG666xibDrdDUGSrOm', '', 'seho@ssafy.com', 1),
	(9, 'qq', '', 0, 0, 'q1w2e3r41', '$2a$10$nlk6ZaniD0PnxdNO4OHfauS9JaMK/2q07a1jOCD90/4lDucqWlrhC', '', 'chlasnmzx@naver.com', 1),
	(10, '허쟁', NULL, 0, 1, 'UserGu', '$2a$10$5.ApX5ZjVkjJVY6lpHD9WOWiHhcFw0LKoq87bHCExPLLBlfKW9u1m', '', 'gj30347896@gmail.com', 1),
	(11, '조성민', '', 0, 0, '오체풀만족', '$2a$10$Cc1a8EIUVrLBeAX5xe1luOaf5x14s/4Lz0VHy6dZgvV7Tk.YTBaEK', '', 'chob58@naver.com', 1),
	(12, '김봄', '', 0, 0, 'Spring', '$2a$10$AH5GldBZyLRzjZTDeDXf1OFhkHNKvDqLLrf52n9kkpw/5xF.HTukW', '', 'spring@daum.net', 1),
	(13, '한여름', '# 갓생살기!', 0, 0, 'Summer', '$2a$10$ifRuTQQ5ejVmcZIO3XyMZO1fyDY/sEOUI.XhUj2cwE3dwGJQHzozi', 'https://firebasestorage.googleapis.com/v0/b/moggozi-2be28.appspot.com/o/user%2F13?alt=media&token=791f4625-f219-416d-b1e2-a33ee13aae23', 'summer@daum.net', 1),
	(14, '조성민', '', 0, 0, '성민', '$2a$10$PceVDWWRm0AvBfFCOXAMmeN3yTwNBc9vDNsfmKHinjYuDLs8ghCR6', '', 'jmlee9707@naver.com', 1),
	(15, '허재영', '', 1, 0, '@jeng_jeng', '$2a$10$8G2nO2toJkoIh/I7Zp9cLOEDghfJ.GGgEuS01TVKVsxB8XDygSlmG', 'https://firebasestorage.googleapis.com/v0/b/moggozi-2be28.appspot.com/o/user%2F15?alt=media&token=197c8743-cf5d-4523-8203-9f823ff412d9', 'gj3034@naver.com', 1),
	(16, '김하나', 'You Only Live Once! YOLO!', 0, 0, '하나둘셋', '$2a$10$pTNB5lb.q/1TYiwKz54ZH.FLacvjLzGEYRQehajMrQ/7OtQvVA53C', 'https://firebasestorage.googleapis.com/v0/b/moggozi-2be28.appspot.com/o/user%2F16?alt=media&token=dc6a1b48-68e6-4eee-a252-f6a5ad8ab363', 'kimone@naver.com', 1),
	(17, '이선호', '#문학소년 #세계문학 정복하기 #갓생살기', 0, 0, '봄날', '$2a$10$.ZdSPbwOkEChPwXJBuL7KuLnu9GAZUc/LXIWekgOQ2aGBG1f.ilgy', 'https://firebasestorage.googleapis.com/v0/b/moggozi-2be28.appspot.com/o/user%2F17?alt=media&token=45a86b59-05cb-4113-a368-01f9845eda19', 'seonho@ssafy.com', 1),
	(18, '우영우', '제 이름은 우영우입니다. 똑바로 읽어도 거꾸로 읽어도 우영우. 기러기, 토마토, 스위스, 인도인... 역삼역?', 0, 0, '우투더영투더우', '$2a$10$krHT9rP4Mhwov6ewo7bcducMz4tdabXEBbb/gFmS88XtfeAeH64Yu', 'https://firebasestorage.googleapis.com/v0/b/moggozi-2be28.appspot.com/o/user%2F18?alt=media&token=c748cd07-ba9e-44c9-af47-e3a95cc7025a', 'youngwoo@ssafy.com', 1),
	(19, 'Moggozi', '관리자입니다. 불편사항이 있으면 메일주세요', 0, 1, 'Admin', '$2a$10$w/.6KoNW5alstnLIGez9juHZXwN7ladHeyJo75RDwq1OxrhQ233pO', 'https://firebasestorage.googleapis.com/v0/b/moggozi-2be28.appspot.com/o/user%2F19?alt=media&token=464bf993-bc4b-432e-a5d5-aca9d292f81d', 'moggozi.ssafy@kakao.com', 3),
	(20, '정지니', '행운은 나의 것 😎', 0, 0, '지니', '$2a$10$32rcmGrrU1v9cKLO5jHYW...1tSO95jRsD0ZtMha0O0OR7042153G', 'https://firebasestorage.googleapis.com/v0/b/moggozi-2be28.appspot.com/o/user%2F20?alt=media&token=066fef6d-e02c-4cbe-b677-44c6e4652800', 'jinnie@ssafy.com', 1),
	(21, '서녁', '', 0, 0, '찌리리공', '$2a$10$g/GWxM3J8ckeQPoXNuNRceD5fgpQttwMJJW2f50rhisv/ySzp4YIO', '', 'ash___zzz@nate.com', 1),
	(22, '흐쟁', '', 0, 0, 'Tarra', '$2a$10$CdGa2yyboAxwytSZDbLF7e59dNBP.yiFE8vHF45HMCcE5mOPLIF3m', 'https://firebasestorage.googleapis.com/v0/b/moggozi-2be28.appspot.com/o/user%2F22?alt=media&token=b4650311-77d8-44d8-a82f-78a040750ab4', 'gj303@naver.com', 1),
	(23, '허쟁', '', 0, 0, 'BrightMoggo', '$2a$10$/t/HxSReIfPAKmBoPubH3OqOxST6fvNqiZVubyENwpYNdHQjW4oBK', '', 'gj30@naver.com', 1),
	(24, '정완규', '123', 0, 1, '123asd', '$2a$10$x/pw7zK6DZ9ccwDHLSsFXu0lbj6FQv7S/nfkWzdF/2yCPLeMXVbA6', NULL, 'skyship36@naver.com', 1),
	(25, '관리자', '', 0, 0, '관리자', '$2a$10$1eaiBNdDG0u/YPZzZiF.iOQw7LAPHmOpszsIP78A2XUs8MnnzMZ5K', '', 'admin@ssafy.com', 3),
	(26, '리니', '에들린, 친구들은 저를 리니로 불러요~', 0, 0, 'Linnie', '$2a$10$ajac8RsnmZoPMAdyw6LEmeaNcDeSyPH.26x96Ua/wEEujdfX7N.32', 'https://firebasestorage.googleapis.com/v0/b/moggozi-2be28.appspot.com/o/user%2F26?alt=media&token=d2a9113e-416d-4f5a-846b-9a10722e3439', 'linnie@ssafy.com', 1),
	(27, '모꼬지', '', 0, 0, '모꼬지', '$2a$10$7LamZ9yDWLu3DAvYMB1S.e50GdPh/5MxcblN4TRq53JXFrpiFD4nK', 'https://firebasestorage.googleapis.com/v0/b/moggozi-2be28.appspot.com/o/user%2F27?alt=media&token=62dce025-52db-45a2-8841-a2207a32d952', 'moggozi@ssafy.com', 1),
	(28, '김성재', NULL, 0, 1, 'UserDB', '$2a$10$xc4WAmjrwqdAT3XhDoS/SObbIslAwWN6GjZfLpJEvukFHUzfVnYle', NULL, 'gloomybabo@gmail.com', 1),
	(29, '정호진', NULL, 0, 1, 'User^k', '$2a$10$szY2MqinCL8Sv4CTJxaoBurAmrqNukQEJyBtWpGbNQn.jYHjAwTnu', NULL, 'aaaa4012@naver.com', 1),
	(30, '김싸피', '안녕하세요 김싸피입니다.', 0, 0, '나는싸피야', '$2a$10$tMgQPf1U1HbEY9iiZPzFeeGeQbCIu38OMZZMnsaLiA37ywt0LGqM2', '', 'ssafy@naver.com', 1),
	(31, '요한', NULL, 0, 1, 'Useril', '$2a$10$dHpThEOQodSJ0QZBiTk1/ey758CC/1aJzIf/5ztk9anZxsie56s9a', NULL, 'rdg9074@naver.com', 1),
	(32, '박상현', 'hi', 0, 1, 'tesxcc', '$2a$10$6WpjGrPvKPZjuskf82Yq8O9e2aP9GOiB6xqxPNYG.y.6crwxTaB1a', NULL, 'kc18761499@daum.net', 1),
	(33, 'Hojin Jung', NULL, 0, 1, 'UserJs', '$2a$10$LeV2MZKGyCFOUVwP42lJketouUA5Ny.B.INT4whMFAeew6yIvOMiK', NULL, 'hojinnyworld@gmail.com', 2),
	(34, '테스트', '', 0, 0, '123', '$2a$10$wI2ZdpHmR43PRnCmsk3oQOcF9lJnZcWVIu45Fv6G3.ZBk7ZRI5LYy', '', '123@123.com', 1),
	(35, '조성민', NULL, 0, 1, 'UserV-', '$2a$10$D08qBQ.A09j5SoA/AHKhOOVCk5ul2A.xiKuF0ESbDVz7ngTsM9qAi', NULL, 'chob58@paran.com', 1),
	(36, '김에이', '', 0, 0, '에이', '$2a$10$0FaZiWpQOr4PdOtBbKoVnur1Ak0f04/WzyAFgL3ZPW2RB0oWTNX/6', '', 'aa@naver.com', 1);

-- 테이블 moggozi.member_score 구조 내보내기
CREATE TABLE IF NOT EXISTS `member_score` (
  `member_id` bigint(20) NOT NULL,
  `score` bigint(20) NOT NULL DEFAULT 0,
  PRIMARY KEY (`member_id`),
  CONSTRAINT `FK7j311mfb82xw66lxqleobn8xp` FOREIGN KEY (`member_id`) REFERENCES `member` (`member_id`)
) ENGINE=InnoDB DEFAULT CHARSET=utf8mb4;

-- 테이블 데이터 moggozi.member_score:~36 rows (대략적) 내보내기
INSERT INTO `member_score` (`member_id`, `score`) VALUES
	(1, 11),
	(2, 0),
	(3, 0),
	(4, 0),
	(5, 0),
	(6, 0),
	(7, 0),
	(8, 8),
	(9, 0),
	(10, 0),
	(11, 4),
	(12, 0),
	(13, 1),
	(14, 0),
	(15, 2),
	(16, 3),
	(17, 5),
	(18, 4),
	(19, 0),
	(20, 1),
	(21, 0),
	(22, 2),
	(23, 0),
	(24, 0),
	(25, 0),
	(26, 7),
	(27, 0),
	(28, 0),
	(29, 0),
	(30, 2),
	(31, 0),
	(32, 0),
	(33, 0),
	(34, 0),
	(35, 0),
	(36, 0);

-- 테이블 moggozi.member_tag 구조 내보내기
CREATE TABLE IF NOT EXISTS `member_tag` (
  `id` bigint(20) NOT NULL AUTO_INCREMENT,
  `created_date` datetime(6) DEFAULT NULL,
  `modified_date` datetime(6) DEFAULT NULL,
  `member_id` bigint(20) DEFAULT NULL,
  `tag_id` bigint(20) DEFAULT NULL,
  PRIMARY KEY (`id`),
  KEY `FKgodbg35wb92j09pt5pi64udco` (`member_id`),
  KEY `FKcg8t5r0fghpy478wylesc2sfj` (`tag_id`),
  CONSTRAINT `FKcg8t5r0fghpy478wylesc2sfj` FOREIGN KEY (`tag_id`) REFERENCES `tag` (`id`),
  CONSTRAINT `FKgodbg35wb92j09pt5pi64udco` FOREIGN KEY (`member_id`) REFERENCES `member` (`member_id`)
) ENGINE=InnoDB DEFAULT CHARSET=utf8mb4;

-- 테이블 데이터 moggozi.member_tag:~0 rows (대략적) 내보내기

-- 테이블 moggozi.notice 구조 내보내기
CREATE TABLE IF NOT EXISTS `notice` (
  `notice_id` bigint(20) NOT NULL AUTO_INCREMENT,
  `created_date` datetime(6) DEFAULT NULL,
  `modified_date` datetime(6) DEFAULT NULL,
  `content` varchar(255) DEFAULT NULL,
  `title` varchar(255) DEFAULT NULL,
  PRIMARY KEY (`notice_id`)
) ENGINE=InnoDB AUTO_INCREMENT=3 DEFAULT CHARSET=utf8mb4;

-- 테이블 데이터 moggozi.notice:~2 rows (대략적) 내보내기
INSERT INTO `notice` (`notice_id`, `created_date`, `modified_date`, `content`, `title`) VALUES
	(1, '2022-08-17 12:28:18.744900', '2022-08-17 12:38:18.198144', '모꼬지 서비스를 잘 이용하고 계신가요? \r\n사용법을 익히고 싶으시다면 메인에서 \'모꼬지는 어떻게 사용해아할까요?\'라는 배너를 눌러주세요! \r\n모꼬지 팀은 여러분들이 편리한 서비스를 이용할 수 있도록 항상 노력하고 있습니다. \r\n그럼 오늘 하루도 화이팅! 🤗 ', '모꼬지 사용법이 궁금하다면 메인페이지에서 관련 배너를 클릭해보세요~ 😉'),
	(2, '2022-08-17 12:57:46.000000', '2022-08-17 12:57:49.000000', '안녕하세요. 당신을 위한 취미공유 SNS 모꼬지입니다. \r\n취미공유 SNS 모꼬지가 사전오픈함에 따라 설문조사 이벤트가 진행됩니다.\r\n추첨을 통해 *스타벅스 아메리카노 Tall 기프티콘*을 전달드릴 예정이니많은 참여 바랍니다.\r\n이벤트의 참여는 다음 설문조사 링크에서 확인하실 수 있습니다. \r\n(🔗https://forms.gle/YsrpxDNKo9ZiYbmH9)\r\n감사합니다.', '[이벤트] 모꼬지 오픈기념 설문조사 이벤트🎉');

-- 테이블 moggozi.post 구조 내보내기
CREATE TABLE IF NOT EXISTS `post` (
  `post_id` bigint(20) NOT NULL AUTO_INCREMENT,
  `created_date` datetime(6) DEFAULT NULL,
  `modified_date` datetime(6) DEFAULT NULL,
  `content` longtext DEFAULT NULL,
  `like_num` int(11) DEFAULT 0,
  `state` int(11) DEFAULT NULL,
  `title` varchar(255) DEFAULT NULL,
  `member_id` bigint(20) DEFAULT NULL,
  `stage_id` bigint(20) DEFAULT NULL,
  PRIMARY KEY (`post_id`),
  KEY `FK83s99f4kx8oiqm3ro0sasmpww` (`member_id`),
  KEY `FKe664uh90knvt7k78o2p1iseyx` (`stage_id`),
  CONSTRAINT `FK83s99f4kx8oiqm3ro0sasmpww` FOREIGN KEY (`member_id`) REFERENCES `member` (`member_id`),
  CONSTRAINT `FKe664uh90knvt7k78o2p1iseyx` FOREIGN KEY (`stage_id`) REFERENCES `stage` (`id`)
) ENGINE=InnoDB AUTO_INCREMENT=60 DEFAULT CHARSET=utf8mb4;

-- 테이블 데이터 moggozi.post:~47 rows (대략적) 내보내기
INSERT INTO `post` (`post_id`, `created_date`, `modified_date`, `content`, `like_num`, `state`, `title`, `member_id`, `stage_id`) VALUES
	(1, '2022-08-16 22:39:22.587918', '2022-08-17 10:07:22.460483', '<p>격한 운동을 하기전 스트레칭은 운동효율을 50%이상 향상시켜줍니다.</p><p>오늘 할 운동을 미리 생각해보고 해당 부위를 위주로 스트레칭을 진행해주세요.</p>', 0, 0, '첫 포스팅입니다', 8, 1),
	(2, '2022-08-17 00:18:28.748655', '2022-08-17 02:09:00.109070', '<p>불완전함 인물들에게 위로받았다.</p><p>노르웨이 숲이란 제목은 탁월하다. </p><p>하나의 시대를 감싸고 있던 공기를 그려보고 싶다 했던 하루키의 말처럼노르웨이 숲의 공기가 내 주위를 감쌌다.</p><p>끝내 불완전한 삶을 버텨내지 못하고 세상을 떠난 이도 있었지만, </p><p>난 남자주인공이 불완전한 사람들과 살아가기로 마음먹은 장면이 좋았다.</p><p>마치 내가 스스로에게 하는 다짐같았다. </p><p><br></p><p><br></p>', 2, 0, '노르웨이 숲 - 불완전함의 매력', 13, 6),
	(5, '2022-08-17 01:13:25.809406', '2022-08-17 14:19:42.818740', '<p>오늘도 나는..</p><p>내 부족함...열등감..시기..질투.. 모든 부정적감정을..</p><p>이 바닥에 놓고 들어올린다...</p><p>후... 이렇게 더 나은 사람이 된다...</p>', 0, 0, '하나둘 셋 하면 뽑으시는거에요', 8, 4),
	(6, '2022-08-17 01:46:45.865918', '2022-08-17 14:15:38.894030', '<p>나를 죽이지 못하는 고통은 나를 더 강하게 만든다...</p><p>벤치프레스를 시작하고 라운드 숄더가 나아지고 가슴을 당당히 펴고 다닐수 있게되었다.</p><p><br></p>', 0, 0, '으라차차 벤츠프레스 오백키로!!!', 8, 2),
	(7, '2022-08-17 02:03:04.880464', '2022-08-17 10:08:44.783917', '<p>웨이트 트레이닝의 a to z 스쿼트</p><p>벤치프레스는 모르겠지만, 스쿼트를 하면서 건강이 많이 좋아짐을 느낀다.</p><p>아프던 허리가 이젠 아프지않고, 몸에 근육량도 많이 늘었다.</p><p>스쿼트하세요 두번하세요</p>', 0, 0, '셧업 앤 스쿼트', 8, 3),
	(8, '2022-08-17 02:06:20.573772', '2022-08-17 14:20:33.993933', '<p>제일 하기싫어 힘든 운동 흑흑...</p><p>도대체 유산소는 왜 해도해도 좋아지지도 않고,</p><p>늘지도 않는지 모르겠다.</p><p>유산소를 게을리한 탓일까.. 몸이 서는데 무리는 없지만, 오래동안 버티는건 그대로 인 느낌이다.</p>', 0, 0, '가장 가치있지만', 8, 5),
	(9, '2022-08-17 03:46:24.274578', '2022-08-17 16:11:45.243287', '<p>다양한 장소에 걸쳐 오랜 시간 꼼꼼히 읽었어요.</p><p>소설 속 많은 인물들이 죽음을 맞이했다는 점이 가슴아팠습니다.</p><p>와타나베가 수 많은 상실을 겪고 어딘지 모를 곳으로 방황하며 끝난 것이 더욱 여운을 오래 남게 했습니다.</p>', 4, 0, '노르웨이 숲 - # 시간 순삭', 18, 6),
	(10, '2022-08-17 03:50:14.426605', '2022-08-17 16:11:42.094582', '<blockquote>설사 그렇다 하더라도,</blockquote><blockquote>즉 네 선택이나 노력이 헛수고로 끝나도록</blockquote><blockquote>운명 지어져 있다 하더라도,</blockquote><blockquote>그래도 너는 조금도 어김없는 너인 거고,</blockquote><blockquote>너 이외의 아무도 아닌 거야.</blockquote><blockquote>너는 너로서 틀림없이 앞으로 전진하고 있어.</blockquote><blockquote>걱정하지 않아도 돼.</blockquote>', 5, 0, '해변의 카프카 - 인상깊었던 문장', 18, 7),
	(11, '2022-08-17 03:58:48.036222', '2022-08-18 11:53:23.863729', '<p>책이 조금 길어 소화하는데 오랜시간이 걸렸습니다.</p><p>제가 좋아하는 카페에 가서 시원한 아메리카노와 함께 기사단장 죽이기를 드디어 끝냈습니다! 🤗🎈</p><p><br></p><p><img src="data:image/png;base64,iVBORw0KGgoAAAANSUhEUgAAAgcAAAFqCAYAAACOI/kiAAAAAXNSR0IArs4c6QAAAARnQU1BAACxjwv8YQUAAAAJcEhZcwAADsMAAA7DAcdvqGQAAP+lSURBVHhelL1X+yXXdd5ZnXPOAakbQCMnIpEEIAYx2KJkyRoHyRp7Zp5n7Ft/BHwGX3l8YV+M7TtbsiWPbdIyKQkgCeYIEETOaKAD0Dn3vL/3Xauq/v9u6JHXOfvUDmuvtNcOtSucJbfuXn11EFy9enW4Mlz1cViyRN8lw7JlyxRfOly5ukRBpVeuDpcvXx6uKKjAOEsSG5YKj7Qo6Lh0GJZClrjoLE2ZkoNKHF+6tPL9gQb5+hHSUiIKrgN/5V66fGW4cOnScFV5lyUHaY4AFODbcVLQWCZmy3yElsqkm6LD8uVLpdtS4xDMR3BF9NAf+ZdItlAMEBd2ySRbyB76UZ500s9S4S8VzWWqS5z61ACgSyALm0LDtIV76dLl4eLFi6q7bFi2fPmwYsUKx11VSJevXB6Wr1wxrFmzdth/w43DfffeP9x2++3Dhg0bLOeVK1fMD3DbAaprPUoG2o1P23WeRi5g2bLlkuXScPzjj4YPjnwwvP3228O5s2eHTZs2DVu2bDW/ixcuDmfOnBlOnjg5nDx5cvj444+H48ePu/7u3buHffv2OmzdulXyrlEuMtDWS4fLl2jF2Cl2Rv3yKyXOnTs7vPLqq8Obb7wxXJA99u7dOxw8cHDYvn276SDfmbNnhl//+tfD++8fHp568qlh9erVrktbYHsTLZujKmDtwPGB9orvOS6ky7KfC9tmyisK/gXId7LouAQGIZ6DgJqdTbuEwpSH3dHZoAxwXn7l5WGF2n3z5s3Dhx9+OKyW3davWz+sWbvG/QPfWLVqtXx2uStBp2U0X/1AP9aFG4C/xT8JFy9eUPrScEpthq2WLV0mP1s+fKT2W7t23bBZ7YuOtMvKlatEr3xXX0iESR0L6Av82jYtRMFVjReNOVqHQ6Hk0HVT1VEd0Ww+1hAuXEB+4vEV9O/+dkV5JkieAmVXhIP+9jMYKA196mLP8+fPF01woAlSyqmDbsHHqtVmlDWiqUKz+YDHOLPcMl0ljS6uJlzRTP2kzbNku4LsHKGjMutW9gc3MgTJNfTFL2hPcu0LFYKDBWMD6IfGRGdMF6brzNPQcu6sTAEIH0cFRKY2BBaWIws0c+RLoqmnAH3TjsvVv1etWuXAWEf5+XPn5LOnhnNqr1SBfni2vYBJxjBpe3Rep+FH27Q8OaatiWJ2i6XAr6vwoT2dnmibCm3oygKQAdIKPb+sXLVyWKc+tnLlSqNIKvdlxq5169YNa9XfmROggi3G+aHpAo7DlzjJyKacZFCqKPkdrC/FrlRljuTH5cSmzICimZWFc2DHSuZbF6MwwKTijqYjAjMJM0nRceiMMKJzMsjgqMRhYjrmpo6i+U2zMV/n9+KBCRqajgfFsARcHV2bCgVXhYtaDOIXxR+ZdBguarKxc2ggAtypTRAeGpgVp09ncUBn0wRCWj/LmYh1pCwTaGAyLHLAN3kugzYmcyadH3pyausvOtAWXWxh3RxEu+TrgYZBeansZjKix4B3/vzFYTmLAgZtLQTsLK4vNiKxfceO4Y477xruvOuuYdeu3ZpMVtoG4JnQHMwutoxBm38jQjQDcMvqdlVgsn/r7beGy1cvD5u1KGDCWrN2rfitkByqx6AvOmdOnR4++OCD4b333vPxo48+8sICmuvl8Hv37hn2798vWXd5cQG/SBFI+2Zipm2p++KvXxxeeeUVdaS1w80336JFxj4NEquFS/vQLoMH9GeffWZYt37D8MjDj0LW8picwJM+2M4LT2tt3avDKdPoXQlQdnWda2BOg/qhNOVBZ0ZpBPMS2F8ZXIzKpLbEC0IvZgTYnEXX5cuXhrMaDBksWIjRNqe1EKPOxg0b5R/Lp0W524Jv2tltaJ/018CAdlaLqROiz0SyadNGLdAuxUbIo/525MhRHZcPGzduGk6fPqNBa8WwY8dO+ehKU55MRCT0oxdl+Pb1rMbAKagCYziuHwhWPvplUiU7bUPwYoDFjI6XCJwQ2E8EVdd2lP0Yf+hXZBPIJwDBTxw+0GFhQOiFAfxypC5jGPyRyYoWu6bOIXndl5NVZaqTST0lESP06ayk8RTQ6but62Xh+ANt8mMSiwAhyqiXb+rn53L0pQCochgxafmobOobmj5pZ/EDjj7C78WD/bLwmh8htk0cWYmD/9cBY3qOam+NVUyKtLvzFMaFOWkhZWGwRgvWtW4vFnFn1QcunKe9OJmpsRX/F1CfkDbkOMnV7RK5S07hoLHHfJW7bbQ4kHTWF2HSDglUQweTIg6NJlXBoIjrO4MjtpvlKcGcg+5XNY8Cy5cv0+JgvcfYdevWuu+t0kJi9eqcFFzSeIBPZowPvTBvPgIlrZ+ivYBp+1oHIta9dBUmybZN6C0Ecmg22+nAjhWah6pDC4rkKBgNcflydyIMRdDEJOVY7XHWw0Ii/KpzKaF+awamRSglyBobCycWOKWfCF2NSdof0r1AUDkGVh4LA5I9sSmzCAnaCZRGtoRaKCzT4kA0aADKG1o38jzwKVLiLYDkib5QaAg3uhLQ97Hoto45plGwGbK4wZcss2NfYpEjkxFft36d1XBHUli5euWwUxPso489Ntx0881egWJfHImFBPHRlgtAVCxDoiRsWmJkKmBP8tGVszLiDJoXLp73atdn5cq9rImMOpy598KwidGBmdw4433zrTeHI0eP+OyU3Q93cjn9+vXrh0OH7hi2bdvqTu8zPQE00ZlO/eGRI8NPf/ITnyHfetutw24tgBgoGDxRwNzEE34/+MEPhgMHDg579uy1GJkcYof4Ie3YelIxgPfZh/WhzOXOzy/58T8BdPkpoF1NNwWpNKJOeAtA+PgofuYq4gd/BrvTp08PW7dtyyAgnVgEYEfsxuRFPgMHNlypxaIHlaKHHtdbHBDBDkyq2IE8dmNOnvh4OHX6lM7Czg5rNfCsXrNqWC3bQu/jEyflk6u8ewD+KrU5Z230MxXHl9EF+tbimkNAyE7TKQwzfIFj9ZMBPPIhg2UXZOKW/2mhhE3wSfdr1XF/NKQ+0GebtCjQtLANn0D8/qL8mrNP6OJTGShVR7Tig6hY/kGZ0qEqaFIFlLdfIkPXM6+2mxd+tAX5IWb5wPIYscxtic6X7L/UqwB7jsL1QF+CtJ3MR+WDFvBkTfkVV2BMyQlL2y1APRaRXafPfMMP+dSH4CkAhZzwco7zG78hpFLWUOQFoUs7cebM4sDtIwT6FHZDHuzEySfjIngrWZyKB+1F2813qkswlWtsom75CfjdruHrwwJQS/nYds2CiDaMzpan6E06lD6Vtv4mPNk29ogMfEZ0yxoh4Em/vKJJn6Mx9EVn+j2B8XHt2jWeUwH6/0adXFHWdAD4mILoEGhHt6t4h3bAJ89juuuTTnxGcgTTpRp6HNzJzoGEhqEdI0pSjJMzUWFDdxzlWzDhoxSN7QYXdg/6nAFRfalXjcFvgXE+jEeafOpYGNI6unHpPPB1nqVUnMk0MnLENKZ+lY7JJQZ1FDMIHwRmh4JMshjiPHnrhwUCtAlBjz6tF+BBUQE+QOcDmYyUJ1NhAwL0weAXHumYs1BptppcX3JDP4suqCou/qs5U1Y+E+OGDeuHg5oon3jyCTnI5tFh2bpENSUzOI4dYhHI/uAbhEsdS6hM7EqSQcq8cVjxpS0l0XDx0kXTtW5S1KtzycpqF57YKgN4dh/AY7fh+PFjw0svvTy8/vprw5kzZ20H6jLx7dm9ezh4663DwYN9qWDQ5HVuOH7s2PDMM8/o7HXjcP/9D2jS3y3a2U52O0iHnhSRmksd69dvKLulPdKGtAmdno4SfL4NRO0/KE7RaJwJ0Mvl/GAn0gLk8ECaQtNKbAbCJW/O13HlXrx4aTh8+PDwlhZQdPgNGzbqjGGTtxXffOst675TZ+w9cGNzH+Uv9BFsTdpth246FmmD02q3TIz4lGxiPEqxh9rm2HG3zwVNkuxesTvBTsUNN9wsAtgNQuJXNJcvWxF5YGQ6nwyxE5yBIEemhQAeny7DpqDT1lyu4kyReLTQp3Q1fROvyRz9lM/OwRJPxIGRLnyEjx8Rx37trw2N0xMLifiHeHIACXIzmj6KBuMNaW8dy+YZnLG7aKncMrNsgZ+qQSLVNfZJZsYzaGRxwN5BoHlkxyN8DYpC022hAB4TXYkmSIRq4KCnSVU641HGduwXOugOXrVH4UoDH+e2RC8jFIxyCsb6gvkxUepesb9xuYp+BDBegEPdDiwO4OuxBB+AADTgrS910SPtFdnRxf5AhiFlOSYvx8ilBuHHYz/Q40QvDsBtmwDu94pnzNbRnwZohE5wKAkuwFjk0qJlmzg92X+kpkP3fXyqxBvWq49u25pLuiwcWDSxg9jzJ7RtJ4GPZMmOlHGCIambwycA8la0AGpZHCjcvmctJFNA48HDSRhnkqbYjWBiIYgSnjwQQmVe3bXQAkwzGkr5rQRgJxEe9czaPMsJFWdBAg5V5A9VNzRAt790UBrZSKTR2/TU60jKcAFf1kiuy6HpwTiMfCQ//MMz/JuneKmMcgJn+AbJABadvxvY9fzNUUgK0hOhJQ2LBNZULBJW6qwNZ12nM+3du3cNjzzyyPDAQw+4TRjYWsalWhwwYaAF2/05i7keiAkLhDBWCuHRJW2MJGQhb2xfnULF6byS62Jo0x7Uo43T/nE+LxwVZzFBnavix+KBHYh33n1nePnll4fD7x/2JIcOXD+E7v4bbhhuvvlmL4Ke++5zw779+4ZHH33U19qZINheAx/gPgwGWURDV8qYbG3VapdpNCdexwLkcxa4ECE1x1FeV7X+Are5YxNZm69SlHW+ZZiVAWOefIVcdgvefe+94cMPPvBOELsyb7zxxrBDi6QdO3Z4wUDbs8vCTk1PWPgXdvXZVfeVpj+DyBvfykBGHiWhgz+e1aJq1ar4y/vvvz+88eYbw+233T5sZ1GiqrTvEhaLqoss4DGJjbyi0gjpiQH4dSq8J/kSTXq0EZlCJIV8tDm7KfiNJ1fpTbknMuFSm/7bcl1S+7e/yqWN0/0R8CVQL6pSf96uAPYF1/VtVo6ysdJgtG5Vy/mmkQy3hyf+ogeYlnEio5GdV+1WcmJnstg2ZucviwPxHWnliNaMD5VwOWMAuHyDD+EArANggONf4QXX+KKHLsYqH2NM8eVh+QiMrBv5xocMvocsxKsuChR03sjDcX5UZhsNHqfo6xlbswBo/taNH0HT6onSCoSx4x7f9YUsenSYIHNI00kaWUPfhlfeXLcuo07LlzLw8BHx4iM65DVtlfrIL5b2QpdjlbctTEzQKY5NCxz8kGPQSx8FfBhgPAWHe5C2bdnq+7lyGSL5jMPgo3fmHbUV9BXQB+6hzU/kg0XntbxzoMgLhDv3bzC2iboCvFLBQkNAjBCa/LnztGJ0Ym9nIqjr0ZAZaKBkOhVSnmMERQrSHddXdLzaVa5dlnJwKw6a5TFG0ZFxskImL/mO98JAAYWFSOWUCx+ZLTflVZVj50Ojj8hoZwtCJkjKRM4dQUcaaMRXwdgJqVLrCOQG/eJFztJxvCwO9uzdNxy6447hvvvv1QS6T3TUiYTPGTs0PGBrcZAdg9C1wAWRsQH7yEGsUOUIXdqYZvLSXgC0IncGLtKcPUIzHSww0lN5HNmZduZsp8Ik93VwZnTy1Knh1Vdf9aWHU4rjJ+c1CaAL22fca3H/ffcPu3bt9Lb2qpUrXR/6rQ98iCEfC4MsXrpNQK2Oqw95DuS7LHWVmYxUCVh8MgON2zQA6wjMcNsGxi88JVzqVPPSD/XPnT0nG+YaOvdn+EYrTYYsEraqw7/9ztvDodsPaXGwzhS8oyMa1mnkP0k68ixwSjZQDdCMm4FOZToy6TKYSBvTO8lNXufODtu2bTOf3h2kri1gRm2D0PGNSU0frDpSzq9DCq+Vr9Lps7FZ244jfsGlFe6JGH2NOk2vAkkvDrQYvShcJld2vXyWpuDJQ+DxSKEXNw7QEA78WDgs04TV8gLjgE1CxoBW65TLLKRiC4AkdUb/QC9+lUY+EKJf6FI3k1vuOfECQtnSwjYJhLjRFfDxgPjW2MbHcioNTmhPYH76RO/ODF4wU88xITBe0Z/oW2SbtvIZt+jTps+iwgsE7ND6JA5uyz1ByinD77g0xiKfbKRgMeKxotLWiQ921qfbEfCki0xO+Ft+FJy2CzL5BNbt6CLnjWMDmSqDgmWmjts1eRSTjx0AxlfAfPQlBX77CfULwT8te/OKXVJGzHnJcFnLDD1Q0SPpyx7fu5yPIvZdFofLZTfuxdqyZbPHDk4ssB/tyOUHtyMnj6qzdJloUN884/uEpP2r9DS2k+5f+veSu27Y6DWBBRNilNdArNre3jcBykK4cSARZ09jke9BzcLIAZZoYhlqNhTYmS0R5TpCzwXJGUFtA5pXPhrMqIYMNBb58OBI24mE4jSmZGRyKkcBQjsy9n0B7BqMzkaZ9FsiAxofYgRAWdMkT+ehYShIfU2dHiyhyQKhFweg9KSVG1kSlHTjcr9DVsV0RA3a5zU0yJQrV63xlvunHn5kuOvuu7VKXG256LSXNAhyNHfx8dmDjtgj9g7Aw4L7i1PEQczbaYQkEVsabzZ4MljZBgXdSRpo887LxNAgQsAyOJgLZoqe+mBjbMOCgInxyJEjPp48ccITQndQJsobbrhh2KazaZyeLXeTUll4yKc0wPgeCOQwo+Sjq6VA2RaAODFswIfOh95BGMsX4AuXZNuEuq33VFd4+TalsV4DdZ2nQF0GLfwEG7NIYhGEXzIpst1KG7ODwPYrT+FIWNdtWsTn6Tl0eonqyfOqjeiPtcujYgZozs57kakfKroul4M44hNcssK2TF5C8MdQB3mUjx44+Cjf5HykDDkhXRUEU5zeTDn6CVP8zF+2+fjjj3xDJJXNwbQCHmvIt58knzwmLup6i1/HjElIwE/w8O+5H8Mv8sROoDlPOdSnFnGPOeDpi10oo/ld7vphgUweDxUXNWcyuKsgcvSv8lt2wIuDi7SP6C9V2axDmW4lJ/tnYmje0DUKuPq0Dq5LXzCac4gUXtPLWIB+jCu5fwnawYEPaXT25UX5FaYl0HbwCGXiRf8aIF9yyZCrV2nBv3qV6eL/3U4QIY/j2LbO04/sAY+QcWxMg9dtEblDw3Rc3nJN/Xc8um2wV+qbr8cOpWI0FRchAZJS19JUXgBc6Ovgcg7NN7wagjkBbdXywQHcnrcYB0h7IY9PCM/+qzKwHQfEy/ek6USKG7hXaQxhZ4abv9l5ZgHhGvqiH5HURbboH/6wQG6zcF5yFSPv9huyc0BAMCumOEjchMbNe6THj1H58dc8xjOCEp60H+th96DqGHERkG+HnxU5KckiC9ehMsmAAm4m7QxmkPXZuxykBxtDkJ3vpxJYHOho81h2yefJlxVarv/1dURrZRnE04NLDOsnGxQw5iXxkkktFfJwhD91iXdDNIxya3D2TWc621m2dIV46ux8xcqB3YLPf+GLw67du7VQWGXdWRz4GAqmYYNVDsc5n+ZmPEC4WksrPXOUqs8h0fDw1r2S2FTq5sxKNuMxRTo0TtdPLECjbY1tTKs+rFR79U45/uA4RM0ZHtxFf9aP0Z3QAuH9997X5HDCfJi8kIGtM85qubyyecsWdwTqcYaLoNFjAuj7TnyVw8OTMXWkh+WSHC1LFKdSZGog5RLKkb2i1CcODWQAEx9wWgiUcQTQ4dJFHj1cZbx8YzOA+hcunK/FQe71QF+uI0IHvvEjpwRwbxkgphBSI03b2fnCqbyA4uQTI5+ojh13n+HTODO+6JOBW+mqY8opzsDR9fzLUbFKuIziLhTAtqi4HFuwQ3X+3Hk/FsvihXwwKDNPBWzqWhAQGEdxjzmUa4ygnceJTG0z2Uo+aj3G6vZZ+wP5ohxRy4YE5XnB73jLooiTKWcCsXyyGWajDZUgolJ8pIA8VbG8RcdxT7gExXksutCBlt30FZz2yEW2UpI/eZSHnpOUV37L7jKCwGWFZxtoPGJS8Rl9SZCbBleWrFd9Two3BEpcyQy/soXAcY/NpX+BWfMjROy8WgsD7sAn7rYSbdgRRyb40GbkWTfV1cH1DRNp41MOPpbJQoI86mYh2NVUXO2D8DqKr/ub/MmFAstiBlN7xHbxwyZlGVXGEZ7WRUYxatGa4+KzQLdDflMGZfNVpvUUWJ8S3Dw46dOx+yF2sa5VAdtTblthM30YO7k3YcP6DcMajS889cR9Cr5HwXaBd2QxJ6UDOurbsmbsFr6SS27Zs1b1NNipMKveVGJKoZOwBcSdsQAECKDYWM6koaGeeMytDsbE6g4Y6A6VuH/1FT3xQLkACtM54wAtD8pF+JyBMdGCa0OKByG0m05kjfxZTHSgw3Kgcyxbxl2gS71FmZvw0EOFoFnGSAZ/NxJlKmgdzYMJScfWbTk7Gzq6YS1rzu69QFFD8aiiJZV91qxZN9x6+23Dpz/9GS0M9rjxzdFM+RGm6CxxS1XZIpjzHsEkkJAOyOC4qB52lz6e1MQHvS/JKby9zAR34eLw/PPPD6+//rqvg3M/AI/cWP8ZdBr+ai07IpcSAG405H0Fu3ftst2RptvLk7n4JFz1TgLX43ks8rji2I3FCPpz8+JNN92s4zbZbqXb85LaC7tkYNOKW52eO/B9zRrm8BEeacpPnckWPjiLdfgbgYjSofE7TAYNdIA+ctrS0gXdubHOVYTPKp7FIDJTn7r2QeobC1GpXbYkovRYVmHK6Aho8T8KXZUBJtgGY7o8uInwLfpVJkVgmbpTdQP0U5cgfKqANvK+HhSujvgXmmIrBmrrqoAt2Ho/p4UB4fx5LjOpTc0vE8ccF4qmZZY1NjBjqSQ4sT/jhQdeSlRJvdNHdAMPQlLXQJsgJuMNfYEniUq9lCG3y3vsoQS64ScRJIfSYef29s1gxqPAXB2fZEpd16e8cPiAp+TIL+UWURC7RN5MFGwdu/9WHsUA+BlTLUUWjEGz73m3VAmuYTOZwIf7Pegv9PEVWjCcU3vweO2pU6e9aANiY8bkUlj9Hblp31E/GOkLLRhyAx3jnbe7pRd4nqwFrofPWr5YAEBy2gRw2exIHXSlXk/SzpVeWRxMO6G2ieqZn9srPkKgjsu6zTS/cXLB0w8+iVA5urY+QHR1xEfqU+Q49Cgj3pEZRH7h60j39+TuWkroi98mj2zy4qTJQs9kjTwIxchl0hXgMi22XqmTXnZe2Y3kyI6k7yuxvWIHiM/nNGSJPTGXbIN8N/ESJBnO9HXktMCVlKQB+HjxoIoEryqo7IZGQAxDPTWajpCgMhTS0AmAG6OUSn6EwSAxNfFcHnBUfIn57BzHVgIFPdFCU7KGnnhrkjHjGdiBbACMSFn0JM7OAdfvhyuabDQwsXNg9UEwpj7VXnMdAEf1gxyc1VJW0iO08tmeVZ7tCh+t7NRoK1blejqPqW3Zsm249dbbhvvuv3/YtGWz8rHvjBaNbnKygRYwLUPbD1icXggos7AMfKAHN16uRBteuHjJZ7NM5udOnxm++T//p7e82d564okn/EIiAF5NA2j+fNA3nXbpcPLUyeFnP/uZ33Nw68GDxqOsq/Zggr7cXAYfy6GB6Pjxj/xioHfefttODC71b7rpJj/NwM04vmY5OnJo0ZntF5KDSZuFA7sS//W//VeXP/zoI8O999zr9vlfBXT0gKyqTFxpINpZk49iTFRuY/FkoQk+MrDowT+wre821uIGfbg0Yn8s+wG2K1Gl28JOEhkziMxLOw6Us45AqyyE5gXIm1w93CQH2IsqgI9ciOYflbsP62P7L2awCFI/aOjM4sl36GthwCOLxDMmcJ9LFgSAd58U7zS/3c7ktV+kODgAZZl8U5/FgSe1XjQIVaXGZRxh+EE/7+p5bEsbuy0E5DGwks7E2IuW2Mw2xHaqwyNqPpkRh8g9HQGiqatgGXWkwCRa5mTAnnKOYx58qEFamfgPdeh3+B3Z2JNFCot86+NPsVAAWARt3LRx2Lp1i+149OhR12e3jkeJsf3Zs9wTc2Y4e+as2woZ4OUJk34s2ukPKoCwjwibdko/XOrFAUcCYN1bh4K2dWzlmEgGJ7ix01SeOONMFjqM8dJTYwIyMKdY95GuZMbW0CE47iKnaTd5nBLIrh9VYyrh0s8l9WX0ju+kL3Ac8wS2BfqpDk+cwb/LFoPnUYuFjjnC07oRQl4HO6bHlcyRwrHfyjLjmJ7j3H749ErNM6B4nlRbM15u375D880WLxzY2byocRZZuBeENgKgYl6WASFky5t2aXGgRCuO8J54qwIyoADOmMmr8jCQjqZDJRWw8oKwDSY0AnRHBVXmcn3SsOSHlhvN+PByBMaWIZ03WyfQQ3HSoEAvjYUwuFWc1nzgbVL8AuSFtIM/rBQpAeyWqe+0QJGun3pVSzJxvY6OAFJ3ZnQnnzidL7h5I92qNWuG/TfeMNx5513DgVsO+tr6Unds6exLHLETqqha0VVnWzKtiJGtIXKha9JzcJFsafwuRz7xoB1xvF4pk3dWDvPe++8PP/z+9+U8F+xMDz/8sM/c0YMBZDG0PLaWaPPyGlavP//5z4f3NDF/9onPeucBG+DcVkngzqOEbac2Mx3ya9Ann0HqtVdf9c2MR48eMw8m2KeeesqP9/jMSXksujjLoSMAdGjOAn76058O3/7Od4a9e/YMt95228ClG7bbYrP/dUDPvnThrUnR8cIT31cZMrMwQBFsdf78Od8sxE7CiZMnvVjg+uvGjRvGRQI0uj0tF9FKN3gealBR38EePaa2j1qL6i6iBbitEkmlVFzM1kB9+HQgjdzQYIF2Lf2irp/YJX2ANjkne3AWmpsOkTvB6Dr4BkNsIjAPZVpH+CovCwLCtDhomVo+gHTKGcvyLhDvRNCpEMljVOpmTMtY0hMYSJAKXcp6jOqzTkTKI73uRxKZ/MuXuQkx8iuSQ8QXrdDz+KQjspeqwoxc9n14kqlKxqfcefpIRpPQDwsAriuDYT8SWA/lAdEd5ozB+GkCO29cumRh8DH3/xw94v65c+dO++SJEyeHj0+c8OKASwo9qfrEacYHX0cm7Ggm5DOeV9z92uyT7rjbC6n17fa7Lox2FKAvHytf+is7CwJoMn4RzzjmeAXka1/LyNo/jaNc7rlhbCKOzwqY5H2pWScu7GhxE3T8Nn4ZOaCdhRh9gUURviZCKjOZEZQV+lRkAQkb9FDwgsQ4yiSPuOckfUYzgFcJE1vIAHJNZ6XmHm4FIG/Z8pz4MiZv37Z92KJxkzhy804Rq0s11WUc5R0L7LCiLwvNJbfsWqNifTGWDjY6kWIGa8Yj6CTVRYqBpo8bQiEvpeAsShMkTuR6XTNAVfDtzNRTejS6gIUAZ/UADUssnTcODqBUGtdJy8Nkx8CJkewQJRdgGfLNUaEbmTI71kwen7mAG5RJViX8ngQ5BAsV7niGBw3nwUfYOBa0KedNc+jG1toOrd7uf/CB4YEHH/Qz/1yKsTOrVm5CQ584hZkCagfbsxYH14PkwzNpgLysMJtWCsMvdMhBT5+9qyMcO358eOaZZ30n/Y033DA88MADHjjg3zCXoePdbkzVOCKXB76vBcatt9463HXX3SpXx8O+4GMbfbqjMCA6XmWKuMMjHHgMMkzAnN1w/8PHJz7WourAsGnjRvNl0GeHgMmHCZnOfPyj48MPf/ADPzrINukD9z8w3HjTjX4e3m1taa8Fl1BYvOfQOjK5vffuu77bnzblbGvjhg2Sc7ll9da0dGGyYAHLYIHvUD9nlQKV+wM7/TQnx8uHIsh0aGB8KFGCrzYe0xUaWuZPgi7vew6uB+C43QQc5iQ7f84ncQWVUc6Ais0S8lZCwFX1g770VfLxRfouNCa82If29ZlcTVIuVwFjAvXA4wPQdpQjCnmmb8NBkC8YJEI/CzxSQTCtUdfIN9ex63gxr48XH5LLE6Xag7qWoupYB8WdVBBG9HaeM2DrPPeVEHC55a8bRsmOLIwHOjsVT+8YKB+8XBbJJbYeV/hh3JK09kcWAGvXr7N9mBy4rMDLybAvlxYIZ06ftZ3ZRUw/Rf7YM/SyODADdICPfuDPJTbahP6etqUd09+jVtuCetF9bqfxSF7jKaQ9XSNlAvpV1/H4LP6My65Hpn6oZxmE5hPKIf0zPKmro+JcxpZi1DIgNfV6MQg+8SssEBQHE/u43a1jaJmq6Et1i9nyR8y0oSqQMILl05E2Sj2VhQjYKidRdJAqhGaQctsbeviE7WJu+oFHnaCiv3TkBugNGtd5TTsqQ5G5ihMZdrS5Xyrzregc2LNOnKMgiAQEJy9I5QiVjxDI5IYpJRAR8buDQ3gFE6iOwQmA48rUIt8F0IEucae8CiXtARV6jVtIxBOgTQTcCsJpZ6Je9fwRul6q1ceGi7O5Pp1BuLCjPDcukpYjiR64mQxyNm181ysNdUSHvLRihSenxx57bLjv/vu8cuMmRHDolBlosv2ZzhgoEY3nYWLMcHHAWWQGDwCNXGoxeaRUOYwiifm3J+2Lciiu+/7ghz/0kwSHbrt9uOWWWzxwAMh4vV2DBssHb4l+8uSJ4Tvf/a7Tj0tf3u6lhPkgpwcZ1fFCSx86F7sszkQsHcHBjlEjEy1nachAHNt7UUE5cRYIsh9nOtyz8L3nnvNTEPv37dPi5K5hh86KDPJlf5AViKEMzWsE4RSWgXq0MbZgl+L8hfPe1QDoZCxWeM00r47mhlIuj7ACz+Kg+gd8rZ9T5hc7BGjf4KTsumBk8BQ1ChmFa7p/c4DXvIb9S+DcKiCO7ouhcYHoE3BcRZ68ZC9ee8uOQV4PnYm9caqC8HTwmJj+4wGTjuzi+MhF7u5nElZb9wQJwKfl1VdAGfVMUFD27Z+ZKh2NLlCRroqSTl9kPIk87ivV74OvYD7BCe3Qpxi5rQNZzqs6CpaPIkU6VKXEC3z5CqmQpYYFaNIeXggIlUGdS1a+rqzFKi8V410i3D8FTz4eO6mD/2MvyzK4f/M4HD7N/UH0H2wdcerOeRL5TjIqmvG4JiHTW+Ita2Twgl52sg1Ej7J84989VrrtoGeai/0sTD2elj+kHWgXeNfkZd4MA4yhpON3XmiZBvyok8URPImTjx7ouIJFjWRWoduyxyh+4UkddDJfClyKX2n81gKBhS+XyBiH2n91GGUnrsquLxambwAXHCOAEguEehqccvD8oV7p6xqu62TGGCdqzhNfCjkhsh8pnnYRnv01iyXyuLTgV7ZrDMOPuCzhy1PUv2U3OwcCEv4QD3FurluxIoZRBiWjQlGmnN0l05HG8g4AZ7wSqAdBN7RWwlYEOsoz6XL+KCiqbkB0zIocFAJpaLVj2OCiD4/LV+RsEpvGSceKHNByh4Blfozf162hayGIFI4OliV6Sg8mMPJqsDffchrqgQ/A22eoKmeS2KsJ6tAdh4bbb7/dj+mtWb3KuNjNOpp5eOEQ1MMEZFdRaDvDtUgZnyjp1mkBqCx6dDspy7NJ8F2vaJzQYPKjH//Y7yO4++67Nanu913MXGvEPnOAVkPH206Xrlwannn2Gf/fwmOPPuoFRuvDYBanJBRvx1OfxUMlUocotpSNaCt2BDjrYaseu8qJXC4Ed2LqsDD47ne+61cF33nHHd652OQ3S6bT+k161TGAlt/WmdQKCH/CzLVc7h/wmZc60ocfHvFgxM7EGZ1tffDBh76kwqqb+zO8RfvxiWGrzsrwEyB2D1h9yz35wNgmcC7ZroGsCNIH/Uk90NMOLjZN61UQclM6fKbjYnwg9GJbFzVtQdsOWEzLcinOTh6TFLbzwsCLg5Q5QFBfD4Bi4DoKmaCCQ5zBl6eDOs88iHdbWhbKSDA4E2dQxt7pU6aPpxgpOvERJpVclzr0bXweGlQLz67XOlOmfk99eDmGH0pu/UKbXMuneplII0MHxqnQrtoudy0OssNsN0I49IGWNwP6ymGjzv54i+oGFuAC3n7J5Tf6CHTRI+ObPtBwfXHTuAcNT5bsGmqC9H9ZqD9NMkU+eHsXVVHqWU6LakrRVXGOvHK9b77NyRRjcs5aWz/7bbVb6zrFU+480AFnky8Z3K6pAD3aCkTqetInreJefADd98J/WozYLsrDvsuFwyUaZbqu7cAnJCwLuMyFfiS+7QAzAfbL5UT8VQti2ZKTA89DSqevYgOTUn6d2BTga/AlzyfiAsYFtfwor7BMv4QJzbJHdMliEhrI6Uc2kU8Zri8Ei0ye0lObBIjnpDWPtXpRB97NO/lXRhiLUVXqsyscewWT/LIiODZICKKEUUsAgCgMOKumjgcGZfqmQuFwDcd5UgCzpV4bITTNI4QVixw0JHWmFSBn9MgUfI3+NnRom3IZLjiQIw8gjzLokun8iO8y3KPzaWRfX60MjA99Ohj3EXBWw+QHPWiwC7B7z57hvvvuG+5/4IFh+47tdeZLw0NxOjRYRoc4MOURJ87vxU3JtxjA7/pxSF4ulDv9qQMrlXrVG5sGwHv/8PvD93/4Q28nPfDAg74m5cFM5dBr2g2k0ZO6fSbffH/x/C+G51943ougRx5+2AMENqK9vTsgMqy0wYcGdbBV5M11MF/mcPuXXu7wHGMXJhzs6DKpAj50jxw96ksJTES8J+KG/Tf4LAY+4IZWePoEDx0d4BT9iOOndAxkdydWJnlHPvzQlyneefud4f777/N9BJyl8TQCOrJzwA2c8OcRzNdee903Y/IqaHhDHC7u1KS7GZTpkogQoKzSHBpVFRUHN+0CGSA6FN6ErJAC695I18BExwB5PjrO8+E80YZn02YIC64XYR6wMsAyMDJwTjiyrcodrzRt7zacydpH7tHAxqZhnZXvfk2EL7yMXXXyk8nBWYLyYcWCH1ncz8SX9gB6UTBBaky0qZv66M5lvuhKf8iAfsnjGeV11k8ZviwSOaGoMcj1hJSv8wzFEh7QdVrggVpx5OOxQO4F4nXbG3SWx7hz8tTpesHYSflfrpFHF3giq0JICWDaY4zkUI4X2RzJ0oc6tAvQ/TT9LPT4gEl/4nF1cOkD3dc4E2U3w3SYNOFfdcM2bWTmcPQx+WNIoXkRRwbkBJd0j/8AaUvV6SJoWZ2X/BzZrc3i0wskgrKRHVR8jXY056LHAX7gsjiYbobGVuEHR+YljryVEzrYpf8rhEsQ3RfAh15sS9vm5Af/ML2SN75JwH4tfZeLJ4nCFbZtZFmdbixjOseYzqRuylvHa8C0ZIObd65Sbb6qQFAmiiIsxxWy3vKlxVjGwbkCElqGAr8bBAEzAIiwJ1GMpTMHGcGTuhYIHhAURuVjZyuhWsLJosJGRx46LsRlWOr0hM7RNyp60SEMdVhIWgZFuuNbScusetStvBFAIwkeSR2RJXrEHkxullsNvGJZXgXKahEZ+r0E9He26u6+5x5fQmC3AII4hq8NWvZmNdkMsIwMIPo4W8HS6Gs9qPgJ0LSQAfzcKDXZuXlDGFy2eHFK/h6ZxxUPHLx1uEcy8wgT7WTHLZqWWbQgTB3osfXEoN18cfo333xz+N73n/Nd0J994gkPXnSmOD1tks7YNAHokgdP26940QGJo3fz4GibcNARWdjFYTeAs/Y//59/7ns6uE+CdyNkwlkItI+Imo5NWzTrx4OdAQYqwwZcewWPdkeO733ve76hi0sWvLTn3Xff8X9F8M4GBg3+aOqDw4e9OOQSA6TwpQa3kcDtPMsHLM9fByImSyCoZWkwHX1TPTTm5cBow0WQfI6VIVhMh3pdFTzyGOTcz9xHlKcPC7duxwyC4Oqo8rb11O9lC2XkJi/wg0P7Ux+f8nat+o4XHWo80wbXFAugqXJHzZDvVJ5n80kndxyczSdpdPUuZ41lpbppGbSatL6qAH+jqA1Y/ISWxkThelLJvnNkUhljHkfwMgZFJpikPcIbwGfbzwA/Yqn6+CE7VOxC8WY8xh7ChXPnfS/Ohwr8+2Z4RHiOIaM8/WqE9NEp+w9igdD2qTrSj90ejizC0yfoiyAYzWU50+0JDjlDHx25ds0uQj+dwvjjRxlt89TFXt0Xmj/ghZ3okUewTPDH12RvAyqUMF0GQJ/xBNoNbfNReAE8XEd4LK58bxx6CsUvp1LboTe8o1PmQ9qBeI+PtPUcx3OjUu3fDYwh3MfV/x0ixcbxCZnxH+7HoS5kqe2AncgdeZBPrMG5ZavohLXAyzwO/mRH19BxtK3S1sMFOXQZYyt5Sw7sWqX5MJUwJc66wmd93HW/fFi5XMYbsgL04yICd2jXFkGcxQ1KPKtMBGV1DA9ukGH1a0d3R4gAxoEKAs4mP949gDkspD4oYCXKWADGwwBezUlGnAB+yDQqyGrKcWpgeOTvbiIahWdq0Kec+uSQLDxPmKOzaDGghQLUiaMPjUunZdLw/yE8+KDvSEcmzhjaWfiFoqkoYt44mNNmqO/UcZ1XgDyfBNEhjoZ+2PqSBhnsQmARY/sXvfNnzw0/+tGPvA1/9733+G+gEY6bIt3JEatwmzZpBnbsTYeHV+dzo+DXv/714ey5M8MXvviF4ZYDB7xD0Djoz04GHQNbkY982DALARaesQH8wAeHkLP4PLlgA0KPzgu+Pvw/wLe+9a3h3nvvG+688w61w1phWIEgzwAbpvVnZXM0VWOlzx3d8GXwT/tSi4ntihdBvMuBdze8r0UAf2v9qxdfHN57973hjjvucJ/hkUsPqtKjj0V+sqc+6L8YLM51ZAfAz5MKXU66ooJUu37ZXwexe/pKp9tG7YfQphjb+6ZA2QJ/iD6Eqd8ZhL/Yzl48gKMPfR8f8ERhzPQvbA1dBlIWBsZWncu8YrzojzwKoJXxZmG+cT02ZZyhuAdcAH7KHuPw7h1A0k0vdYrOyCNykkZ2gJuxuz9ThvaxG7zDl4kFmeyJZZ6MnbFDIDzouxs3bfATTewWsCCgf9IG3MvxzjvvaFH6kd9J0HyQm4k4PBXMS/k6uD3Qyz6pr1i2bBydpw+7eBs0fsH/zJnTbgv3SfXDtstkcyTVyZPmC/rFCPJTypGLtyPyfhH6PmOpZVI+Jw5zgPfYXpbLxA29aDCghj7gGxf76UOe21TfnJnTlpF5lFuBNqaeT1xkT+434D4ywHxhUfMRaUiyODBtQWxJWcYHxqf2mcIIgvnWOCYZudzAuEhgdwf/P68TNcZn2iJjK/Mstgh9wkQ3+YHQ5oiZfLIEEWFYE9dzJJUsC+k5pYkuYCtCY2Si8lv3rLlqW6g2g/VKTypSWIUotnyZVk6s8wvHhmWAEB2MjZJ+93g1XjcWHQAG3dhWEkb6Utr50GzjAjQoeW6oqpemUz0boEBVaTSvvOl0EhByASKRInQgCW8MAl7oG896EUoweINn9OADcTRFhOMFlDoh1/7YLbjzjjuHRx9/bDigiZFOhW5MojR4+EYOUzMRAGZhmwhfEpGtV73Y2NnXBeiFtuvIHnQMnAV5OQvAtrDiTv8PDn8wvPLSS57QP/vZz/qVzQzCQHaFRKzakXpNF3A7KG8cFJVmgfGd73zHr7+95757vTjK4iGLIs7GkMUKCN++IXLYh7B8BVt70bP5sBBMlJ8MhsjGwtMyKffkxyeGX2tSfl2Lg4ceemjYv3+/d3C8kCj5FgP+S8eGAJ4xb1tg5KO68ML+yMZrn5EV3Pyt8nKfySEbN9vRZ/g7YK4zbtuWxz5F2m1hOSwLfOC6COBVUUtCxesAWFGpy6+PN0HjXwvoba5VDkvrPKYn2sS7rRjYORuMfTNodb1USbrrAVMa++aMiYHe7xXxrhJnznkkkLjPsmRHX04QDjQB6FAfZv44Cm1CfAQZK+nyToPvL3VdH0i8oqTMn0muFwgjvuhQzocvAG7vHMCQjxc6ZQd4x4dCg4r4tft09S/wKOt7sNxPIaA4l6u4PLVjx3bf2Bp+OROn7x5WP+bJAvxdhF2fAF7ozMD8VOYOIFwFjymkW6dZfc76eWQYm7I4YOcXEvgzYxtjLtXtFx6PObPOiQg2YvK7WK+G9ji5kr/1zz1b0CQfPranwNartGkqUNQ6AeZT9SKwDS0Ax7+ql/rQY/zJfQ81aXuCS03bTJD24zFx9XPTLZB+nfSJoRLznQOPIQJenAQt9Db9Ub4ANrau1FXouYB/K16zeo3r+ZLQkSO+7ysLbk6aIic6te/1ZX70Tgw+8FTg0HhOYivqZAwL7hxCoSmOYB7mqoPkRN7b963VYlIJEUFgv01JXDh7wtjozXUZ+5JwWCHnmWSRER3erIehAZkhRsQY1eHNDNDBBoOWaFC3+wnGs1NHOwGNAP0gtNF5YYUbqNLdYEa7qkmx6lCcwA/8wNaPj9RFW9UjqsYKXnUa54UuMmFgGo4VdYzNqn7psH7D+uHGG2702wO5v4DH/i7JLpBisMOhsUHrwC88A8kDNxC+XW4xxIujq5dzfxJQ6s6kIzIT9ypd6VMnTvpNh2xBogOr+GPHjvnFGDt37fQ9EVwq6IXXxDcDVuwbGxHQkYGKV97yLoFXXnnFNzLyD5I8J4vPROQ8Y5sFAu2iBYoWEfwj4Lvvvuv0DTfsG3bs3DFs3LDRfocf0dHojBnAcsaC81OGf7799tvDr154wVuwvEBqz949pkU98CSk9VgMtDWtDjL4tje4TieDyd435iiwxXjm7JnhtDowevglIsqHPvr71bMa/Fy3bNO0/HilBkn7i7LT3MEzmF9l/3UAvZBN0j/FC9Bh8plrqam2K4341wHqdV2jjTLm0JNSn/V58BYwZsxZwqNphQQ/pMODge+C2qzrAwyYad/wYWFwVm2Q8aRlCl2Ag/1LFbxYEA7l4DPxNM5YDgrCOEoiEDmrSJHQzGTmy3LVrtZXtIj3W/valinrdHj4KAh/+l/0oI2wFx/q6df8TBcXwZbCZDyjL+7YsXPYunWb/RDA/iwGWJxyYyyXtPAtxlkgdOIXbS/6nxhZLm8zJ5q/eZJYxI1PRIE6AHKC7DHa/Yk+KF60FTzNI0fAtFSVscITr7J7pydPSFjbkb5ykldpQwmXdghu/ISa8DCFkScAnQZj8XWgBhAeBC4/en4h1/JnbmKOIxeVwbfuhddAlhcHinj8KFi6hJ0DTm4yJmAv64bO+kRu/EA6ge9FMDf+ae7QXLFixSotvs76finatu+xcT0F6mXxJflLJ1rRLcmgQNpjATrCgzZHCwpyWUsjqRKNC0aok5N0IBgTeO5icXX7vjUsJq24V0J0VhX6+heDtcrcKAoojri+NmPimVDTIJgkjcCEkD9/QBSw0lA+cyDPSlPGJJAVDg2As0MPdkhu5xSMTiFcOpBlIR9rgKfAa3jjXDnDTAiezZCvfpQnft15/Lhf0fSEJKAjjDxNIdfyoc2kcNNNNw4PPvjAcL8mJ65xQw/94AkOaYRKOvQJDCaxVfFpFp2WvBSTis2Shk6JcV1gYGUggfYltRs7GlwHf+OtN4cjH3zoO+o5A9musxH05pFFBhyuDzIhMsHuVeBsxfwxe/EbZbdtIyf/jfDjH//Y2+zUefzxx4fNWzfXYiC7CyhnHYTP4uqNN94cfvWrF4Z33nk3194oEY/dWqDs27dfYe+wVbS4X8ELC52xhIYwxZc6L2shwl8d826Be+++Z9iybatQYpvx0olCyzkH+pM9UmUUg0pF/A/dOCPj8UQ6xe233+aOy1Yg/WCtBmwuIQCHDx/2Y18sDNlK7XskIAgd+7HivWCOj9oDnQ/bxu/8mUALADyXjxB7hsoMTDTR60Hbw/YpGPvEWOZfx81XdqG/TrsFwUu9xMFvOtBOPfl76ZxJO4Oc6ShOmc+iZCf3D3UKbtqifdmlwX8RI/Q4FqtSMmeInLggQ9LIGv+ELRLp43JZCgLk69N2y6Bbk4EgEz1jS2RCNg/sypsmphk9V6KOc0o0fqqfIg88FFwPPNXjg6zQNBqfmny5kW/Txk1eGKxfn9caIwt+yMKehQETSLcFExxHCe0j+sODccpx9IAJQoKnL0y9ZHFeLVikM7sKNpPwWASCz64evs3iAF16nIcUN2Qim9tPaWh4oUcaRqbNSQGLwbQVH+TrBUZD8CsuYubltqxMgdvAjEhUHcFkeycF8ZnOiG8oDs6MZ542EZbK5ImYcPTLxmsZObDIYd6R5M6gZHmh9lMcZgNO20U4jEnZZY+/MVStUjsz7tI3GKOPHj1u29Kublthth2iKbOko/rCOQF+OaIjC2P8JbJNiwNqKhgHmq5kue2HToXiHOI7onXrHm5IFLIaMc4iVIyqYIMI0UQxkJVm+0+dnTxwoeyOERYxkBxL+LKOhfLkCZrifUzdmkiU5GwL+nZOldGnYtTQNEjpntQBKyA8yPEnRsZXBgO0ndV4KqwDMXcGfdSEY392qyluuSgtRwem4xJ33vvuvW/4zGc+Pdx4435Pwr4TX+AOKXmgYZtJL8sKFO3JDsFFLVvE9tCXcmQCiQwFHJzF1jUw0gQv8T4y0f3whz8czl04P9x2661+OxZnJNj6rM46OHs/cuRDn4HA/8MjH/iaJm9Ku+POu4Y9u/fUm7Lyelt3GgFxVrff/va3PUmyvc5bFDn7Z4BjIADXskguFpHcAIksXCOlU2xSHc6qkRE5/A+UwsXXWFHfeOONvtzBogM70Gl5dpv7JN55523vUvD3xt7hYsGGHSQX2tOu4LctFkDbtYrA4+PBSHY5owUPjx/+5V/95fCbv/mbw7q164Qa2/NXyiyIjh475h2TXbLT+noPhO1PO6jNuz3sh4rDCr3MUj/wdLTwjFN4LiGvoHXIr4CiWT8LUD+xVJ2XTXBdexREFmKpS7oHdG8p9wArAI90+hlfdFOZvtZ7NrCzGLjECYY+2ND68qU/gVt44Jw7e96XZkoE84AodcKbMYV4y0ddAicq4eGv82IT87OEk4zwJZL2Udv0GaWLjaAPcXiJlvDQCZoWv+QD03Ucqi1rIGYxUFyMQJPDL1X1W/Qch5OqrVqzatixfbt383iFccpzMzOXAnl01uNkycX4at6mEFxLHiYed2w7fViYS4AUkZeI+44vjfIulmUr3Nb4OG0PZC6AQp3UYTOBx0/ZDLtlfIMPv5kf6P8exyyWdKXU39gFGWJl5Qmp27HTQCZJ8IPXvkLS+kCQUsmIDM3DxoQmUXS17wqfuPKZx/BFyvFPMJkNrIV8gZ2j9ptMtPoo6Z0DRXo+BGfZUnjSfsiRlQKyoD98oAJ95GUc7d03xlX8DlvzRkrGHezP+2baxrEDtaGPhCKvvFBNiJzYpvxZtrb8wkIu/IzX7leDWyY+kRN7ZCECbh/nYL4Hd62WLFkxurPAFHqFjIFiXxFVOTmUIFAYAjoqYhwMKWN5OnF5fyYgDh51fPeuItSBL+MCdPhksImzopQhjIyTPAXoUJEyJWhY/iEwZ3GuZVkBdxy5A/zQ1Z1ORzqKr7+rLjelQd8LDBpf8X379w1f/tKXhgfvf8Bb82nA6GFZYO9PAKdEhxYAfKJ2HulEB0J2+MODI9fN85ZJ3IByqpuK+YwO3bYTbvNnkGzg0Sacb9++fV7AtKxU8iQm+rwPgHcSvP3WW8PzL7xgWj2g8y+Mn/uNz2mSPuj6rH6RDwf/+tf/+/DKq6/4UT0uqRw8cCA6oyof66tBX/jI8a1vfsv3ZfBEBDdtrhI9ZOZFRZypv/veu97J4FFA3iGAqNhu167dw4GDB+xnP/nJT7x4gZ//56H0Ca+G8EVXtvvolC0L2MR9xqYjZ2Cr12QQhj5Y+Ae7L//lz/5seOLJJ43LJRMWUbxIibeKsbjZKb3Bo7/46MEKMJeJJ/44k69j3RZOIxNpo5JD34q81wNw3O9EGxsGwA71sZ0F4Db7TLaBzjdb/SSO3XLMzVIaqMp/U0b92M442Ez+Cw4VLZeO/INfnjDIJSAAOb2rhdzIKn6ZPK5qoXlefnpGi8X4NXnIGp7gQWEuQ9JAcDNpcASsi+rbRsrPRFX4Tbf0AJDDA6U+AOUuU9J5xTLl+q36ThEHv+RhEO42if5ZUFtv93fwuCaffuoJR2HVqpXefdytvoFu/gM0ycVW83vqGyzg8VcvqsoWnEjZBzQe0y+hjR7wJW5WAsuoPOQlC7p92YzHl7lHJgv1jzxewCeAboy77CDQjvANUfNAFjHBEtxvIDbmBW/vGLt9haJxzW2jqp7Eldl+Ba7lUzptThuW4Dr2eA0hj9Hihb7Qo56SpkEA4EWN0EmZjyPNOWi8ZayTr/eYQPC8ITldVzw8/pNPGhzVpNyP0IsbbWwfkz3GHQR9fKlBwK5stx83O3MiSWugA+OsFww1TmHf1s38BW07605E+enLtcshXNvCC1H0xi7RP4DP9DgRgLSlF17bCkDubgfKvei5eUftHKgSKw8M5EY0YhlOhRwph3TK6YA0bJwPAAeHt1GFB7aZ+ldxlNEHA4OHXlcuoZirG+huksxKGL9WOF0f8MQKArgCsukEbkjrIJOgXKHE+NSFKDWQUw2rwEswcEQchZdA2CmFz4056Msrcp944rPj2SQDoJ0loph2IjlUtvmNZQLz56yCqorGBqwyZR1srY/lNHYGVBwIW8KTxQuFDDQmhZ3lnODElqnvgVhxdyiImR92DGVwwAevH0nkLJ77B7g3wZP02rXeGQCHnQHeHcBjeuwYvPDC87634ElNoJzF49yx9VJ3AOTE6VkRf/c73xkOHTo07NGEzuUYBGrZwEMiztrhxX8o9CKByYcVNn/niwyHDt3uJxJ4zpvJhxucmJzFdbR7A22DTfBLt6eOPnOVjB6Yhd+6x6aRCTsQvve97/tNluTzvDbbuex8PPjAg94poZ8ITXVXDmfPsernXpT2L5WJT9opnb6hY8Yzqn5cz5mKphO7qOo1zYbm0/KCbRRF8SdgXqfjIdcSBJqO+7DaUCmnaRsvbJT2BERnCivTMY50o5/4ZEH5DH4E8rE/dm2fpJJlpZ4nHEftIywO8JleYEWm2M5phUgdO6U8OBncOg0mrNoGqQ9fB32Qd8FgqDT4iNbpvw4YhzI2IB+2iS7QsAzKY5xUzLp70kBu47AQOuc6LI7JRC762X6ddGzetNE+idmxBT7Hzb70BQRExkweUE/bIwtH6tnWTDLyPfiu1tiFfbEj7Ulgkl+v8WuDFgV9wsDlnI8/+tgLddoNfOTlEgdC0jaMgdu27VB6qd+AysJRyMazNDV8286KQIc4MmFtt6Xktx8BwqG87U2b2J5FKGXku9h46Uuxq2VUHnhzQBYmHOYBy1IBecwLeqri9sKOCvgrZa7bNB1NOW8LdFtiX/JMJ4EFgncvfX2B9l5uu2J/TozoG6e4T+Sjj8aTKxYH7LqbI/yV1/ogXOKxgXVyvmMVgsMRmYDoW+XCTxzgyC5JfCVl2KPmePOC1gSWy7hJL7lJiwOvEjCCFMJ4ODFOCrJXLCaccgSDADitGAOmEIpxmFMPOeFDeVaw4IYWuMKQUytPhgJGuUTLZU5lIHJMyqTRJYeO4DfQOego6SzURfEgkEZupAqUPpo0NGJZdxqTZ5VpwFU6q2Qr+bbbbvVd/Xfeeaf1hJzfpqUjFOf8yUBK5JvnK2kgz5MothHvSzWBeYGg4zI5GnlelQuXDsME2ZNY+KeD2P6zOGC+ouMB2m0wnVV0aFyfVdsms04rYMucBcILL7wwvPbaa5aHhQNn2Zz10xmYBB5++FN+lwMy9qNB0EduftCh7UU57Uu5B1TwBDg3sgLg0jq8lpj/ZqBTcYbD4Ll5My992WC+sQ1MRCPfkV4DNqCEwRC58ux4tp+5rv3hkQ/d6fk7034jGB0aXM6i0P8Otfc5LW74y9rDh98fbr75Fj+SZQ9S+2NX6lGn+cdDZU/S+nr7M1kLIHYSNkLhxzqABu2RStO0rjMw6bRjt2fo+Dvhm0eicxotI0CbMDh4l0DtEloTfvqMSNnm+GP6E/0GDPoig553CxQA/NQLA9mTduhBybT9MSm3BWeqTGAuw1SNNwsTpE8533LXZFLQuPSrxOJP03gRXZouwflYDVNVXkNsSwymOUobIk6yMM3OFLj4usY2FcMfoH78AznAZ7cgYyk+j+9z0sFuAf+ax6KXfs5iiTrcdMhNwz0eSDrlh+5ctuadSUnjnsp4rJoy7jNqPyVwLw8v68pfm2tRoAUIZ7XwRHfa24tEiEto0tDiLaOMk8eOfzSc0vgQeVSufsD/GSAXfBnHbAd2ggXMFVjMttUHHOTVAUXSjnxUDl+3la2Vsc9CCLq+7Uc9fdxyEApK1WexFt4AvNIXQUp+06etRNi5fllf+bp1Jx/ZpBhJ6jKPmV/hoCfTQBaAaR/+QA/bsvuLjdCfP1w7yv1d6mO0u9vOVArMDnrR2fYrXrCzPJYZDrEP/ZCFohcHJUtEAzeygu2070tJHcDzT+lhS7o+uPAkhGbDkpt2rbnqMwABTgSgSJy/hOw4xCErAs3QCpuwf4KnsFSZiDHvxGSABvtQyrH6XQR1B6MkKlLoxQGBJARGOYwQbMnTiwPzwND6gOeBDpl8Iwq0SMrAOCvGUx4NzaDGtSf+Svmxxx4d7r3/3mHrli0exPyIk/A503U9KMGfSIHtoE8bHLBdBMjCNpQnOclBPjJ6IBV+rkGd8BkDj7ZwzX3v3n3u1OYpvWxz4XY7hUZs444g3t0uc7nAG+UQLjLyZfDoiZHghZXwODvniQIWCG+99Vbu4tfZBGfOPF7FboLtJTl6WywkxR9nDVOUdj4ye1DRkTg6A/04m/3K+NENXHSGhuXVEfl6gLHOJh7ycxgXLKpvu2Bf5XGWz5sOeW771y+9NGzbuk36bLJOXEbh3eKUeZdBfFhEMEjfooUBlxOQERkow9eQ0/qQRhbLlIESoTK4LJaOonke+lWs6FTyGrAN6Etm2TSEXxWQJeXJc9oy0LaLqYIzhZQTQtcq4OPFpukBPZDyxBI3ELL4Qh4WWizo3M7i27IC+BlR5GFBQR8gXFLdcG07TLI3PxAqNuYToIXc7gvgWmbaBjvg46lnn8GnlJF6qZ/FT3TJoNxcGCdi68kuAKNEgKNtWzlZsOSm5dQVfdkPzKZN66InC/4t8jmefuE+IMYbztC55+Lc2XNaoJ/SovRkbCOa8EFMD9xQVCb8vEWtMi63Memz08kYwqKA+we4XMH9C/BYp0U29btPsCPBWNM8AGSLD8IzOxzsFtKm/H0zfYGFJO3P+IDdWRwsX849C9m9wMaZSFmQyA7W38RtD8qByvLR7UVblr/YzxWdQ+59APRblcEjOIu2sl1m7dg4iiYv7Wr7FQ6lTOo9r+VLDQE4CvaXEgh2YMAvlqIsOxAAYzRjvL1PXxZhtAeJ9pa+NGyOISjZRalkh21lO21C4GNYxY2jo6zpuOUwPuUC00EeHWtxAJ7bC/2NosWN6kDJ/iVoe0Yu5BHtG3bzKGMcZxJWJGBcFfzGJME4iAuoDFDXYyC4zomYZoJgEpIc6rHaqT5Tiqk+Z/OVJuR6jUrIU12MSoxfy0VKxeksyENdBcnvSwXqbBZRIQ4pHN88UplQdQXX9hHnZnDbvnP78OCDD/ra9v4b9meSwZCaYKAzrsSpV/qbJCE/gjRwQ9sLQJfRfkKC1ukzp30HP9f+31TgGjedETvwQh3etHjgwMFh+/Y82sQNfmY5o9uOYqdFXwVEmImxAFxu/FxnR6+5nuT3kZ0D7k9gZc69GDt1xu3JXWUZBCOHFy9lHyYAr2xVhryZrJlQI1ts1bwzMFAPmshMaQ/M8IIuZ6SXNJi5NCwnUD0DMqsetLh23nXQ7bAWXeDxR0knT5wc1qxdM7zx+uuuykDKHydxPwODKRMXCwUGVc4EWFRiCwbNHkhsI8XDG1ukj1gPQfqH8JyagG4NzG1sIE6+PqZPqiuXyo3bE0UyccXskNiW0tVBeT6jUtyoom/TC0ylaRekPARhk3iBoq0zZ83w4QhB2p+TC8vUugjAdVDc/qWQBUVuzqJ9sSe0MlGn+kiCeH5Mo8XpwZi66DY/W0dO8mInyVX+NuqmbOxC+Vy/ljUAbuiEVvPucrWx9KUvY1/ywaH+0qWZJGkL7BIeWnTLhzes3+DdAhaaq3wToHxKxUy03DgMjdPqZzyZwA5XyxS6TLbZsSLNwmD1ylW2BU/ScE8P79ngpUiMAaTBh9fa1dwZf3k4K3/G/sjLLgUvUsK+0ziayYP+xn/AsGuHPfmvhhMnWLDkkV76Nn3KJxWqbzurLvXp8z5pgCaqK5BPPyFv7BvSwbbR1zpKD44G5XffSRpcHcvGIygvfF1UP2lfQ2cq6XbUR1qangi5fvyC+Stt1XY2O6F4bEM+aIE/kmXcE13ZIr5YvkIgX0f83OwVp2beoEllqqtA3/bBnsDJ9KGAukZRMCY/Lk8mdRgpCA3ySgg6z4sD47GYSRuEh3JFApvE1goliykTV/6SPdunNyS2sMYwOSKqWAYfKzaegPRYTwCdKFr1/cXwGThZAZE2P/NUntBjRE0y6mB+TIcPtFDWLFl9MSgxEKfD5IxAhYjI5QG4Wp7o0me3HjzdkQORD/xcWuAu+Xvvu2/4jc99bjhwC1vIuSGxCBofOl2XbLsQkfyMENqFZ1lSjtMQp2MhNzccvaQzWG7KY4Dgeh7b6ZxNM3DSCencvPWPlxnxR0L33nOP/7uAgYUJjB0MbEEaG/bWlfn5E56LgTwGjC7D9qR5ooCdgp07d4yXUrAhg4I7uOTuXaVMCLENQLzz7dTOo40UE07LAh/oUA9n9Y194kGaerZz01KcMP3LXGiYlkI4l63JIVMAD+7CxkYsQNgFeFe68T/1bKd++jOfdh3+jY6bDcEnHzm3bNnqHZNbbrnZuwle6YsRdoiu4iWd6FQSRankZbUe+RhUPOAFwRgBpJz8iHTVdr3QCY2UL4bUaeg6nNEx4LMg8lmMq4aWE8KbJqvUaZhQUo4s0S3tHYzI48lB/gkOi0HKXUdlhNBXDVUhjV050q4sCPBztlhJd34WgcEnLADomP8EyOZ6s0lgjuPBTmJk4oh9EWuSjfr056SB5j33IcsoPNfnVx3MOKKD3uSDA8QGOuIXRYvxgXwuxXGdn0U1l8hymSt0/PjmxQvDUi7XccnrQ+65OWlanP1zsmMF+c3BC9m1a9flTa22Q+zMjZ2c5GzTAoRdPnYH+mU7H3103GTYCeA+Hu4Hog4ytD7grV7F5dT1focLukEDGRk7aTvi7HBQl3Iv8kQXGeZ2R1h0tI9oPIA++b4sja3AFWAv29wJioizc5DJLJCxl5agHnGDeQXfSR2oA19gfmQsoX+SlSq0NYWSXYcrynR7SR7om44+HJGJRY/zFU+eTiiVZuwa24C46S/x46cnZTvzAFngfinAb6Fh6SKiIDjISqAKtBIPvxmyAD05glS1mQCMU7oR96We6MKXfNuYiAkQqr5+Y2MumWRnd8mOLcu9OOgQI6QB3HGtTDozUvYgYyYCH0k7BTsYKFBVoQ1LXwRVTeWGiINkgjANCys6V8PfpTQoODiYzj65dsekSVVockZqXNVdhhHMN8a1jDifjjhzNx71AjjasuGmG24evvyVLw+PPPqIt+FwYIL1RQrbI5M6HQjAeXlRVNsJPPBdhVRF2vlZGADUg8bPfv7z4ZlnnvE2IpP9rt27/A+OdEwmtF//+tfDj370Y9+gx+TFoMzK/aJW+9yc96UvfXm49eBBb0d68sLxxNI6K1gWf7C/GtrmjYyUNyAPwPVN/jeAhQE7BLx18NFHHpHdZXP01hk4T1E0De8KCKiPPXF8JnjwGTDiQ/jKUg8otBP1wKEjUQZd7xIhTtFl0TSPWz7F4e+XClW5dSg9DRzaxhoIaD8vlJTmcUlwuYxAvbfeelPhbS+A9u3fP6zXwB1y8ZMXZftdO3cN/M+9dVV7MXQgS9iJrtrVMponmUw4ueZp3fWxbPiHDsSFrXJKYjuTAs/H0DIl6iWz6NOmOZpOBQBeyIXNOcPL/QPdV6kPP1d2HHwkWcCjbGp8fTzpKgku0Lxot+hYZQhl+oHIVQnolFzJ5+Y2nSHLf3uQpD/RX5GLcu9EFJCHDMgKuF93vOi1PvBhnMogHd0zEeXEgHSEjB1dnwGkBRcYZxE4b8yW7uoXJlX14BkZoJt2RDfk8RMB7EbK7+nTPPrKxAsBLMYYiqxsOzPCndRJAfe2cFkAWkzG9mEdbQvhcOS/+LkPgB0x+jU6syjElmtWr/YlSG785WVj2IBx0/pKOOpB48MPPrStfW+IaJDHtXJ2ILjPil0JxiDuL+B9Hl0fyZGZs2V05/4g7jc5r8Wix1fnZ6JsG88nW9RgfECu0JzKew6Yp1Ul9qeeypAB/i4jW/k9/poWeY47KwnAvDhEthCNfBJ4uAxtBaS0rJLBoGLPOyVLtxt+xfiXE5ppTGR8ZIcR+x09dtSPRWNneEK3ATvR5+DYdQH0SdrJMU0ki6AqEJAdPPTGttiHfpXx0rjkqcySKw6JiX6X0AboSCp9HJ+qWsOSnVtXQMmVgTAimIoUU0ENfCCloURURwKKNy6GcwPAhINkpX4WCODCkjOdS8YhBT3oQNtC1eJAUgsTuiLiApUv0yRdjkiat07RiWhAubkbnLMnJmBowoeJxatfd4iViOnJlm36++97YPjtr/3OcNPNNwmXx0r68TRW1WD6x1JU1GBxZhmWX4C8nU+nByhLoyDbleGb3/yWn9e/6667Fe7ydW94ntfgSefKoMbq84wf4fv6N77hm4HozAbhQIvHFD/7mc8ODz34oG9IssyU2/ya1HBe886ABQ52oL0yoGZi53HGf/fv/p2307lJj5sNeSER2+8mB79S1bqQJ/qdbqANrGfp3UDevHM0jHaSfKbjujNbKu2Y0sZN9pg/7gQp0fRbJ2hwhstTEOwIMOgdO37cMh48eMA7JCe1svffU2tg5F3yDIa8x4A/cOJ6cO7Ulj8ziIhJJoPIlydomIRUZPsm3b7HQM3Z2YqVqz3Q+nKXgkl5UIge9nH0KR1sgS6DdB0bbCt9jFtl6Mw9Ifx5C+Ue9ICSdbQn7ZjsGpxoy0ykhhk+tAn0W78NlYlcKPDFJo2Hz2XAFeiALCQpI055BxYHF9gVE0LwUg/+lltpAmUNkSV0bWMlkNvyS96mMdUlHX+jHQiNAzSe8/h2mWiNfBvdeSRa3sm3qEce8UwgmdDTPnkahkCf2rt7j30M8FgHSWgL/4LGHF6fe0STCQsFeGGruZ0jV55KYKzjngXukeFEgRuIweO+qLVr1louzvbBgz4Tvkh40cGNh+xKMLZQn8CYkoVIJjXqU85bQY8cPWafRVYWPbZE6W2ZlIG+2AgzsnhnV8EvslI/gH9PtNQjxriOTq0X5Z3uNoMncVFNmT7E+WLrfhVzw1yevveBRPsUwNFxjk7LlyQffeKSMvyOg1oodWhwWnJCl/bDX3tC5cZm6NLHGVsZs+n3zDvRIT7U9FoORAkfcqf+Rjr2LN2VTl3kxobBpU4WRsrFR8FT3DYNSeHRZsFrGu3PIEjlALzQR8F4SuOD+GktDhogZvLgGHg7lEQOEZUR3BgCDEWDuYbycTIMbmdSfRShFJLjAsHIGIADSKRVHeGI8OIG1XIjs5VnhPzSSHZIBctqmiwLjIq3umOoIPUFDErIyyIBRLbMDhy4ZfjC5z8/3Hvf/eog6rjlSH2NGsOms4QPwFMWDeI8yg20zQyKW2rRm+eTPn2aO+BzsyHXBVn1d5nP0mkUVWEAXbkyjs6LMl559bXhZz/7mXcU+qY5Bks60749e73I4N8BeZEKgwTi2RFkL+slPJyWa+joZxuqc/zil78c/uIvvqVBbP1wyy23DHfdeeewa9dO2ZA248ylBmTsLjnpEKhNHrBA7xk4t8tAvT6a7YitTEc0jVr1zFfxkZYK2650CGyD7zFxUc4ZDQtH6tBpaXMmTC+cZCt2WA5/cNi7MdRlx4ZFAjcM8S777bId9sMW/XgdOx7wTUeMTPEJBYlE36Adzp07M7z3rhYcGqx5smLTpo1akGyU3ZYNK3XGSFvwpyr4GpfNmHClXdH0r+UOOMOQsskmKSOejo4s0GVgusiAjGxCaSzbD9vQX5UxDs5QsC61iCxGGazTD8lj0HOZ6tB/wSWuTPto6Gehhl8hC+g+65W96XueNMWf4F0DVei0eeojSdym8wEdaL3JQ1fqULwwP2VQUo7TtC/9l8lCOcYFGr95E48Ok0zkUYVa0IVW6vQJQ8CTxKwufDxhsBAQPn1z585dvlnQvqrga9QKlGEfzvAPf/jhcFp9E45mLZ60QY6h3zua+CZPNzCGcNbObgRpj1uyPW0UeTIO5v6tq8PRI3lFL/68efNGjz1crmQ8jh/FpgQU59HGjz762GWW2fa1WraD7UjaNpMNawzGJ9zXqs099qqu29a4U5l9CVBFfGDBBKwy8tpulkvfMc2HPIFlQX5IVT91iX9UJt5WKhmK0cbIJDnwWx3F3HQB24F+UPhtF+SyjLS7cNk5oB0B77SoTQje/bHMWeBguoiasbh9lbxJh+hheTlY3i5XHNz8WB/ra10bn6L4qOMmq7TLIv8cQpZ+MuVDv9NVfViyffNS289GoGABISb8MoxSNqDiGBbi5I4GUz4NTsPjIBCPE4GXgdQDTJikTLjRTXSKxtUrRqjGclP6t60AP9enprPCH5eBHh3FksFLTuszN3UUJolde3cNjz366PDEk5/1ZICjCtH6IQ+cYROZkSn0w0hBUc7G+Xi2LFhgM3AqOgfosnMBHw8mOppn8UZf8jnyPDhOFHuqo2ugo/PzUhTuU3jhhV85jnNy7ZGBGdxbbr7Z/zfAjYwsgtBtcpgMBNBnYHn9jdeHb33rLyTT8uGBBx70K4PZAr1aj12xXdDyyUCTrBBT3DDTe2aB1FHOqGM53SeB8cHtOFD8Gpov9MxXRxaGbG8yCXDjJC9Uopwbv7gjnMUCN3reLLswwB47fszbfYfuOOSFGWd0DBAsBvAb7J+BOTJjX2zFjWZuVzq2e7u+loX/A+DvWE/prJi7zTXIq5z2wP/WrtMgvHadw6qVa0SbBWAGVHa9ohK+0HpD09kjzG1gI5svh/zTG9eqmZS94CuUEaqu+2sB9Dx4JeE+OfqjssDN9jg3leZsCp/Bv4iD590CEQDf9tMZMP3MLzNSZvxWizXJ5T4WwVMP0IExIgNPZSnatghlikp+dJOtXd8I6ZvIAiB/8vDx+DuLA84y1ZJKle+6OvZb2P9SD52nfH199PaxPqGbfMaLaSKObRlY2YHi1d74HeW8Bhm/Aw/7EPAz7MN/nvBk0jm1oSdQqGMP08riAJ2gS30m9Fx2vGh/44VhnP3TXvgbddauZsKfX47I48nc5MguxpYtm3zEr6Nj/L2BOtRlYcBlTBYytC/SWTLVaRsBtAflPkETXyAlsZ3tXHHwoNe7CvhMI8M34jK+ZMEKZCJWmdtQpfTJ2h0ggE/o+hGLn9jNoHajv/GpHMXS1tZP6J57Cj+04ufmrHjPf45LNre9wgreJ6H2YJHHwqAv62Uu68VBlKQuAE+g+TTEJx1TvrMM0AAsAflKlmQptfyK6Wgf1Uks8gLUdFuBo7j5kUk9fexb+sTXVI5eOmY+V3rbJg1zGEIpfzi6JJ2ARsj19TgtZVm9iCBMjUvNDArQclA6OGmUptNtZhk5OoJTBK565wCkplOuqTiTvBum+Lhjqgju5KMU+dJS/LIlRpLH7+69957h8c887ncXcMMOAxd0cBw6C3pcUeNaf8sRmxh8MKPrLg5SLhBKK7igfgELHy9ktEKaBhUeZeIfHHOWQ52yXmQCz40VhyXwGBJv7+N/BngL4UfHP9KAcdqTBBMe//1w0003DzfceKPPkDm7wCkZnLAH1zefe+45t9dDD33KODgKttCvePfgIk11oA6vy06HnKAsZWkX6wq0vHbW65Q3uC64HRfYfo4VKJ888BxHVsnMBMZjigyA3ITojsqNnRowsc2tB28dbjlwi2XFH7mHABp0BM7e3EEU9wRqut25sQedLTxoBwZxYUgYBhadKWthQvzEyY+H48eO2Ke2b99qeyM9d3lf0ITJi0/Wr9+ksh2aHHi7JvboNp0GWytcKjqp8gB2rKggsnG9me1iXq6D7WI/5J1qFagyk7EXJeijM8jecQOH3Rf8wzanPnwV2IFpsKw6Rl4ysivnmwy9Q8BEgpyhAYJtJp4A+eNAia8xWWBzqJpeHQVZREAraWzs+gSloh8yqgS+ouPxxf058qVPy8aFZ730gQb00QPcLke2iW8Yt491HjFgGlQzdrDVT5tv3boFVPfF9TxeKH/ELul7uf8C4FIXjwba5qLjhZ1tg+0YQuIbAHrBw5cKJC+L+Y0bN/keAtrS9/RIb54k4kSBeowDAJceWDSjA69E7xe7xUbYEu6tX8ZvFgdHPjzq+w2QiX5ke+kDUNegJDbExvgyYLpEsHXIxvb6mAJ0RJMPT0v0roI/VeY2UWXyus2aUPd35MxYBB/G+hznkLoAtNPWQNoOWdMuV9QXjds8TTM1+2iQCGmL4q824VI0YzHvM8giiflHtPUTLvDWL2nzyC4bENIz+iOkT5TGzgHadwz4RyIKwaQ84xX+U6U62q60kz/BVob5E1I+6Q1n9xrFl+zcwq18puTKUSIBZduYDo6n0/fZCPlhEOdStcolP4MpKdMyD304ihaCOogUAwXbV2p+ZaTDUB8M6GM0JtAsELKaR4aUSVZ94J/Ay3ou+ro5d/l/7vOfG+68606v7KHH5Iw87pAyNPqQFlMV12RmzPpNErEM6OAza8ooHvHjBBghck1lBnZFVA/+XZ7OqpqFFlsiT+xEGVZAL6pE1iAzMHAzIS/uefnlV/xugt4SZ8DmWvuePXuG2w8d8r0JOO17wuGNf7y1kMsI/J/CJQaAsqXEQXyrbFk4OrCwSZs1WLfCmQN1KXP+rNxSU2cOKjeukMAc7eX8WYcnuwh5kqaObAM6d3n/5Cc/9muPObvibAm7QOMDLRB4jIz/f+AVyLnMIF/Ch/AxCBZdOj42RW8uQ0Efv4h8sQ9/JnNZg0JeuoJPcn/DBS8U2EXgsc8LOjJYb9y8RRPE6uHUyTNisXTYxrvzV64Wf1VdkntLeqJCP+uOLO0MBfBdCHlCgS1MFnzOqapA157X6kkUHtGHyVBnnTWRsEBigc1EREBv17d8CUlSj12LLAp8rw509bEfFx5tRzR+xTE7BR5D4I9fqyz9nDppS6D5Na0GY5keMejgC4or9BldA4sfeNgaQnSf1rfpWlZolZXmvFwP2jWQ0z7I7T5JEfILnz7JTYDsVK3VZM0uE4uwvBcji/7YO7Zga59FLGeZBpUhh/1c/OJrkYsFAkBbwAvxWRDg35wAjG0oXCZ90q6jI/+KyC4WgcXwujVrx/sPCEyKjDvdxsryL2nGzffee1+LzvPKqftKQFBFDm0nx7GhCYQCbeH2UBJ/9JXYILicQ8UEPcanPRb7Q9ouQB5gW+ronTzFog9yZ1erg5iGrQCdsvBUUFFOIkmGH6Q7jq6pE3oLQEl8iLmFxTV68jf4Z06rbysOO2SmLaHlKuYT+p2mvRMPfco6HnxoIVThpGiBPcgskgbwXA9lhJ/5SwjQSEzH0HIans6L3gD+DbR80FiyZ9tK/2VzilLQwmJYTwgiQJ4NLYggYhB0C4WwWRx0IwUP6xO3YU0vHcGZFg9n5TEpreQQ9CodCWW74yq4cemgqQ+d0FexwLJ5sM0CgcblveFPPvXU8PkvfH7YsGGjabCw6JvJMAp4DGs2BAS74SrQSMXC0GO2rbVoAAfAbv1tn6YrIH350tVhtSYHb6kJF3nzPP5KM2RSZ3ChPVhAwLwl4sOWXA8kzi0+NCiDNNfTn3/+Bb8K+YMPDtuRObtkkGKRxA2HDFCPPfa4d1KoS2AAomNgD/6KlD/hmoN3S+DVjAusGzSI62N6hTWXk3zAybLHHFwXKvqO9oLOdXAbaD/k5l0F+A07KZzB7dm9eziuszJu0nr/8GHfib1derNY4FWmDz70kLdWoU2708nhD0fslPcacPZVf7msfHwzN31eGo4dZafm+LB27Srfn3H+PPa9oDOI414c7NIiBNovvfSyzh43D7t378313WW8OZAFB7bUAFK6wp/+ZRGUtiyLfKttw5EJi8sJTOrI6M5tdNmwq5W9G+wjxYd27kBdbMfrcrl+nSczCiQLdgC6vq8/yzfwNxYHidNnjVZs0Q9f6IFGfB3PzgTAIWOGI6KdOOxSN3hdHyAfIK91ZiygD1HW9UALWfpXdhgjk6s7naC46GDTzp+DbSN9AWiLjcYd+sckH/7GwoAtf8izcMRPqMvCjXKeMKBfs0jlMgJ1GcdylofsS/2EATagD9sXhINvsxAg+H4BjQnr5beXtJBHZnY92UXoSYPFEZdAsrhd4jqkN6sfIDOy087YPXplceOx38bRQkC8meyOHDnmRQJ1sLf/70XjZ4/3gM3ptkCf3IvidlR2gn5tZBCJVqSgTzQnoDxpZIRu2ik3yFlnyv0FLz7WfoFNUwhPc7fe/hg9/NHZb7kV2I/gw0Fx7N98Wxd8rP0LqMNw5tw5L8xbrr7fxi9BCquxTnw/dW2vyp/bpOnGDouAMmVP+FlUOqay0MMeUqTybIHi1cFCFAlh6xcsfaAFDjnCIYC/bOO6pU+PiwMq24gg0GHjqJ4sLAyVIBwBbPwKImHDZAHAtSE6rvJVh7Tz5PC5hhchGiJQFAvLlLkec4yFU1oJ8yqHzmKgdgygrc6yeu2a4Z577h3+8B/94fCFL37eHZOJFnwGM6+Q1Hm80KjObkNb/mw5IyA8WtHWMRn8xrmMaJCpU2SZgOAvPHIdlM5dGfrJAqHvCCcrW75seWerl2vTfQaDns2TOHcI2yZKow/XO++++67hoYce9OuO33vvHXX0o+O1dbYyObOFD9crt+jMlkVV2wLdaQerTqcoOwOtaeSOPnPwoq8guGONBeBai+pCK/l8p7KR9yJfQRfO0n71qxc90bPw4UZNbMt/MPD0CVviv/jFL4bPfU6LQ24S1Bkelxl40RF+yk2aTK62KXwlPz7ENUQ6Mwsr5MS+2I+FgTjXVjt/8XzMj35iM25AZOHFUw5cU0Z1FiQbNm3V4J4bE2lHFga8pwN7274z/WwD2duqKqQo5diEcgYwBiQuo/AYLHLGdijgagLaMPGkGZAy+eJP1OdGTXyOCR89uY4r5u4rXGoZ8SUrcY4MnNTjjnRoRPbIB25PUskPLw/qKqssA2loNo8udNww0eUIPdogIScfxGk3Jkdw0i8AeMWu4Zv6+qa0eDcvcYWDcaDT+SSjd112UobHMsaakoVxh5t/OWvHHvgjdsR+Z8+cGxcG+OVbb7/jrWfIw5PFNv4A3S1bNvstncSZ2EFigUF9P5UgH8VfSUtEy8g4Rdvxop22O76P73K/AItXdq42i3ZOpJb4HgVOLsDGXjlJy+DKQo83Mx47etz3GvieCcZClfkfeG0zTqPKRgq2JXGEEqAX9fDJcbGn4tg2Y3km8OR1PjW98ITWSC9loLjdbffcAIjsaePoNdGSbPqdt6/pKfiDTLaV5KJNHRMoj7jlUwAHm9PHGF/xAepDF/vxNAbtxBNCni8ELAzQDdn8FknLI/CxfG5B/7gWyIbP4tLYe4qjd+I+LPBPjh0PaH7hI/tZEkhV2wAZh2K3gOqrbvgovmfb0qs4EB1Z6ZEJlIykmsvVMCjOxA5Stv/TcEBWQ3I6CY6RzU0HcFoQoIW3k4CmIgzXAbh6ldVq1dUHR2uBfbMhA2LLKEBxZahDrfFW+VNPPjl8+tOf9gtsOLtiwbBQBv86DsADQBdRNa71NiJxFxvIwomL9US3GgxAHiYv6lMeh8kNg+yKYCvjSA/oBw/dEx8bXyHyZBtwumEuupPHAJW6LasC9KULep/XgP7ii78evv+97w+vvPyyBxhocjcyHeCOQ3f6Vcj8TTJblixeaBrOgJARWnxGudCftpb9LQucla/idO5PAPuJiqGFQtaNSgXIFNrs5iwd2w1c6KOX/QDcqseZGYMW27oMzO+8+64XVAcOHvSRQfK/f/2/D0899ZTPeNlNyJ/cbDKN0IFv6LVckTNHg4rpH76MIBxPElKHSwnsyrz/3rseLDgr4yZI70qo2mWtFleuWY9DhLbSJiZQ0nqFCUHtrA+lSSGfIqSV4XZVYIHC4NTPtoPSE6btrwwPtExqbpecDUILmzKJMXixCKAsk0wmC4LrylZUoJy8cbdBR+Ldd6FZFrNs+LxlUED+DELBC5KLRCfyUWcOtP3ivLRRjviF/UjQ9gB63Gg+lsu8wqf9E/tbLj7IoHLyk5c6AenLzY8lD2MadnC7K86ikj8eo79gD14qxGSOH3K2Tb/ibZtcluJ6NLt5Z9mil+ywoO9woyR/6oUvLteJC8/Fc58C+fw5EjcTs9DAr7woVUUetWUXDP+i7T1iKB8dWOCRBz/wNwiHBQeLWmzWdvQ4Vf6Y9sj7Ck6fOuXLCNAgkM/jfeB7olf7M+42P+jZvgrxa2jnAA5lsR2LNhVUmg91e1KiKC3imsaFjD2IcmVNfpE8+yK+pvz4UfwXX27/QGafUM3pN399bBPmEH2WgyMEl8JPP/DgZV1ZTM3yxTO8s2gMWfwMDqFnWVNUPAPJUjnj55QxQnRUtvJ9aUnJthnI/lBogA9yYM+k83pl6jIWyGYq84Kn8oxYPAKh4ViI2KYANgN3yf5ty1jIusALA3eCIqY8qtHILAy8mlS5t75UHhQYRgGZ3Pjcye1CSmYC9erMZS5GwBi9BfO2K5SEIxXdkLkur5TqQMMTRdFazqC8Zetw/wMPebucs0j0gK0HvKI7B9gHiES+cZKzPqQxkeKT+MmzbnzTgMTbmY2qTL+0R52MwWQ0OMS52VJHOjCNyRkBq210oqGMQwBMrDpRAbTQiTzomzPF/Iivo/5lchJf2YFLFnSUw++/P7z++ht++x/vNuARSToUrxK+/dDtmjj3e5Gwb98eD3wsRugko3OKB3Emo0zUdDJ0id/YFsa9FjyhqCi0FkLsUiX6wf8MEFQZKfwDYJIGsAPthW8gIyRYHLAFyw4B5Zw5cQbFGRF/mkQ+N6LazqZafASjVDM55uWMqWTS9lgBEaFDO+KbXE7g3+3ylsXBL1DasnX7cHUZl4tABp9oFjrEGyhOGzPIlK86LTDeDFnAWUrfaxA7kKt2mPkPiyPLqjhHBjnfSS1bgZvAYYkHwYaWi1IsgX3h0X0c+RkHvDj09ARkcLTsTUBH95MCx/nqCClwU45fpRpjSll/hNhFbiw5Eg9+5wO0f6DlCQ5H2mgmRvGBC+0Yfw7LiR55atlRZ8Y02rh1Z3eOx1VZaLNIO6OJlcUB2OAwwdOnuR6dyZqTmSwM2PrntcTcUMjlqwuamE+e+EjtddGXFlhgcOkAfenf2Jkb907yXwtaeGzcsNG8UJAXSmEH71QJuIyQyw9Lh127dngRYxsLh7NuAAstWZp8FtT4EYsbfAk5M6kICwMq2BbCZXGA8WwvQxaj0NHXcrhNFHeeI4xetTggp/CdBF+6UcdzguNGM44Xr9KDNHYgpD2CRzz0eoJkocsCgZMb2l2oYJtXJUw7/tDyAcuFRPcmz+10NfMLMpBn/0cmjgr0I9q3J2MIRjZoiHfJY4rOLjyD5LcBpjyjCtAnujjlPCBp5HKy0ugY/U2z6zQt0UGH8WSdAH6KDcjo9qCabObyZgJdxZfcsnOlcygAB0ScswF+dAryCKwkesUG5ZGgAHuN6iu/mZPhfJyApGjQEJ4UleZO+LEja3HAVreFIal8YnQstnjy7LlklfPzfnz+e+DJJ58a7rzrHq2U8zwwDQu0HnMZF0PZzU6FlPAbDQZUVfAoh9Y8XgpZp+bD2cPKlTzfXgO2sq2H9AJn+XJsmUVCJrfwMg0iRYfBBtelWRsHaD4sFNjupaj50Lmtt5I4tWnqSB70WBTw1sC3337bj0WyUMhCY/DZxr79e/3Og5tvumnYtn2b77hmcpFBzAd5TUsBPbONnkHkk8AOKrgexqiX6iMndPwImuwFHw9a1WmMq0ANcGGJbRj8Tpw84fc44CfYwLYTIml3cIVIQIBC6IwAMjSJa4BweSPMBwL8Q1h4VgaIsrE+DOAM5rTLap0BylJF119RpJOHVrdrSoDSx+XQRP7Jrwj4P1vHnFFynwM6FTlTySBL/4y+4LNjQPtSnzLOMr3AK5yL6iuxcfpMA/j2I2QydVSBPjopLbVIA+kzol+yZLCMzI4hJPEckjZQn4zQmPIpgUF4sMg2JYqVZ7kA6klutUoShtggAX+NXtgGv+D+JtMWjH0dRIWebJxPfepJKfyXNuVMnP8q4IZDFgdMruwerdRYtEr5+Bp5x44eG86cPWO6BCRjYcr7TbjUcOrkab82mf5z9eolv19jEzdLlwrox8KdHT7+E4GTjdVaFHBJizLMxJjZunHpgoUKCwdewLVyRc6isU0vbPABb/tTV0dfChF/4pflI8R5Vwbyogf6YgBo9K5RQ7dhmU+8oicJbNd+AIG2derIvsT1QT6Xqq5lVD510Yn2ziQsv4U3pTOa7ScckR/W5MduzFU9X1Gg2qN8attu36LB0SezBLcV9k3fANcLa8Zp5BBOqoLryv6anpPIBpnwDVn9zCFFAdPoQ/TC38zH8dBiwZK8pN02gsYLQfCpkKTHT/oq0HiWKxC6IE7ZoeUIP8OS23avcY5XcND2eOZmI9vQjgJgMAaddMpA8AUwqrQFwhMVdZnpF56OabxFwguWLskjSPxRBQqSSy2eKeU6D9txrI65pvvo448Nn37808PeffvVgDQepGKkpj0q/AlQoroO0PjXLg6m8kSrHChcqsKXjuhBVOAOirP6DPOCzzB5xwCT+t333O1rgWPnEsgSI09RcwO38/UgOcqoKpTRdvChHp2DDsUkm0mAziM64g9ObJNLHUeOHtUZ9zvDyy+9PLzxxpseZDib4cyXrdO9e/YO99xzjy/X8DfW1kW+QF23HwIo0EF7AXBd+KQyq5qBAp18OUa2YPLjqQr+UpZ3NvCIGIMFN3IyaPZlMAYxgOu8yNWLVk8EirDIyLYs9kKG2C2A7MntsrFUnbFLckhJ/7rj6dhqddvBHF+FHYO3FFNZ2myiyQDlg/vaHCYfAwGfqP7GAK7AgoCdAy8qq72hjX6Kuj7BZzrC55opNy+6/QklD9A0mV9MYxw0k+brS0vo0aAoOJTjs93+DR2zPODq4zP1psFBdjD9BkVJo6crNZh0U8Smkc06KJDwGGReaQtkahKxRfQkTj3w4UOaOu4zAsqALieXPoSf9fV//tMAG0KPJxOgwcTNDgBn++yqcumKywhMvAB6YSNehMUbWbkkcPz4R95RoI2YFNevW5s/MxMv2otdLmwGDjtRLCjgDx3bUh+/L0U2AYcnH5DJu2ZcMhNfjyc60k+zQMzbCzPhZgyw/sSRU7bFr7jEgP60u0/ChAdt21nxTPquETvPbG359FnQjvZ5gcrANU/XzeXWFNE2Ktc3N7xyUqC+LNlYsOC/6O1+r9CPy0KQI/I1O2zIyYpxRR89kMoQsV0n9QO+nw6fdh5I6T8QtS+onPtzbEvxCgjHXiIomuhRSZVi36T62BDS8de0Q/JTXQkiyuQzVnNe2gyY+ysw1SUOLiTie6ZV9SIjIWnyE5vlgit7GPPOfeud19VyNkSsQFEroSjEcDYz18eOUOX+cHRV/WBwlU9llc9v1cEJnG8JGtSZ1CFzc0vuSMfHYMUfhyDDAw8+OHzhi18cbrr5ZhsKx16hFTkDn2UVb+pDt53wkwD+2IN6wEJDTjClKV9Ylj6Qhsap6Vjg49ycqXEj4K9+9avhl798fjh27KjPNpgAP/vZzw5f/vKXSsaZg5UMzB7YDh07D5uARx6OS1BGHMHOHJuBg0MzUYKLrf0HRh7UWXCIH7ZTHgocOXpkeOXlV4YXnn9+OPLhB+4IO3ft1EDHLsjK4e577/F/LvA4oG+gVDlyM4hmsP5kQPbJfgshpstWOCm26Hk0kzc6chbGK5C5JHDPvff6fQzQwq7oC018MPQhQ/uHH+3PGR4LnrYHvMqysae/yZnLRxGyJIeBIDzGRRxf+Ri1STPoMpGw48VChercM3HpShaJ5mEnIdBGOigeej0IMUARaGMm7qS7LHkZPM0gpCyXy5FHMiCen2SQPWkb2j67dPEhBldPGCpHbsoc9MEnPAmTEh36rxcDCCWwjwkaz0n95FC2KaAGehsXmZ2pPoL45rEQmsdCiBz0KdtQ4EFf8gKxGbKk/dNPkocsHLGf7awy8JXpODIpamixsW3GtCW+5o+v8xgs4BvUZDMmanZSWahxJs+EDF2eRuBSAicA8IM2N0xSzuUC5MGX2cZnAmPS27Rx07BjxzbTA9Knr/g9HfyREvX48yTanYmTNuTeFingyZ6bjSlDJu8ayN8J/CkQuiMjOwo82sslB2nuxYzbCn7lEyw28QWOXGbC1j1ucpLGQpca7l/OncD5FQe8gHEbKO6cKi8jw4/80Vd0sI/qk3pqI/Fp2ejr2D3jVna8TMPE1c8lr9tVgMy9OMgOgmjAzTypMwolSBopECVxp0q2yNN+xDiYHbu89TGXFlQGQWiqymSJ1DEreI754WleqkuI7IrLpeGXPpb6EySv9Yx8wadNvLgKN8PIo+KAKcgeQJc3GLdoKqEguoouuWPPGi0KI0yKp0pjBR2o0w1jJs5biNudFgi9mMvHVkgfXCEDo2KV79+Sg+07jlDHKbAcj4Ot37hh+NKXvzw8+tjj7hBMbEx6nEGyIuYM3c4lajgJ8tKg3vqewaiXAUNNeZZbcZLkN0x1LJVD4zLug9tpAPl478Azzzw7PPNXz/gxpu07tsuBl/rOdiY+3kHw27/9Nb+tEcdO3TCFFkLwmcvBYIA+fQc9ZzS2qWzEIMrCwwsUzvqET2flTIYOg9jYygs84YPD4B2aoXNZnYC78L/1rW95VwE9kI0blrgX4dChQ8Pv/M7vuHMgI9vc3LHt69wR8Rpom0w2XAjIi3x526F4qc3YauXOaRYL2PEnP/2pt2s/9fCnhvvvu8/6c5c1Z0XImMVgJkp3mOXZqWHQjE8A4Y/ctm9SVIu9KivHSdbOF1nbOXUycBDwOwYwni+nbcjzGTvdpHSGBnI1P1GS3bOtCy0WA8S9K8dRaWCqP8lcWTXxZrIn3hNx91Paza8NVzUmPctY7QaOBzgv0ONnrj/Ti3aBNvik02flj+ZBPsLU4E6+M8TO9SeZ4VUFlrfxAOoB8zyAdJchh2o5jq29mCkbNH0WWS0DutKeuQ8juFnoQCN4k77Ja/5s4aIPi4LNmryJc4Z+/KP8N0felTL4SZ91a9dosX/cj8meOn3SZ7ZMSvgd/ZLHHHnlMTcTcv8L/QQ2+Ozu3bt9GY9FALZ0f9aRnUWAuuQxufu5evnWefVt6LGI4f9WGEPod9x8zQ4D+Ewu2IN3HFDekyvt3k8g+N4TCYJ/IE/f4AoggxegAHZzXqwf31e2EqSxK2M54PYiT59uE3BU1TLZ5lSAP0xnkOyirfjo+14QZILHB6DZMkOrfbofQaSMBRnH8cTTUgTQjaTlEMRv4JM8jxsK+BiLfeh4rhND5hF2ilhkMT6lonTlI95Ns/0ISJz8lMG8+xP0o0P6qhcy19SNXEDf+El+5wFTdI6PPzs5o0Oo8afaMwAuNKsPSx6w0GzJrTtWXHUdFGiKAjNR8NxcRSiSshDqKi1wd1qYE2kD9BlHg3KDX/n8Nr08VhUH44gxt2zdNtx19z3+90T+SY/HgLhr246iujhbnCh04M/EiZy9SGgIS37Arl+zckGgo8rHjJJ0LLdZ3VATPknkJcCL6/n/4xv/I4+6SQZe37tr1y6/mfCFF563Q3PWwAr0937v94Z7dVbcA6zbAt0LyOvVMUeck90HJkwCdzn3XdLcLf/A/ff7vxZybZn6blzbKhOW+Ch4uC0+8KY+EwlviVzN1qbKeGHLT3/2s+HVV1/1a4fJp+MyUP7GU0/5SQeuoWKVdrzRLpN5DNbNmZNuzZ+6nrT04fjss8+63XjqJD6EzEuGIx8eGX78kx9bb26evEMLFZ7jhrbbWXXRgcEN2uS7vcwj/J2a2beBcoB6wXHS0B0TGYj5LF14PkMkR7gZAGuBoYA5Ll3JDocpls8Q5+yds3sWQwxsAPw9UBg3Pg30WWh8OHmA5VRgUPSugv0j259MJtwr4v6hKshFPm0M0N4AiwPqgwNft0e+gvh97IEtk2sZlccTTJ5clRffjUzOU7zrQgceIRxbRRdslnZ1O1mOCqY6QecD0HVbwrD4eNCXR9uG4OmL7lgzZ1XYNrq6UGlkRo4O5GMn8lkoc28B8nHvAJMs/sXYxAS8kd0C2Y4tfe70Z5G6TItRUxY7cH2pQTJ4Mjl7zjcItt5M/Fwqo5zJnfaibcClLgsTfAy+AD6Ux6Bz9sp9Q6iJvPRJHqHlCQkWHblhlcuDeRkai5W2UWxGKjbtCdeLUXyItPjiF+mPAiHjCZjO7UxetQVQOc6DPmlKoWmrFqrrKthAQB0AoqDZH1RO+0dK6scfMr5HZmiQpj2xCbYDz4sz2ZQToNAyhXyEa/srb04LnPZBZPTCoOtTHfyShT7EQoo24J80TRf5Wkkdut+ab0dVHwrg9zgHr+iQxQK2abm6L9AWlmsJC52Mr+5f9uMAi/n4tSZ1LYihUeK6rqHQ0ZM4dugy+CEo9MmCNruixJcc3Jm/bIaiz7AglHplLBgmDVhoE0fgHgAEipuOvlbW6ZydYpomkfyk+WWlQmMoM3ni5wFOK0A6Ci+1+cwTTw6PPf64/yAHbrgO+Iw1UKnIDDBuRQsysE/yRkaXWJ6Gji6uvxBAmuoYVUnocAnhl7/8pZ3gjjvuHLZuyRkAODwi+O///b8fvvnNb/pMGf24tPB7v/t7HiCob1sIG6fnhqQTH388vPnmm76JkJsH+efAk1yzlN24AZP/dmfngV0IbiyC11e/8pXQs59IZ7j7qx/xGO3WKkhZ61A24gYdnBB58AFeHmQZ2BZVx+AMnm3WR7Q4uO/e+4wTw4U+wG/btW3ua4n4GHGVtZMSmNw4Q2MB8Oabb/hPph588EGFh2QnHtXiRUTZAfpYeC+/9NJw+IMPfB2XtzzmNdHrQlPyjO2sj3noQ1Zll5iRjwMx6rieCtOP9KFLyJBjPf+mn0A3fkTHTUkWwuCr0y/JvRjIRH30xy8YzDi7ZGAAUh45sc80wEQmH/0bnhCjTtfLJK84QTj4EKF1pg59ClzaiiNyYHOfFYIk6IGFtM/WnQ8BcMgnL5paT4Vxcle+ZfAnNFwX7KK5RI7XgzR16AP2HTBrwAMvkz0J0TRP1eVT/LosnKjLoB9eiMWP7a5y+zECCNpmkZeyGu8E3jGRLEwOK5evtFxcAsBO4G/clEsDBPLOnjnrxR1pD+rFd926Nbn0pjbmSSDsLm5eWIDLvTwsDOinxdgTOf0KOdkFwy7cBOdJT3YBl7byUwuMjZIRXbnkwG4eJwLIxK4hZ7Wl0nXB9hZPoNvC97B4oZB7EqBlu4PjTxYHgNvd8fIlJlilsF3Wj8IvXOokK77tAP+yFeC2IQpiRXsCpI0cTDOycozP0K+agVKil8mRMSuPNno+E0JPivZfkE03vgW43d1naP+0Z9o1/opMzIPIzH+ZMPbxeKpvVtSYi79GPvoVO9g52YFGAL1rHFCKIwKhB2NH9yuAKhlPstOBfaCTExSQiMcOpuuy+LXnWvGx7aCPHtY9coE77z8tX/pB6Fku/drCt+/O0wooZmOq3EQq+MwNRH1yFhPDplyKWRAjkGmhwKFsvoqZnCp1Ac4+6ABs/VKXVZ8FVTGvPuYPgXhOnTPv5cJhIItzIUeRU9zGtHKLoWTTj3nCdkQjEh0XA7XQ96+HqdztJkCOdgoGAzi0QwPYl78O/hf/4l/4kUIeX9qhie2f//N/7puSOHPgrPzo0Q/9wh7OkFkQcM2QAYfrl2whEmci5Kydx5s6j0GExYg7rXi5PUtOtwsSOTkKrJ+SjR9s6VTA7agjNqf9GMSYwJGHa+urNTDt2rkrnbUqhlrA1PyNAzsPn0E2xRnk4EEnQE9fatFikJtO/+Jb33Le45/+tP9xEvJeXNBhLA+vej3v67i8P56XPm3ftt3Ob+oLBIkcbqjKn7c7UfuTftxWGuU8MPDBHZGzTJla2JZ6wWmrJY9uRZyKuYYYH0gZ/n3xQs5AyPc9BxS6XAOC4qO/hFDiISA5sngwXR2ZLDhLi39HkuimeB2bHgBP6uCnoZkdADMD3dCTBpP0JE+QAp4QXdb8EjcoaZ0bn3LwKHAWi+AMyLah8rCX/USlTFbwnAds5wFaAG0H1cH3iEPYg20PfoBodxk8evcgPEPDUjltwawXfMADn37MdXoeQWRBh8/RD0CP3lDQWKaFK/1z1aoV7h8+6y/ZQ1MLDPrphg05m1dd2uG8/AA8zvzB5TIdNyVm/MAweRqBe3DY+UMnXocMTb9ZVdA3qoJsH+OIVDO9AMQl7VD6YQMvBhjHlY9NCY6DQ5zFbijWb9vKBCsPCI0G6ts6xuuofqqNegEwQrItU4euZ5mRSZOcj8h5mTbnXytlL9kCm/S9Bulr9AvGDeaw4qm67f+mT7bKaXP8cUX5ZWiolvCNInrkIU7qKVdf3+ypNiSwYGDxAA7zGmf8yMfCDojcklk8lFBOTgalmcdT66gPvOyTfMwfv4/PUgu76dc4jImAxxtOWhAKgQGh2d5EVW59oEt1UwoPoO2DTywVguf9O/fmaQUPOqYWphgXY/hPlxCwCJug0zCWsSQPBKjrsVdlBPDISBzcMEcy8mxoHTGOz6IV/DIPnV1zbf5LX/ry8KlPPawOtYHK5oGZ5osDg+LksYL9mwDGUA3HR5mugZL/bwjoDX7bB936Gjz64Yy2H/ky/p/92Z8N/+E//LEdiPLHH3/cCyAGlYsX80cq69av9XYhkz7XPtdrUOnr/+w45E19aCKeou2zDRxSabY5uTEpgztA28TuC3RW3LLblvqhTIfgKYld5Re96oQV7cQOBTjI0bpRIa47QWRTpEmrDhg4P52bRuTy0Dtvv+0Ot2/fPu8OffvZZ/04JYsjdkqefPLJ6CNe6AlR6kMaGZEBWvgPmZ7s5lCyx0GTBcxtgWx9dHZOg+zfeQTVyehBJ1S66ztPCOC4IztNRXxtVlZ6szg42284pN+bNj/Ra/Rk6s2OPkMGxBCatDe7BuPunPIj09Q/7IvC6f7GxIa9RpmWst1N3BwqwFJail8GpFGiGcCDcoi4pQsSsx6mSXHk8qBHGyie7d9p0LOvmlQm9PiHK4eGArzA44yty5gMPFgroy8htC7wJyRNjo769tkV9SabkU57qYLjmzfnZkLwzpzJjX3QIrCwRUb6Bv2AewzwUeicPs0TBJHJfVkTP5cK2DVoeVlks1vAi43Wr1tvWiwU8GEuFeSZ/dzvcPTokeGi9Mb3kZVLRl4oi0d0z5mt9TJXTFO2VTk2iP2VZjEqWsjXi4MO4AeEo1/y0sb4ND4WaPtiNvK69ZtXgxetkotJ0rmUkVagDZuv60NCxbHpxeimtNun6IMAPruItKVLVM5jovxnCYsl7A19fME6Sd/stFA7kzB9gLHXO1TQtyKxj/89WH4JDYYALxpUnzbuecp+C37xElnrA036Fos5LsPSx/HXyf9Y/M9PGHgKI3SJp18ic3RGXvzU8imdxZboCJeAjpmnYzzT1Id+xlFIpgVAryIRRMfmwRcexGkz5nzqLrl772rL3oWupDgKwBhjRbjkAxHOORbYRMlTjgcFKwED0TRuFDQP4q6Xm3CUaYNjfBzp1ttuHf7u7//+cMvNt5gueeakY/OAdmQRvYgEY7OE9t8E5ro0dN5fD40/4bYM1Of6P7r0Vh/0cSAajhUk18W47+Bf/sv/Z3jv3ff9BMYjjzw6fPWrXxn4Zzd2BNhGJ+CETIjsMCDauNJuORXnuW1E4jLC1H05++JRvwwQIIyWU91W2eNHQdrIpIxDwN7dwRnMTVMdhReo0GbWTfmkedd7s89Bv5UO62IqwDbUpTNgF858WPiwc/I//sefD3fceYf/FIpLKT/4wQ986YW/v8WOdFzuxMc3kSkdSyt1bkoishhQynJIJxeTuA5eQdthIQ4Ta2K2kRMze+lj++qby23gMLyW3UEy3+BlcXDW9mTnAHLte+4/jglU4I/rKylbNV5P8tiE+yzI7XsjFgM2ph78qDcNMuLLJKM0fFvmOWQQW5hPzL6dpPX1cUSxNGN5Ji4FHE6Z2IuJjDSY4a0CykTMfUX0yY++YeDJzJNGdgx6UG357K/Ii74qz+PNo1CmRaAu+fBAaJ8Biwf0yV8hv+JFRTt37hL+oEXqe/bNOS3w4UGe6erDIB2cyEGanUH+5wPaLASwP487Mq7i8+wC8Mgtr1dmssq9ChkPP/ro+PDBBx960uG18F4cYDf5IxMA9oIf+sO29fMNofpQxpjjM03p4XLVH+1bZdQnjh9QjtLWwnSJ0U75AK5nhm27AHmUTTlZnGayolw/Jr/Ul2Qsvz7IRRz9GW8usTgQHZDtM64rPH3sA4ozYbMQgB67LCwMCCYlWpRFtIy/8IEG+vblAI7OK/oqTGXLKG4ucKHprVq50rs6jM3rdLJGHXgzBrbPsXDjkXv8lEUC922xwGMxZk6i3TsJBrKkY3wnGRZFP/g5QHtbTuM6y20FkGZMFuvCSRuiZ2wIEnj6ga5/sEktbARj/0vCuyegL7tlx4anWc1SjYYm8GYlGiILBKSBKYwiIIJZEI76ICeqNxMz0kBldv4RHTt10YOHHJ1OcPrMaRt1tTrJZz7zmeGf/J//17Bp82YbHI42vOqFDLKUERW3YyrYIJTPIHIHXA7/Wd48DiwuW1Q8AwoIlihQyNSjw/fKNMYPHijIgENyOYC/W2abkhc5PfLII8MTTzxRlwpWehAYV8BuC7avshVGHvZCd+wAT1bOrIi70wZHHSmcw7xsdo2eHa8jEVDtWKKFLPBiNyLFk1/Ax/xoI/yjaJvHSJCJhDcJSp/SibNd7OPJXYMgNHgs68UXXxzu1MKAxxbZUWABwlMeftZ7Ta7FFgfJkLMBzr6Q1XflCzzAWQ5kkP0Vn7xj0veTYG6fhgxQ6GxylRdc+5bzbOD4GclF4InQiOkf2UZMC82BsnhMQMkpQn0dWRQQsCn+Al3LSJ9Tuf0GH4hgPuI7+GV2gSgrnYxnLIXoEnoJ5EHTGEFUOgtdygzgkhJeyw992hcZPXhzJtw2CBmqZQxxndBafIQyA2/bynJJZhYcniCLFjSwKYvpnlggUaIHzenKELSPJy/50OX+Au7hwYb0U671E8ePs+AuOmpr0sSbPu2CYvgq9wTxGC4+wf0y+D0LXhC5T4aTAW4AvqoFPpcu5vcP8Nfj9AkmQ55u2rRp8zi+wosAL8qRDbmtMmJp4I9xlfA3OhL8+moWWNjUtocmqPoxdLtTT0fR5eOdHsW7zOSNk0945xgMcIoWGSqCJ/6HfvDGLkzyTdeLVOnTbWjKopn2xNzCE277lXmpHpM2Yyp0AOo0b2jgQ8Rtp6prnvp4klQbtj8JzfkYBb9FdORFJi7rsKhnZ4jHTT/++IT7FG3NG1mNK/npkwTePcEuODejM867D3p3ITdQtt4ZFxlDsagFSNsodJ8pEwgPXSIniK6CcQvAJT23gT8Vb5wpzbxdNi4yrAewx7Kbt61/mkw6IJxA94pJghGo5C2gckxmHDec4iRbEJeFd+IaqMhAgN6mwQA0jCcu4dBZuE7H6vprX/va8FsKXNujzA0po4OD8RmMYhRo6giz4ofDlDAqI1TBDFyv5JmXL07/zQBe4afK/FQ0g7CdRatLgMZEF2ziQU36E3/77Xf87gMGA3ZJ7rr7bjta6mSnAdKtu51acTiN9h5xoZ0BKbrgGKyWW7cEPv46j85GeToUeWRje+J2VuXbL1QpnSo7GaYkvsShhyhNs49UlpQ+oiOT/euvvebJPLsj6kzYRbLn2e3BA/J2LQS4Axxd4M3/yvPIF4su66rBhY7Y+udpCQZKdjiQG/4KHEuUyvFvH8dCawl0+lpoGwFRL3Wu0Vn5iaV97Jfgqjyc9VuoHnA4mxDeuEiospaodVQkeTpSD9+gPTi79GQFUfe3qjNWm/yEekwmkbUYGRhA5zClfFOl68cnAiVL0Uk2PxOvPqsj4Ee0S2rrVxUmWvBgcIodPK4w7hSYXki7Du3fbWwa5CueSSU31WFL49JmbrfgGh9axPENyIq+WVCkgKzsZuKDpN9/7z35a948iGzwh4YHc+weKu4XjJlcMiHeEzaTA77OJQf8uRcZvBDJcqtNvOUtIVgsowdHXn7Ef4NwSWPb9u2mg436pAMh+EALmYHut/Q1iWJ5237W3TjqJ8qnDPzWn2CQvcAFz3lUU5pxAnt6u7mybSCFtFfbmKzYt/shVgIjk10WBrw7wRoIp9uCSZVHgRnriJsq9AqPBcDq1WvsU00PHuyq+p4DLT4ZR/pyjNtEBCy74shPftuCNJMgfciTuY6cYHhixHeFayMIn11ZAn8maJlFAhuiC/cY+Ckw08tJnXXVh7aFLveTMIZx4zh/Hc+c13/aRft5USvfRT63mZW3mAUL+2hUQI7IkjasMUSAH6UftI/i2/Fd7Dm3A3LyHdutCFK6bMf65U+zmqE5cBi/llPEvcJUXC5GXYHJQsXbVpZKXxrTTgYj1anTVb9V20F4vjSheFZ8aSwalWt03Gz2B3/4B8PDjz7iTudFAMIrZNKriRV+4tIKx7EjmZVBnLLFhNvGU5z8KndHlwzUA48P5cAY7wxHis+UOQE8OPDrYuGK0SRfBq/IXfZU/nvvvTu89lrelHjbrbcOd95xh2WNG2TAoRGR1VlWREdHu3HRz0wNI0/qcYQe8hml08QSd8Kh8shSW6UQOzT9lAHOEw6DFR0xOlY9E0eGRFPAnySd8dMOv3rxxeGN19/wYAf+u++8647N42K8gOnNt94c9mqBwEIAunZUBQZJOh7p1jEdAKmJ4zPIit2LrXARYXGYIPUbIi/Wb1+Y16INp87nWuZNicpTYTq2DA76dRr5ggCtnPXVAA5QpCjJQqv6ATo7+AT8wgsDHYFUDR0fqxJx92nz0wCkY1ON7YLYdvQRASxHjg2RvfCdlg8WreBFP2TyWYf7es7QRMzlHjcM4FYUNio3fcWnhUIWQdaXMtNOMG+OCgA43pKeDZDub8XE1W0q+FQ2P5YrAH924Dh7R+YPP+QPk/IK5J5IrYvSHBk/FKOmSYGHDaFJmntnWGRwnwH/Cssz8uCwk5BFfOpwduoJRfV45JGba1lI79q1e9i6lXcXrPbjytzvgM8gMvZgkexJFH76QBD+XNO2PVhE2pZTaNs6CIcj4DSyYxI+xplwle0Aduc5Iz/Wg7bALsRztps4cs2P5uj6SfOBZ+tDu4NOO2OX7DpxU6gWWDrhAqdvvmQOwb4uA099osdN6lqmSkPTdB3U1sJnUZBdh1pYmF8WBjlWgBaVJWvo0l6a2xRnN4lLTjzW2o85ogNzoRcakh2gPrIhK/fR4Ru7d+0adu7Y6XkQm/qG02An2FjEKu2MxKNPbAhgQ8+bMzQOCfVBaIC6+pDGJ4jbp6lPvuTXz7Bs24blT18SktxOKzo5l4466KhyepQZIgQdQ5OOKrOAAIeu6ElIX2TK6llGEd4K1VkpYwxa0atvuCHT4BGEAf9zn//C8Nu/8zvDTTpzpp/l5Kd5xZHaAPo6P8agxJhJiyefyQmUL140UhCnQcEDiI40FI7msmDZWE0Dmg0ddX5j62A+leOgH6OO+CnhOrQVVEHLz6uLX3j+Ba8877v33uHQ7benw8qwHgyLafAdU7z1b7oJYPo6YzyfSnx1pLWKp/TkA+9Q1u+YP0vblhOkLsFfpynnOC1AxFYdhUFJnJ0mTgfjsccjRz70s+GsnOnMrJzZNeFMCD945513jHv3XXe7MxFnImNVzQ2ZPrtqgH8EiL7mV0IILL2+NoNz1N6uQDvPgwCcuFoiAKiCiWYCvpEsNAxadIVa6KXEkeDJoWmzkKQ+O0s6A/Td5Rddj+9EMx/AefJFt4cC9jSuFMMeHgiMGZDnuP+omikQWEAxeF3wJSnoKB8EC4i+yB77jAOHwPXB1Y/lcJ2yj7mGSfTLZMBlHi8KkI08HZct44VQ4aMM+7VpUd30i5wAXnwYlEzcDEZ3dsjCIBXA9WQn+fEVT+ApCv2q4/Ynayk0mfAq2GIqk/9nYIzMhDP1mKLriUjbhpv5SDMpGLd1G+GqFxjIBh43FnJixBMIjDecLWIDBt/YDEHRi5tqL/sGtuXLVw7btChggXxJiwFeBOabV+U35iV8X0KUDvEt7MCvjrIDO62UZUEj2xAXP9tIwb7E2Tsv4MKnXH8qi64cow8R4gksNFmQUBbAH/1BF746kmeb+v4b2Yg8HY0TJMf58IXNKIOCsVQODWxNQB9OpHrnjImXyZ2jJ3IdDTWew9b5CuCwQMM/OZPnvydoDxYdxpG8/SdFblEdwc0LwpRvOqqjkyH6HYuT2KLaRAG5uKGUp0p41Jr7DVjkcT/W4tcvZ9zCtzM2sPjjnpPz5+pV5+LhdlJAIuSZ2xzZJ3sG0rck/QzR5ZWVdiVTQfHsQEFfn2ovyjL/UFeBpxUQAoN7soQGjHRIZ1Hcea1MjMIR5sHMDoFjwsXQ3oIBR0xZSPimKRkZ2HfjjcMXf/NLw4Of+pSvtQHeNZCD6BtBqS252vkWQhwWBRoPg6FDVnNZUUOza0KTlSedjIaywRkgrEvAfGY6xaDEJ4w+FIZ/G7AJ5u7SNJ6C7/ZlaGIxoqNk+OlPfzr823/774dTcqQ/+qM/Gr74xS9aLnSgWoJ+BBZDFTu9GKq4fwqQpTta2s32dAk/tF/kIqMlX6gRdWc0I8gCHJcKh0kB+kxGrTc7AdwrwTVT7rimg61fv85PIDD4cfOV3xypRQP3mXBGBdAm6SAmY7ojKEqqb7q6HqCLB95OdX0dW14ndZhopAO2Hcy4AH2YaCmlP4ScfkYeDcEBTBcGAmiGft60xg1LDPANlNMHHRcfJiH3NeUx2HvAFF8vktAbskIP1UD6pPLUgZhoLl2qSUG+lkFXhaKJLrYNcdfLHdJtI+S2vPoyHliPZiJoPE9WFImWJ0v7mBFc7kG9Bmxw2waQsr7IJFyCx57qs/2ypQboJ9/MLDsskM3b00p7slSc/JbP+OLmunJz6sGHScjK8ctAKJsyyZCDr1KHNm4cyCCv6bgsk4VitmmwmIiWDhs2rPcEwdtEGY+YiLZt3WJfZ5xjwmFQ9sSkMtoGobk8x7+Hwps3IDJ5M8lwScN+Jxx/FO+xGou2bVpnwH7k/Mm+DY5qLMJ2nqiMKlxlwxPbtJ6M27a1awbP43LVEYrl4dN28VhdvpsJMPj81CE8qMdRWW57tR92yfindvS4FZr4UNpS1UsXjviXFwcaU7yriL8tZQKnbZA/l1mjtMRlqFOUNrDniyZ0oQwGNKf+Qp/TBCq5sAM3mYPIQoJ7DrjUyUKFdmwekR8fjC+HZyZ66yE/Y/5Zs26tb0zlUX3yaXduUGURaLklKD6JXbAH9KJ/bBBTTO1OGhU7DlDX7SL6HD1+qND9Xri0geWp8RZ820I2ww+WqhzEZdvWLXvaq0plZACMACFG85YRCS4VII3L40BWvhoJA/Z1G4AFAWeD/IsiDXfvffcP/+Af/AP/7z7XkIKUG/U4ZkWkliwYeRYgR0OiSVMfnjEUK8vc2AM+erGt/aMf/mj45fO/HHbv2m3eNr7qIjM4ORvIJGfjjtw5Jj7yp6KjsdkEEy7H4HcnY7DP43jvv394+MUvfm7bPfboY8PevXuNMUFqTPo2rQmQ00C+i1Lu/BpkyZnXc9oRtFNsKrouLOSZ2vNP6HD3PDdgxmkZHH/0ox95cNy3f9/w2muv+vludg/Qe590Zcfkuee+55sxyVdFOymr+Vx/g3a4mUFzVtyatfyCtkPL2ngN5Dsk5W/DpF/X4WeGIABnga0TSV1M3XkV5wM+VeYLEPRj14BHEKMFfpEBv6inLzE4yIfxFS8iRNMTsMrob+4jhQ+Q33SwHX5NwP/hCR9gXAz6hxr4uH5btzkIxZqUbkFp3PT59FWl9NPbt2Oo9AgmEz7Nz0d/cwxO6M2BtFGrHsiMWQzG+Am2MgKy5MdHxiRj2wbIDq3YC9k9iTmIfpNQPDg5a4QWPIIbeyBHJsbg0zb8GyJE2A1j4md3jDeWsgBmEgNoC7ejbJOdgMGLiePHjvsueN5Zwq4FZ5HQ6QVPFgR1UgZvKurHcco8oSVQ5iBZUg6ylDBgmGoTHNP5tWhCH9NMADi6TPTRN7sGxZP84tF2UQ3LSkVIxO6wjE9n0QXH8h+l+YDd9EO3hEBcyp2MfMnRp9oh//OiRQU7Y/DHFpILO7sfia7/P0Zl2UnQXIR/Ii80ICk6o2TK8wJCuOwccH+TF0nCcRvUnML9ONAnQKfLWMzHv0RRxJHFix/JyQ3oJ0+dcnsfPXbUN5xyGYmdiMjKJE2/iY+0f6JLdj+wYeZVEzeU5D7wk9B9jyPzjWWqfNLsTiEjY4xlBaRjdMIOWkhtXHX1aQtVHcCCiAANyQ6At1d0TN1qIIUMUgkwdD0UqkEBtGXqJDS0r7uIxpNPPTX8/v/29/yPivzFaZFSYCWos3oZMsZZOKigVMrCr2GeZjvP11XVOF5Rijc1f/7znw9/8Rd/ObzwwgtenHB28Cf/6U8s/+23H/LlDp5h5uitVzUyunCcsRrBPPn4KECBBmfwk4qRbZ5OFPrctfyrX71omz/15JOePFsXdxAFSM9pdPlimOPRRiMoy7mzenMK1sAIU76TwnfQh7ZpmOMDlDkqXAbE7gBvvPH6sGnzJq+O/82//tfDWg2Qe3bvGd5+5+3hwIEDwzvvvuvF2vPPP+/2oV14+RE0GBQXTCxz2R2vDl3yLYYFui4qHvWqAn5bu6b9yRBLLObZ9s4xGMZVmqzGpz09acv/GEjg58GVQsU9cFZ1cDkTYaKn/7FgwmfmE9SI7Hj4MwiyhZ0zmMjQ+OnDwTVQHflmXW0OXZ9P6sMqtNzfGUQYsCBQZZaRMh3nNCYQYiVH+grx9RTMeXSABJOdJzDq8nG91M2kyZgEPuOYQi0MTLv4mHm+ti02Cb/sOjJ2BGb4kpmPkBIUZ2wAonva7iI3psl3Af43Ycf2HT5DhEY/eYMu8GCQR2CuUfMWRe4r4FFddgu4fs1YzN8nW0cmF/zE8kgS7MsEgdzIElHEJbJJKMtHPmJaZDCJKD3hk8hJFT4JfdqTM3HkDO3YgeCJWzabJvBxNWXa1AlV8sODdgHst/j3DKJPoH3I9BVaXuYEgtsJBOV134nswqdPMe7ryCTLzpwXxspjh47+gO/QRiwO8I0sprLwglRktwjGw77kMQ6BQL3Y4YrmFh5lzJNR1GcxAD/kw+coy3soym/dCJDBRkzyXGrrxQS2Ur70a/wg80WarkdbYBcQ0J98Jvl+/wL9LfjBi060Zyb7+DlNkPz0DXZBLLvKqI2s2IcTS/RdtmXtkqdxuJzt6yhDeDBSXguNw5gAFYE6MAj0gMBqhDhspK8VvSDGLA54g99v/53fGb761b/lPy4hj21hd27RoRHA50j9kY8gUf1wxM7OCM5YJsDBkQGlmHj/v//yX4d//W/+zfC9577vl+lkxbjMbyY8c/rM8Jd/+ZfDs89+WzIMw7Zt/PFRytEF5+dohovA/PmGuWWILJacnMrvuBGcRlvsTIOwauQVwcjM/xSw9dh0mi8yzOkkfi2E9nUA1hxm9RxTmmPXcXnlGSORa2BeZw7Up3Nycw9tyMDIo2vY+dAdh+yEbKnx98v87wQvheF/GT71qYd8z8FLssOPf/IT+xuP/UCPNmjogSR6MAA5hcg+ziE4QNfxoWq1jjPAF3Wgs2UASPZCOhkoDcqGCmlw+giAknjy8aepLGe6DMYeWI3jIg+cTZPJg4UBcfojN2wyAEDHoXzCZIXD2RkDFHUYHAmeEKHLR4jQMh//AomZRoPikXWGbz6mMsUdWABka7wXCBnIkS0TNB9P5qLV9SCLtckbA2NAtTU4XBv2FnGPLQpeRBV+A7ExrWPzmIOLKZPN0p+nctLUh7f5uv0pmcsnPOR2DWonDr7HuvYZ6QBrXmZ0ww37PdFTmb8cZwEAcPJCPfo+gB9c0EKaN7/y5A43HJ7UWSXy+FKS6rsdVSc2VWieqo8mnnzhb4pI3j/Rs/MB01OgPnpQGPz0NfNSOYrYVuioI3oS11eBmqGdNq/xHhnmgY9IYbuxHF/Qx7ZTv6BN7fcEiAu/dybIy0TKzYi58RbdPQ+pzL5B36q6lHP0wgVfES926PoxZ3YweXoMyUlf1iKaY+yaMV+Jsg/RtCswtgU6uHyJ70eJnGkX5OSyESel9IksikzIOJkbs+jiUkX6BT4YH4cf+PBuvhiEMaMXBRwjM2ShGx+27NYsEJ1KJsYNFVMPGvYffRhjGJu7PbiUQL77s3BWyVfdlw/tWS3/gxnFXJNJR+kuEcEJSuuLkSBuwqNwWSiEUa0qBbwGlwmBRxTve+D+qi+a4iFkKJBlOnSadjZJ4PqAZVMA4DtP9xGDco31HZ2Z8qc93/72tz0Qb9q00Weqmzdv8SOSvIyCrfz333vf71egDtxuuPGG4fOf/4Imq09pcto5rFm9yjrEqIFiNfK0MvXbOSAlFyC3ZFUHdP4SbJPrWpw1/4f/8B99Rv1//JN/4klg0o1GowINmwYcaV0HoB36xnJdbCKXJktpBhQcDIsHkTRfMj6JblBMeQE0tuspNE8uLeBUYHihp0z8gQrvaYHGjsGNN9ww7N6zx7Zldc9jXsT5nwT+kY4/VMqKtwZB0egO03K6o4ar0yN0ErmpozSamgbHZDXKAoAeVUIZQKfwnsvgVTwRaCmfMxA6eTovCwL0zsCdCQdsUdURn2SywNflEgaXqowO6n6lODToC54kq381//AOPezmm51YGMjO1CePskKXDBmIDcpLvg3jwRv5DSUPkPrRe4K0sccG2cBnV5LPAxh6V3t3vW5fTwIeTzJIYV9kMF/k0cc+DgfGILtPbA9Qjn7U7b6QOkpL57a7iVHH+jXkjI8ajDGmhi1KD+phM+ydNkwtSed6LFT4xEbTJGR8dFd9aLDgX6/xZZ/8mnajLgviM6dP16TBGxRXi9fFXC6QDCwMMuHwr4h5Tz90SVMfmt5uxg8kG3IA6O6v5KbtkcGX9nWAbvSNjUZwFdKS2zdHg59yDmzL925TbJFgc1LOfSnddtaZNq1r+sYxg+Ih+3IQsC1vfxEubUscP8F3rK/ysQEndtiFBa59VfWp04tP06PNJJPpIpjAuivatrHPVR8AQKPdGWM44QXLOyMqoB+z8GCHucea6JWKoUOUrffsDtCnfc+Q+jALgdgIn4efpHDl7IJzTwL/c8HORQNmunhRtKSvbe0+Ex7ZHYitoTGNHYBsrnkD+fokdtRRbQpe+kB4QM87BssjG7oA8AAP29M3M99Gb3TxIkZ18Qfb6+4b12txIAZmJsVEgMsJxAHeukYnRBFEgbsXCOowGN7GEUOwmRhwWPI2b9k8PPLYY8NvfvE3h/2aEPpZUISwzsJx22IUxWNWu6/rF3vjO6l0D3Lg8ms8AcZ54YUXh29+83+aB3f+36JFAa/j5YzcK1jRoWFff/314fvf//7wA4VXXn2tOgV31i/3xHT33XdrkfDgcOddd/m6Yc7iaBQNJhxFh8sPyIVR02BxWgsmXtZPiehKwgWSIStaZPzhj344/Kc/+ZPhic8+MXz5S19yQzWglwcz1YU++J2/GMiDQ1oAwC6xiWqbszOACGZoxzPNGV3Ts6MRoJ2BO0AsjsjjiezQ8NQF90vwCCLX5/zuA+HhL8ePHXOn4qabDz78IAsDLYYYbOlcdtoIa33TIWRT0s4vltPBgHglvX8bipRgZg3lTVhjxTGv0I1I3SpeANezO0B+2id24jvHTZ5+fUinZFLgGH70IyY5JtHYGZ/ps/H2gaadNk0cvtgP/2RgZYt1tBu8wRWen5RxPR1Uh6Ny/Us+Pk2VUW7IGx95KEg2PojvewLXxwObPvCkEvXnurd8kSG6mn/RJp/BCgbOh5VCysBzkX0RWtHHpT4yJjEGgUgaZNd3unheCV/okA6/pOPjlKeM0AMseNBKXiYG2oUJ27j4KgO0Ti6ww4YNG4cdW7cO69et9V3qtAd/08zCgAmOwMBLn+mzWdoN4LXIpBn0I1f6O3yRDT6UwddApgCZ8JvoJz30gQ6B+sbuKjkoyTiCT5HiJwixGenJlujbZWpN+0lPxoCsEF+At/L9MZ3oQzVw/Cu8XiRAt3UB3/7LfTjSJ/6hGm6n/LslW/QmU/nQaaA+pLx4UqT7A/0L3pQz0VEf3+VMmntD/I+lSmfhVXOS6GFPgPZ1WnpR5hcXiQ5zBYs+gJeyMa/Ag3zsY1olH3Jwma/9t+tfvZI5AR+LPwLpP+g+Xxy03h4T5Q/mofwsyqO/j9i/4oHYSWYR3SlfsbQNMrWufGxXMVOAZTYItA7YvXn10zaOKFS5AKNmG7SJ2dgqYTBDURoiCsEyW6Apv+yt4S//ra8OX/ryV4ZNW7Z4wcC1FgDFxjWP+BZDCwUPGs2ESKts7kiTYySvgTK25W677Tb/UdOhQ3eMf4nqTlYNRK1t27cN99xzt//WmF0Nzna5WxQd6NQv/fql4cVfv+jH69Bxx/btw7r166KnaDS4AypAl0HDILmtU8nXsvfIBy4yidTwyssvD2+8+frw2KOPasLkz4vAjeLW2zQ6zGjNYMqTbKPN/KugDGdWff8GClUgLvB1xuSg2CK2hm46CIGJgEGOgY/LA9jn5KlTfrMhjyZycxV/ocwuzbvvvuO/e2aBxXO9+/ff4LeFRebQtXRKY0cETE5k7bJPAuScdJ0DtFO3i6djPk5SuXGcrnZTXtqiS5zFr7/IPeVxpF8kDxhxgcKl3TmT4IwBwObJywCPbVmp+yxG/jESr/qdjq1Slz5FYDFGO/B4cYN1K2jbYheLqcDg13SSOeG3fkDz6/bvwaxxXB964Nk45IJTg5DwxkC68sN33ldCD7sgOvowIFLWvMClvncj6NN8VBbeKSde6IqHdnQgnSMQmeZ9OfXxedNi4QP+Iv49SbduxLmxmTd4rtVkwb+l8q+sTCDsmrIApj3Rx4+2aWFAPcaZ1s30LRhjbORMPhjIHLsbRcAEAX9vwevjSgVNbxzooVVlAeUxFtl2yWmY+3z4LeTbhDgjHe9LUKFtpqPPVMtumZgy8UKTNLIiG/QYRxiT8X+/9lxzTUCFzU8AHy5HLubVQBw9Uh79yXNQ+XQPTs7UvdhYucqLhHk/sz3VRhDr+iagI/TZOch8yCIhZ9yAuegLberDp+dGFgeeN0UD+unrNZeGrY/I3vq1kS2DbJ/Fh9Iyo9vCQoEVPGi5DjI4DoATPEA9zvJlgRH+bSfzhhefop+y1F1y5761VykgUz8hq2NPqgAHDELnAA9BMRK43NxAns9a5BwHb711+P3f//3htkOHPNgxgLFSQxiMFsOKn39FASItjSDOm7SNNCuzjAXzODg0RjqvxXcezkqjYATw4U1Zn5mgHzfQvfb668M3vvH14bvffc7PnDK5cZcxxHizFfcEPPUbT/kMmY7dje9tNQFOk46koE5i5y8ZIj9HXhvM61eXaPA4N/y3//Zfh9dff3X4g3/4B34ZBnhudNfDWehY0TM0roXONz/HAsnPat/ptnPH4YSApCR3KocP+b0KNhXFqQMPrtvxyI1f2uEBKg73weHDw6nTZ4ZXXnnFix7+RIrHFw/doUWaFguQx1ZMjnZ60SZzbMOSbQGMZYsKq57/R2BWFL0oBqGqOeta+7VN+YDvtLfnVOh61R+akONA5yc7yHNoAuEB+EyGgYGOqY8HihpI3DkruB2oq2rU7frkRYTQpl/igwTTVD4Dl6m7HnW6PnUz8JDmTIijBx2wwFFwPX1sEZeZiOOWjSN0JGPozCfWPgNLGX0KnxmPTb/K+KReZOtBz81pG+Rsz2dZ4IKnXHzHA64+yOJMi4/mJIMHcKQf9t9RE/oRyaTx2yx6k9eDdM5ATZdPtVlkrTwhg5sJMtfFWSAw/XFTIrjk0Ud4OyInLWxDh0bGQM5EmagQFD8gv+2MLJPMka/lFAvbHrt22wcvmncacN1kJ98RZfFYtaHxQFLQ13WL3pwm/Zx8Fk090Qev46FDFbU6RQEdGTcAJkZktp8ozaSNLSKbPuUvtKLHCNH2jovGHCqMMulr/6s8y4yoOvbOj+0jfn1DImMulxbWqp3Wql36PgbTpIIFh7+CZCLN3BVqmlvURr2I8W6ACvIoY3b44DctWqOrfVkJdPSCwWNA6FEfO2ROjd+B7F2OAttEiNiF66HI2fZJuYLoITo0J39QvoPq4AJWjQzwEsevkXv0K4HplB0QneSyreuW+FFGnJRBJnQiGAABVoFwMjGIqypC4yygsShYIeM/8eSTw//9z/7psG//fqHnTLM7AfgYw46mDDc0MR3TSBEMJca8wmlZrLDyMrlHRlDIy0Rd23MCjB5n7E5HHbeO5eBs351bzrdDZ7Rf/vKXh69+9ct+09XLmuB4kQVnAPwp0M9//ovh3/7b/3c4evTYcKsWP9zDADCAwR8dWSS5gVBAENlbNzoRebWa1UD33HPf9Y7BfffdZ9mD1zoTQiPphfG/CRiXb9Ubg1p+pFLlQKSO3XhJi22neJcSZ3BmW45dFRnTTv+Nr3/d90vcc/c9vpxzzz33aNHzxvC973/f93hweYdHtLBjtsPShnQk2ibeJCg5gG5v4JqyUdLkUTTTyPHoVOV4eoOrip+P4BXWDB+Y6AWnKhpcZ4bfsjovyM4j0JlpbwYI0EFN++d/N7gME7/NgAcNQv+BEvjhRXltwfpMqHb0Rj2aN4HMOopOT8CRSdlASApgoF/Rtl0Vz65CSps3MOokvgQgk+N0xoie44A/w+cI9KDffRK5oEF/dDshi2yGrh7g4SM8jgy+DJ7dNqZjX43/oKdpmi6XQDhjL97m30EgHH2NR8QoohPSSZunfBRgNxP74O+QmORXvpCZKHjZDYMuN9iyKNi6deu4MAB4Kyjtd1LjS98t7slE9aGDHaA5ilp6kgdYJo9hk22zeKnCGVAWo0z1i2gdEndZvkkTCn9er+lhc/LbViOKILSabgL4qaqP2hcc21yAn0R/KoiL21ETpvyJJ8c4+ukC2aXBvK+jq+UpHsTth/YXngxZqjFrTS4n1E5OdDJbtzM08Bt2dj4+8bHbLL6VcuYx5ManhOiKvqQjXpk3a4u+9OtJnDLa3HK4jeEIQC+4sQfyp6+Qbz3JQ0bFI2/sQxr/QZbYhhO3adHQfpR6qomiAtLmRz60qv8Yt+oq4XTaQn6/Zc2Spy2FoAXiODYCDeyzqlw6QBifASp/BVs0mhj4U5Cv/u2/7ccU16xZ60dvEGQ+8CG0G0FHFDMvwVwRALrwSL71cD3CHK/zk0XDnrMsDL6QxvHAxwA0kvnKMew4CjS4j8LDEc+dPWOZv/KVrwxPPPGkOzjOwjvOkZ8nGtg+/+M//pPhvffeH7Zt3e6XnqRxsxJGFtKctYw6KIamyOqE8liA/PKXvxweeeRhv3OhaUxgxMSi4ASiAz3gmrIGZackjdyp5Fe8YE7DMX4URpmwsw44OVuj/EsiT3xwj8GLv/71cNPNNw2HDh1Seba5GUi5sfPBBx8cTnz88fCn//k/a7HwmujxT3f8l31uCLI9/oZgmfWd6pRtLTtBv6A4z8kxXcUGRxewrXLnTYgjDfGD92RxgMIgdJuONtSBPPyKiSQ+kTLyOGOknMWkF82Kt07gEa/kgnz8D/vjxx6sFObQlwkQgEPHgXGwgR4kk20wnrNT4AFLeak/QZ+Rke1BRREWeuwkecBUseUqHp5E9HFSAWrQJPR2c9LZdVAFI9putZjy4kB5yI3uEPG4AUExQZYAdPxrPs5xBoMmuECO4Zl0BurUio2UK7NiC19ztuzB86VOSKqGB1/lMYDSDOjiPJXlRUgbPHagF/0cu3DfE35/Wv2HXSO2tpEFGqlPiDzNl2A9BNaZPD7EnYcPJB4gXjghFV17x0QnToA4hS5lKhqt5qyKz4DavaBzuvhHtPKrEebtEnouVx40cpYsOsrK4q/0gbcqYiNONHwT4hyKBbZE75afunP6BBZ03qWwffjvFf5Km5dQ8XrkjD1ND2E9Foku7YLtaEvmDJ/ICIX7IVhkus1VNdUkq8tni1+L5B8fkaMXBtRFb+rB3j4lHvhIdKi2IQ9fEk73JdeVXqbq+rEfsvnYNhDYj0wDO4cHdbpcZB34hbfxTJtySkLLOPpZtm39Mi0OZtV0QLkMONPKLWd92R5mYEN4JuMbb7px+N2/+3eHz33+805fUOf2yliEwEEZnICGaaWiZAIAP0rsx86jLLh0oIbGR47Ud66PyMdEn2dSr3hHwA2jQpcpDqQjTg2VBQ9GSRkdmreUPfDAg5rgHhp27tjhlSRnwZwl4Ugvvvhr31D41ptvertq3dp1fokJBu8BDZgMXXLrgEz8oQsT7UOfesirWjMXRKbgopd/lTadpuHf5Pex8xrGsipZXD6HxgWIhVfRVRybcFbE0wQ8YcHgx24H7ynAD0hzYyL/mcDiiUsLW7g5S2dKBw4cHB566CHhrTQ+HY3HHLtdHIrvHK5NI1AlgK47CxPCovR4UISvjFFZiRgXC425BfGJqfz6gH2wE77HoMSg4MmNs1Z9PGkyCOqDXPhIr9jNUqTtMy4vv4SwjtCFVg8ypIHFRw9wipqKIo77WH4DGsEsQxcc8oyTggUyNVgehQw2WdgzNvisTnowCHOWFl5U1Yc+W/SwD4N9Br3Q4uOxQfTBx3bshvhsjxvaLFwAvdEvL44aPHmYLwO27QUfBrnwApDFBTNIMnSRAeajfSwJQHmnYxcGZ1AaN/hJt5jIz7bxiuVLfUmSPtH3HmRSXOZdhPPSoV/81nSQuaITzaJrqLTt6nwSxMmp9AxMqugBHQXL+kiepLpex6+XVhABbMuHr7OJzuzQcQrDg3TqIOUcl/7ghbNs4UmcyVUf7JC5hT9cExO+Udgwj8/pjfT1NX3RJA49Qi/E046ZaKOPCSRfHyZKLiWAaz8SO6ZsPxosH2/ZXbFlQ6QSy1REFz/HZ3uny2XiYUmLH4NQ2p2Ff+06KL/7iEmLZy/Kw8o/jlsIHc1PvoXdsvBCBlcRZKceVI9FyC6gDv0X/l70CgFetqWJY8+ivWPD8qcxWBvPHU1CErx9wWqLwcxK6SuCrLKYQB986MHh7/zu7w533n03snrygynGAZ94LxCobB4Io495mp8qASibg/KcU4ZwTvAqn6Prmh54qRxlgSjoo3BsGNdRDs5Y+MaoRvCCR2VptJwpb1i/wWfFjz3++HDw4AHLwz8G8hYzcD/44LAfneRlRiweVqxc7nsUmAzBxcktvYUhHnngsW/fXj/R0Y0GjLYwJN558+PiPFDh46iz9MPXwRmmlhgwizUNATE6TgPxTFwsopb5ngv0ZuDj7Ojtt97ykfwbb7zJN6I+99xzvomTRQDXxVk88fe0LBQ2bdw0TRS0HX4BO/HJp+QhXXL4t+NjHsdu68UwWmLBAVDLzpMpK5rmmdgCcN68YFbHLSr79PVwdq3cEdPoloRXITcgP3YcbV5FrTO0kxX9sTU2hLZzlTd14qoncJ5jxBceAaLgFNfgi7ZRQDT7LhVQoCSyuj8ocPRC2njp08Q8wKsPdb75Kg496puGcCMj/T79n7MxkPGv3IMRHRlrAOq3vgBn31zHB3qhHyheJSPpZMd3o0x4V4lhoh36RG0jfDJZ9lHAk4IgYwP10sb4cc74s2uA369evdYLAb/MSLjU4eQiY2IG8tap6SEnPJxNmAlqyVXgOnU0GjZfDKLlIALhAGCfJptPzsIUnF9xgPxRCAWlJzspWe1oEmCQTdx8yeAbXPA8xhul7rWwLxO4OY8z9ZTZTrKf+0bZE9u4PZMMhJhDxtbIx8c7ER7Ls8XetLA3J4qW0SX6hZ9lhlB4GV9pzwfyTV5ChV9Cz3JQU1904tI4pmpZvRigfVUffr34oT70LansATtSYU1C+dBSnBNYs3Chq431LHTR4QvAG1k8N6uOy6qwW5+q2Mk2EQ4n6LGL6hVP6EAetrY5tFTPOxv7tqx6GgeHSe66j8HJg6E7q5Dj3Nmi5y8ov/ilL/pSAvcXGEd1LCRGsGQtIgYt7RSIOuk4kQRqOaCQK1adwqfPui2cXTcXSmkWMMjG4GAOQvbNSGrgVavWukLfZQxdZMEgGC111PgQb7BMHEMPR8CIvAvh/vvvG+66+07fbMf7tY8dO6bjWS8MfvXCC8PPfvoznyGzaty1c5d3E9zpJYvPvBhMRJ8bY3j8qRui+adx6FCRwbsgkjMyIc10iO0WwjzH8crofNNVvTiWOpTksnMoEDcfBdowg5gGRmy9dPlwVguiX7/0kuot80SfpzmuDI8++uiwetVqD4D86yJPJ9x9zz32CfShjXqQ9n0eCFMCsWrm+rqkkQzgxne8eLCihJKZCgL7FzIzcKk8+WUUQ7pJ6jsyO/CrEh+wedLO0y+QssT7aNnga9upnpDj57lO6bMEdKGtR0pF1UkIVX1s3KAoNKyPPjFT6EIfv86kUXUrf0wrdDm1whks/arMfmV21CnZamLwxxNMao1HUKjr8SB3itNPRqnFK5PGnAa+G9l6IPKkqSP9x5Nf81I2eBES/2JhkLvJc/+CxiDFfb9A6UYePoZMTDC8nyQ7mtgAfEuQuPKu+qY7JgwWEbEVsiCvRbD/RIAcYQmvjA+WvaBj7pfQAElf+kT3XyzOfTWMiyd18nBafcWLH+Wjv8cQfFo0bAfVgbDplY46mNYcIlNntr1J9xFAh9DqT6E4OM0YUuhdZBgRZzDSpW7GInh1NvHJZsq0L4RPvlWGQvifcLzFrsUfC0DvENmvwxtatC++xhE72wcEtNN8TPQHZiVL5Cj++XERdRrXiwNoG1egIzHKaOc+EaYe7YRK+CuTO39YZtmYP/AZ11RdfbwYlVzoAq5tpE9fTuB/P0jDFnfCd1svpSwHwbLaTpGpWNhuyELSC3HKGCs5kqsyeGaHouzpwQvQUXjOlw9Rx3MP7+1QPLpkIeAaOsbukRG7GO+hWzZcZYXTr+jUciBMpZzr2alztsc1ZV5g8/f+/t8b7r33Xm+hSaSSJQTtMAbYEkgTKPdvsv1DijqJA6kfGr7DGPQUyQCsxGhwXpXcd/miTAZB6q5ctcaN/PFHJ4bXXn1teO311wZeQvL4Y48PmzdtFA5PTKiTqj6txuKAyhjLREwoTgZjLGKQLG5k8eJFFjy7z42Lf/7nf+4/UeLvVnnzH+Vsje3du2/421o88aji2nVr/YQCatJg4OTJjzza2M6FwzFJ48zYAFOYv+SNWZ1hKRuwwXVB2aWFaRvQB3SlGby83aY0/H13LpMzNpH98AnLKfvyRrBT0tf/Mie5WfTw2uNnn3l22L9/nx/bos5NN93sd0Xwz4tZEIQXMUtJey4AWX1Z+FIfWbxgk11ydih5ZB9IoYPfoyA82k5+7vouS1RBP9eyKN7oZXEWgguvrQa03eLX6h+K04mog8z4I4sidPUAXJC+0LySX5RSF/yiPY9TKf0hfoKP0/kzsQaYfD0BExfifHEw2lwQmaGP0qkHViQJz57I40MIFpqk8UH8w+D84qM4/ZJ/VwV45wcI+EpoUj+Dn+1S9FLGgBme0LR+0hMZ6dPx+/hj3zsEKgsy/MITreyBE3uRJsBe/lWaeOwDT3G6qkUH/ISB3PM2tC2K/iR3BknokBcUakAAXIRJ3AN91UV3/nGRM1R0Is8TUvXxcXeFqtCdQaev4WeI/TrebW19i3eX2+YWTqCsnhTa9l1PklA7ZTNeoVcJ7FsfClyffMgr0nawz8vOJFOsT5epDmMq4wztmQksk1jolb1lO2yVpz8yCXJse3Vbte6waj8334pzUkhp+7SQyDVd3xuDWEUf4DfDUdfDD9En+vqsn1LGQ/gq33KRp/ilC5cULg5nzp1Rm/NERM7I0dNzZ9XxIkIhl+G4IT83MaJDl0UNpIhsAOnuu5Epk32QpZ7tQTA6KCkTpF58GvAiSwjRnWPsSto6w7vKk8ZnLw9L7t2/Wie2MiiK6Xi+bqICBwW4c3SJDMyKnS32f/rP/tmwc9dOK8X1PxuxhFoILS0ClpAIQJ7xq1xKd5wPjiDOCsoxXh0ZkLRahwarT/gzSXMEMDhvpHr229/xVv9PdRafGyeXDL/1W781/ON//L/773+vXKkbB1XHjdUNYJhkoan8FTL4HhxlH3c61e7VHI79ztvvDN/4xjeGb33rm37L32adPfdfdu7ft2/42te+Nnzlq1/1fw1wHZLGoqGpz2DHq1VpbGiRxtl4ERVbqVynVEtKxljGDTMD9HeDzgC6USr5Y7nyMTeltDc2A3jGHv4OwqUdsosUJwQXR+YsGR2YEOHBnyexSGLRwH/Pw5ZLLqySuRGIQQHaLCqRxWLNQWLx8h4GWoqiZuTOZR46qDJlCx5Lsly8FEUo3CwIlGbR6xoGAvvXBItMZfKLsxrabtCFdNsGmzMAsCDkuiJo8zZYLAdpec9oXypg0zm4vgIdmgGVa+xeCGF/80/H7UC+4+AzsEmulmDCh2ThOcGXvkUazK4RCH52bpjoPFkrjcxNB74gLVsu+eFhGZkgw1OZpmUuJqgc6QpeXvDiaqZDP/ZAVgB6oOQVYi8KKLQc5pX+1/gZ6JhQciYFTZ8daczIdd8gGl+8bRsPnMlAHviR78nIIk351lttYrvCW6Ued6qcOP5K8K4X9K2DypE95IxrIN+8F+Up7oC36Nj8W5aeWInDY/QB5+FPKuAX/uTxkR1CA1q0ZeSJruBTBg3yyieJe4QkHl0gTR1n6TPGTQ8axLtt4MnCET+u+wtoE4gU4FvIlgmyz1YzljVtAF7xucoQNB+agHIvPFRujVWX2pn4ieAf6JoF3TghG082FC3khEf4KlBHOPBp21EXHHaMuXeKF2AxDvpVyvrQ7jAB3/fccRQNxlEHzaEsgJlvOFHkHhXLo3y4Atgy40PSkx1Ctyd7EJA5tkdn6iLr5A9tb+LWVbJZb39mtE1SOC5Lv+Ttm867Y+cyWVoDvRoRPIRF6H5GGIVWrVk9PP7pT/vfFLnXgMEfFlyX4Rqy0EwMGA28AChTDWVbtBaMuAfvEtn54FYgi5+iHaVDC2NjLCsup+JGQv5L4T//6Z85P2fFS3zD3z/8g384/KECk67/Sz392gaZDA6EFoCjGWmEyGRs/SAG8rSjcT2U/3D4sz/90+GnP/nJ8NJLL4/XSblr/6abbx6++KXf9F8zs+OCQ9NBaAw7fwG0rFs1kIUY5ajIArmCtRhsyi5JAzkzsTgDd9MT50ZSJiPavYnH0eTv7LJYFoHqIysTPrqDDz2vlhXoDNg9g0HK6QQswiJLyTGD8JRTypfgw2KURcHp06dk26zGOUJXCVPwQD0zwnxh0LnmNC4McnTr6VuoAtmj4uhzPUgbL6Ij2/BIIQsWG8kwEh3pt0xgsIi+JFtgJ6p4MJRu2Iw0EzwDKTi+Jls+kUEwwRONaEIXOg2eZIk0YyXQtXWa40aa9BunhNMDDb7ftvbgjX1UXl5vOX2GZTmin8sV0g9CD0D67ltzXvDOWZqzdNSiQfJhT3TGH7wooYpwPMkH1fWpZ3L0U8WpU2Ttc7abjvgtmeFVdisakSeyu2LlA1w2a47ggUqR6zk3NUwCUAL/5syQ//v3ohp8fVKfMUb2d6Xg26LFr48GRdGB3U3zEz76hE4Ygk6U8ilE1jBI3PX5lO+GnvIrTp12a8snXNrQoE7BBxwHtaYnF/ofGYKWh1JmYvLbZwHil3TyFt8CJ3UI0OGECOj0RK/lqzr6+MRMacukj6WzPNVv1Gc4yRCR8Z06UMsvIPmhqRg64mOMYdaHUvnpZOfI4iAGvbhjTOM+El9GVB4+y9FyiQ3iWrbqq3Berr7kRXb5Bz7J/w3xumz4IUdLCBHyoifJlMQWI9aYj8zps52Oz4yLv6Kc+umfIz+lffBvcHuMcxva3pJv54YVT2dBkG0dVllWWohMrFxf/8rf+lveIucPlCigQWDgDmjhmk2ALBiGHaB45SWTHwVXq7gCirojU2A8YnyCSvmK5bnZDyCNkd58863hTzUpv/XW28Pnv/BFN9zRo0fBcD1eevHAgw/4DJczCYzEoMygmsXAJEMgx2JjSCOUVhKAAbQHXeixs8Kk/6mHHx4efviR4eabbhIaf75ySpNvzqL5oyX+94EVp2VQoE4DZ9vdmHB3g8rB4qCxoWXjm8QIsRLQ+TjZaCjjmzbFOjIBcb/E62+84RsLkWV8o5v4uZPIYTgT45ID1RgEs5VIp8nA60WAZPTqnLpyfsqhM3W42E2HMR1ADl5Uck6dh46atufpiCMffqjJ96x3e6CFLbCDbRNCPiCYqZGoorFAwHajo0kKJptMeZ8MLWvaJEfOFlgYeOuteAVtTpB25Gz56nBJcjOAeUCpgO+xILtwIWdWvIyLnRged6Qc2/Vg0XHy3YaVB2/3WbVTD2rmLFEbb1K3ZZxDZ8TX8Gm2YFkgWKcaMBSr+jWQM2hCu0rd/pU3XxC0DHwA7JFBLPJZJ3RjsQdt66IgX4Bn6tdgJ1HSV0sllZGn6qbZA7Vh1JN0fBm55wC/ilUA0LFT1IU/uEwqHFPe+QB6c5mSSWGkWWUAeKNN9CHWdlkMnWMq+plknMfBmuxv3ar9XclQ5bMqhT3iUdTtm/wEVyperqPoXFbinqyL6PwYtPgAfcOXJkWL8cOvLFY/JrD48w5LfVJLlWHNZ+SZSatl6zIdHKfd+70hORlZPqxk0qexAPBUgbHe9YQDXUL6IH0v/ZHdTfoj+PQD84WAAhO7GLgcX7VsFEnm+GxOcADqozv+5scoV632H9JZBpXDM4DG8n3RQjZCL0RMmq0P5KR/0Ac0cMPW9RQhntB0JJdktGyAiGTxkzRy0RbRKYukxCnX0QJA74r1pWzZro0rns4AmopMKV4oiPDthw4Nf+f3fm/4zBOf9XYyDJqwodIThIa/phmURCvi7SodLXPnzUEFZPNRWUIUQS4m4eQt8xb2d77zneE//sc/HrZv3z78/b/3931mvnHTpuHHP/mp/3nKsup79113Dbt27pRDYUStijCOQkwHtBx1HMWa+BPH9nQqHBLaODsNTrwHcN67fcstB4ZHHn1kuOGGGyWPFlWqzl+yntLq84Vf/cr3Kbz00kvWh7v8efSPuDliEwWeemACnwY2ZCEkDkzyN1B3jAWoo0ObHOD9DW9pUcBfxh7+4PDwyiuvDkeOfOgyHsXiPgI6QnYO4sQ4HvpyRA7bVvRYcLX+GAhu7aSRV0ijMBPgiEePfCD+73tRwb0h7CDwBzWr13CpYqv5ZRK5LPudKb5yXmhC1LQVzI7GgXuY2a9nMHacERaWTxA8NAFMRlnUp60vaHGQSyXz+qWngA4JLtvoPXjhF5nACNDKGT30GEQ9oJLvD+RES4G4F2FqA2wAHrTtx6DJ7vANzZTh3xlQQAAn5IgzQDgiQJa2JzuEGRTVJ0IstBtXH8f5qo4/1BVxT+bOC16QKm6ZOKRvcCZpespEHwY01yWoX1k+14EOvOJjSVQoLtE3NqVa6EAveD4qQr6BPA5ON/348XwSAinszYWIYSRTEeRlHMFHoYGsPqKHApDFkHQmabpqGxqapFGCN/FSUFbzCm7wKZjkmiDySPakFFRulCIiSJt2Ovhd3npLagXlNY8WYkI1ncZP+8YP0xaOOXi8cNvGPoSGjGfgBboa9EqiBXHDiJ40vNJ/2A3OuMRk7DN00wezcPkgj1MBJnD6MDvmHDkh8S6n2o/FjOkobh3Ap78pzo4Hbe4TpuLT9B3TASuyM8FNtPxttxcXKoAGJrUtsB9+IfzpEkj8Jm3R9nWBP+kbkKKSstvvQUG/kiHY+riMzwSJM5fip5GfuuGTOPrBe9nuzSufxikAtsVY0WGAz3zms76McPuh24dlOpugslceVIRYKdFgIRAGHOc7Z/zwTV4JJBgnXZcBiFROMeLniOx0lJ4YDh9+f/jjP/5Pfvaeewq++MXfHLZpgUBDb922fXj11Vc94XHWjrgHDx7UhH1zFgUQLUOG0Tzo14fE3aGE1iYHMsDqWMb10ThZSSIfAx8rZP506tbbbhPvW/z8P/chHD12zNtTPOWAnPyfw8mTJ4b9+/f7MgRODzBxMGBj75apbX5NP58iY7RSikRytE1ZnHDHjp3DrbceHG648cZh29Zt3jbjiQNe0HT61GktuLbZwaumwZRMI3Fkw2egyaSEfO5UoJSs/k00UORoVRYCHI8cPeI2PX3ypPxvuZ96oD70oXf8+Ed+QyX2wSZ+0dScpsA8nSn+xXsOtI+BIoUFuoz4wmp1XRaKVKU92DFg+590fDX1qD/SqPrcsczCgAGsJ4QGBgovejgTUTryYol8rDv5LYyLy3cV+uyNYjDGMweFXoSA57YwDULapgcgsjmSx3Z48shMvXHwU17LW2RyVMRRlzsDggrIlTzIZUKsxZHyvNhRPLxLFn08vogndZNOXxKKgbxiHPpetE4+Z135qExZJV3ANLGJ8sBrsJ7IoHhpMA3WADL5AMEpTr35wgA9gehjVEFk4ZM0ciBD9Aie+KdkDE2r7YQd4dl0LYsA2guPPozlxi3qJbkzOw+5RrZ1gEZsVQkWW4Uf9NJFATyX2WDUQTdHp7LKMIb9gRgQIrFrcgDjNY7yaV+frevTdvf4ayHgMXjrnhOp5UszTyU/RC0HOgh/4p189z+Cxlvos8jt9uyzZyEalxM3/up5fPWycBmHGON7XiS9euUq35zKbgH/4dALAy+MxYuTbBYM4HJfmcdO8Wa+aFvAz4E+pbQ0dl+Ip2ALnbQZFeSp78MHGrZTBWNxmAFp4ymORahLHjz40yXsAv9l+7aufZoKXhjozJw/Svrd3/3d4be+9luaZLepMh9BKI7xuSKOO5vjtcIAXQaBdEYaa6pHp6IcbgiH0RGahsCwvdVJPnfK/6t/9a/8xr1/9I/+0H+0RHnOSpZ4Bcm27TPPPuvGxrm4q/7OOw65YTKJ0fnMfYHcCRmUlOV0IDJb1irzAMfHshfYQBl0AHCQYYvselAT8X333e+FAnY7oQUBN1HySCT/74BenLWzk0AdJiNDjG7eo1zJwh9MC34+S1G2t/+xGfg4so44n6tIN+zKzgA7F2+//dZw++23++bSPXv3DgcPHBjWrl1nWf7qr/5q+PjjE5J9s+WCGQ7uLUHp3IsBmI6yCZBBqchY8TEBVBz01bxEav06TfosQgYtms75PQrHjx+3rCxOsCHA45952xzvPU9nn3jaSIL4aLKbqUqRkQ9y1sfAYarqiuASBxcenNmzqCPgS80NPAZEu7HJqWONZUxu2R24fCmdjYAu5DHgY8u4oCuPOEDsOeUlN/nwSX74Q7Nf1oIc9CUPYFWfYy+qu6xpkZ8BEX7R3dwUaTxowMPtIFrGM07R1yf918j6Ri/KMiiyY8ClSGUijI4tS5+9ZCCMzrS7fdcki64O9jsyoUNwdu7Riezwjk8YzengBTqRAdC0BHO8ynGwjKZFqEkJflpIYTfsM7fl9CjYtIsIPvUWyhE6sZkKXI59iRtBcWwWXwOoT4gsk66GyuvKxuFT+S6rIxOAalZ8If5Ic+Tj4jBuUF7jjbZx3RTy6YotX4+n8G3antBU3n5lXKrq0/UA/MJ+J+gdgQbMx4TOeMBCLTQTwkgHAuRKzpaXPOh61074tCcLDNrOcin/PPcG6Oh2Fm/6vncqoNf+7kN8kKe4fCnBT3Vxn0EucbgPKGCHdWvXGAcZwGEcZZyH59xPSCMrkDGHPqxaCm33+F7so19UjDhKRcT4pNubtOoSNx1oqHrjU1fZ4ZnvsGzrmqVP8zQCgu/evXv4wz/6o+HTn37cgzDM6bxsETXnsfL/z9l/Bu+3Xfd92AP8gQvchkYAJEBSLCJYQKpQLCBFUrKqJRfJKpQsx0WWPSMpE9uyPZn4RV5gJs4L55VTJuPEw5n4hZSxEkc2ZcsaySLVWUSRsgpJFXYShei4/V4AN9/P57vWOef3u/9LMlnn2c/ee+3V9tr1lOc8xAGVTNj8fSguNDlqdtOg79Ojkx0XD7PYKAntLP0HtO/+7j9/+67v+q7bb/utv+32h//wv3p7y1verHNXlpc4w8MVhL+exe2pp58W/+53fcHt637N17o50Hk6H9m1RQHaNqBZzY+1yqm1i4etzm8+xzaeiJMaH7Kx4Z4u/1D4Ld/yPt8X8Pxzz90+lcWQByrZnfJMAvXhPxzoRHQgJ86A+hPIbRpF2/HIb4dzkoJ2BtZegcCVdI5/8A//4e1v/o2/efsf/+Jf9F73V2fjJE989+53v+v267/+629f9qVfevvJn/qp21/+S3/59gsf+AX/Aps/pOIlH9iETCYx+wm2aJjq7oBlrwIvv9z/csc3PN/yznd+vu3MXxvzzgg2CtxyeXTeQunGQH9Upp4+xNc31LGh7Uza0rGj/enMAx1gAXATnDzSFjwjwu0Bz3xDcsgNmfngofUyObLDi2R4POsRp3Btlze5sLRsYZLY1bCT4bT1pBfK2zxJJrDlXSBJftuoZQ3gPPNxsjjLd/KBlHrtVYEtL037PTaYjyxpM9HuLaiG5k+L1iZCdFKScuyh35506GH8dyEBjx7wC9eJEkC/TgTX1PFdiP9H13ErJIQboIWTukgWYNEAWk8uCV/9VRmUbb2XlkVnH8aDB4NYaEjUX1VaX00fwZ/D78bR/oREjZuaNA1gDzb0aih9pWXUARkbxFmUr6qRBrAYOf0StmwBXus8/i5yyPliIEy6diAXn4xu/VWa1r0LJiCddW0A7yJPn0NeDr1SUYdPrvUjD6iDfCuo3YdezrsnDXn1kspcmTZmHPBw/Y4TiJjfOGnyHzaTNuRkBlzEqYBbqswRXL3gigE83HJ4fdq8Dz22jZlbkePViehADzZyBZmNPeXc1kA3Pqw/4qPk3XTqs/YTr0rEBlx9zC9A5CGftrJPjN/tXzmSlLZ1lNx6kgZnSMb6Jzz4grc++n6M/vKveM/tj/07/+7tK9/zHp+ohLMdPslRIhM2TAzR4q/lAKnN7iCaXAwEB32N3MqVhvu67IJqLGUMLhaJ//w//899r8B/8O//+7ff/jt+u06AvoOVgM21m8s33Nf/4Ac/qP3cv/6G3/D1PgDow2+hoUN0c4ByvgBsqT1HAYL7yde5GQDPcbXfELsXWqdITMzVDDoBkrjc/Pmf/07/h+DX/rpfZ6Mgh4Xwh3/4h607fynNwrM7ZmWNvBoTuSlvpy4/nZNO9Lnookz/pZ7ow0wui/P65yff9OTtX/jdv/v2m3/zb/ZWwt/+W39b37irtZO81kv4733v196++mu++vaRj3zk9r3f873+JTNXNthB41ftS53QY8hRP029UdrUYfriiLHHXfvrsmt34u2/3PHnVm9769uM3/yWt6mHSuMXHvDDxorL98qdxKmzUL9lAKwBA9s2gPOboRMgZUxU+E3fpWOBg2Tlw95FkkmrE9sGz0gITkAFJgkGc88Q4zuOQ1bbj2MMEXdNQ2rO/rX4a9+YWOgkwMSyVwcocgKQv+k3vOGNBw/xBmBtq5z+ikko2pg+4IQUHsaUk3t8YWBSGhkoV6qy7+o7fGB9TBaSvtbPIE37AUGfKAN7uxFWkrzBH/nxX2L5Y7OyYj+LA7LURTlzQtLdGAy9C0gf2KRMOTkiwL7hYh79tLth5lB9w8Q//YN+dp0fsM82Dx7d9A3pYqz+k+qsxwILR8hjV32xAJ91zXHte+BQvj4AoJV+y6/ArQJRja3vlWZwQ3SAPgl0A18axoj+HVu7gF0CbRG6bpzPPgO9OhAZlPaSAIz4ah22HpTDs2FIxEPjGCTQXjwUzM9r6QP24dPGMDuvsuiTxi7ajTXDuYef8gaYG/ilDTw9AZureDMGvOKYDQBmsGlAD4BtLOCF2ixP5gfM1v45ulGaqxPZnPTKQ3XzkGRqYx4ebmMwVqnHgikMGNT6fZuYeu+GpT4uvOYbvuLtL3/jN37z7ff9gT/gnwthIC8aYyJ4/vnnbm/IAsG90yvo9AGMX6VXOElIhCoGoDW6x87yUQoOKA8lOK2FvC+AxfLP/Jk/4z+e/ak/9ac8g/3MZ3h4rw2+ixOQnAPxdXHg//H/9H++/bn/z3/rPexf+2u+7vYf/qn/4PaF73qXb8t6TRoxHhxHqDiwhiTWmMVf4zgVvVxAjs5OXrUDsGMNxcI6vM4/H+DDj5TRqbiX9elPf+r20z/10y7E74qdX/7lX34sSsD65zAnsDLo8MR0XtqQvkFHpR3pROA+kI3Shz78oduXftmXucDvA5DshH/sR3/UzdQ3fdM3+ZwENsHDooxMFpFnnn3GqwzQs+GonnZqjcMGbELo2IxNbWtKTp8sOOgobkZZXVSxPYPx9TwzUlkMSia8c3EshK1xcFqweXSPcGIOcARg/SokiQ9NBg8Nvxx44fnna5N1PMvOKwLk8RNtMHFoKWvfqB2U+Q4L6wbf2s1X7YBOnCi9JlAn9crH5FUbFkhiwzBCYqCP0f7b1xgXtFf7YWwMNbdt6I+UrUbs86wl+cqov6mX915TBy/lK7f6oWfDyKKIbfxKo/6sTQJ2EQ0PMRhtMY/tQwsk6eYrhVvW8vYzmOrr6u+Z1WwQQmc98dnYcPVZTyzO+tFW3v5IG3FPBDyAL6D10nXoEIEOfADgM6yJJW1jN3+1gTHERI7evdqGDDcdUb/+bv1I9RIzAaicuz7Bzo65zCFTR8prVwis6vr0vt8SUr7yqNuVhnQ9W3vMKbg8HLQpZbSL4mZsUjdpSSfWPymCB/+1r9TebhZq80J9Wr+23ugJD+2kCbVj7RUyp2zfOehTtIu82OEZY+3n2prYNkmJDyBmPmOBZB7eK7b4d3UhI1LNqzNoHpB+5plnXfxRjAzst+4RDCd1oU8hmyufjz/+mFev2XjgG6APLffXEt1ItF8T6ksq0Wcr4MWXzEsvvNi5qX248lgLMZmrENQNIEaOJ4tJU68+61D8tsvayxylzD/5x/619/P/CPxMkUq9NkZDxRkd/2QF4dEYD4E1AFg6K32wkLg4ubmmY9iW0ddwSvwew3hCvT9R/O7/7rtv3/u9f/X2vvd9y+1P/Ik/6fvLaVSo7WhWKnwwRix5GzIxl6X5F0E6yjvf8c7bt37L+3xBEe86wDk4Qt0GTQq0889XMVbyzNdWGq46z7qFVwJrIkZgHKWgDVTblgcB1IfdJ43PLyp4JuHzPo+XCjEYa+OovvCNvBpngyNXYxNKVyu46vIzP/Mztx/+kR+5ffBDH3J3iUA6Kos+b5FEDrcS2JQIySsvQHvx4g98tpfe1Dt66DfEU9uaerETuJc9IFanjFshxJ3MHcApeyS2MfmgiwGMEO7fb8cWMCPR+uWq5sAR93OC+RMzc5wAPX2DhZCNFbaRRxFl2End9S7KCcMn7/imi2wHedP2GooSmADh2a9TEN+ac8+mE3Zipb+Vd4vp60sLiX2NNPZGP282fN3r8ffQxY6tm5P42IL8zZNm4WTxZyOBLMqckFIOzrOYTEjKCvieFC1AhiiB9N18M8SGyN2FJ7kL/ZQ3Y12sU1Q0RlfzQBeK0E4eIVd5lcOYAdd+ju3IPdo3AVvYCDO+qodxD20WMTYjo4Dvrbu4Q0d/4QIfbXFuDBLUXbqONcZQ5ZmnzPZrXRpK3xi85IEtD0In4Mf6cuuHaKVF7wkISpSy6p5QcwRk2iaB9u2LfegMXpXy8p0jCDdC6SNemXFT1EWMeNvHMG0ODfPL9qseBcvv6JyyfLXtCx1rbUew0iSh2fnqlbuEpOXDF/m4KUkgfdgQfcy/BMXAP+OFPs8L7ZgXd87qVSOuGHWjCR75bcPa9tJLL1hf3vaaamgX87EPL6af9fYFZeWJwto7dveBwc96kga4mQkPJ2xsRvsgJXVrf0M3dSEAyLXPI319kICurR9264P/3f/2f/1+zh4QErJUqvfvaSgcaIMwc2rpK0El01hN3qclMwjkRIk0F7CxJSvt61//htv3ff/33f6r/8d/5Tv8/8Dv//19w+Ab33g0lB08H9+fTtIQx0UBbUIDfOKTn7h93w9+vw3Pn//8xm/5Fh8MZAeFs3SMutEL4IHKQqbdq6hXAnaMzjv1IT1ZWE1OOd/XAV3e5qkXDc2Or52I39wyGFJ4DfD5TZaBPgtXgHtRdpB0sk5I2P+ynRj8V33VV96eePLJ28c+9tHbj/3Yj/v6Zx5I5MFTXovNbQV45AOQv3rFtT9sMfjtI4sC6AuwXOF+vhC6TBxKVgB5OnPfJgYLkyl+8FYCl7TUT2eub05TOnEctgEISMCe0+bmPSwXURgjkY//CT2jLg7Y9j5C7Fl2QP+Fh43A/oZ6F03LImZlHTB5oymK5NOuALoEy3dQJ4kNEpaRFKRbvhup9rO5fBqbIdwFr+W4dspSuIs/xTtxUifKkEP59gUmSutXSeIq96TTfj7EJIDJYwf2qX/pOIZs6Wvq+rA6COvb0jV24c2x9auOFbiyV24n3qX1xMF0Nwb4gfHJmS0yAWnz2byTao4xP0Df7Bl0r8IEM34oL7SlrM9rB2XHQhgZXdxHYmL9RB7dRSNKOOqnXQn4YHw6JCOjdOCcR013gTBQLhpB4GvHgnKVWamtTvs8jBwAY9c2nXpbl9EHrC0ek+698uFRT/W6cWCRQ+bICbkBQIb1jA3XthxTBNpoF9kFdNLWbaPIGP3KtV5+WUd8QR25ks6ZO1fWvdKkHbXfDKyjf8cdeHD4yTNz6K0nVxzYPPEAY/3lJiHhdQ/4aXdfEAbwK0LomJeoCyd2j/I8RDYGbBB6ZYv1ryeUyEEHftt6Kj95ANx4SdDOfPAvfn7wJ//df+P9XD7VIWkHnE4FILLDMCG3vgcgpOHaiOucu4CPij/LyJ5OW5oOkhdfeOn2X/wX/7fbn/7Tf9pG/GP/zh+7/cZv/Y06EfqzYXHAJBODpw44p3V57e3jn/jE7a98z/fozLdnAfzW973v9ta38E+IcRJM+WwHP2GM2bRAPvo5LMMvhA48KsCCQJm6qdvyKQLOEyontk5HJk/dSTM4iG3YyLOTpe4IsD1GxgIdgcZ/9tlnbj/8wz9y+6t/9a96WYzNEHLgZ9Hn1wZPPP5ENgJv8+rAl335l9/eHF986EMfvn3t136tzxesPut0aCpOjOXELcEi7G4dT9AP9yxdntb9lO1/d8yBGFODs75Jo7O0OUu14+Nf/Fwey1ZmhZi3HtCMffYhCgcOnsSk8ReTOZf2fFAoizoU68eSIu8yASUYI0MK6Lfc4pYvSHTaW9qRIQRPcsoXDunqqW9AdZKpTV1cSoYQJlTukQOcCXhWEXp46XukoSHueNw0aoo7fmkQuJbxHgraHr2UXy/pY8NWgb7pHJGMtiqAwtpO2bnwyKVMgzho2h+Y3FBR2bWvfq5eaOipqkAHeYxBFzbMOJKuwk9dCc5jc8r8IBMzY1A+6Uuz7U5QWOC4gkA2Ee1Z+6oPXwPIAbadmoe29d8HWl38pn7ru4bw5Gv79c6J1zIOP4M/ZZUGII1ea5DypgY/NMTgtXXqs1BZbXvqcfUL+t1wDPn2L2FFwIdMjsEpZ+3IQb33aX/ahbgbB7kqY+gbhSZhktUJ2fieb9Kc2dNegmJie+pIP+UkmTNwbKaQDYN9M3S2cYSgk/WEEy6vouWoPxJiHycTheIA9Hp+nXxPHLpB4Mokeh95hIfka8tu3lvfLuLQ8KdebAD0cwLPZfFwOCfMPvjIGIl8+hCG0nf5BSIWdHzFhvAh3+eHkD/zgaB9Xc+oBzIe/PF/5199P/+hHqwEjA0HUTJeAvtlIUqnRRCuk0ahnWXyNuzgo0Bnt/N38sJBPCj3n/7v/9Pb93zP38zi9rbbv/fv/a9u3/iN3xA5cTjmyQ4fctUsr5UnGaT3XLA96Y9+9GO3v/a93+vv0r/4i74om4xvzSL5hDzw2mE0vnIqvzYqjgOZG2MDeOKSSXjgKqb5e0fp8CnSCk6OK2zK118EbOPIkmWHpRMz8ODZ+0LQfOADv3D7B3//H/gwI3+J+t//93/+9g//4T+8fd7b3uYvUHgQkoH2oz/6j25/7a//9dsXf+EX+SsP/l76ve/9Gl/a1AkgRqGXaAeh5q2NGAkRBMeXNjLUmx8cQgjJW+fwHXKCa546TTtAej9OuXKHr2XlB3YY6qcE7QUS6VcSGgJ7B8jDYG1lsD79zNNuDHZBBPSNrGmL4D37WJ3qYfLgCkEnd4KLPmlLwxkyN445RlToamM8ZAi5eOjuTurwIJd6lJl4J2HGx449gIjqMmnwABNpN52hY8KDquMOwsiffkSb9/9LQPd2AVc9CMhnwjFkw/FIApMLtxqQwwYUHl4Ni33+2Q3PJURW++l5xtZXDG99sKZ+wq/daMSPOWhDip3MQ7BtKsfn4hN87P3YYJA1B2mmDJJOsjsJStOJl3x9Rr8YHEfyjzzSp8o98w1v27RzEEKsC8YXEVCwdKQdO4TocKEJGvkulFCEf6piGX6hzsTwdAJfvdVHG+E38PpFhWrrYT0q074T/Yx56MEtJZma2TQf6D0jjw7o9gCg6uKS1NjjApUYOxwn1A+dIw/5LoIkzJev8pBYfzTZvg0eGWs7Qvb9BPiKUPrKoW3QwU/B+wBgL+23XaBfBhb52my/Sppxs/bg64rFxvBLQ+dBd+1p/Sm/ubng5Xr+v8LYEoHah25kUR/rnMM+YF3bX6GjDyLbqw7J9SFX6r92lRdh/IeJz3ilvtSVOYo3/fJX+d5qDREb2Y5FXiDHBgB5HdPo3hNO8tjn/EI/wm7S8Yd+xzi0R7Ub3O//a/+N/8rowEuQwI5T0EE01qtBBFEdKxy6bfyID7IlAHIZXygF+4YMQIx46cW+a/p/+Av/w+3P/tk/m/Szbgj++B//4z54yC4NDi65t4IdWMpDUj46NpUcl6oDB/3Tf/YTt//Nf/Kf+OdA3/Ht3377X/6JP5Ez57dqD86gI6xDNr4PDy8fTSg76gu0MxRXvG29ENROxAvQ388vgOfIdDkTSxuZ94QjB/uxYXeDtKH+Tfnf/lt/8/b93/f9PgTDLxIeffSx24/8yA/ffuc//897xYCHX16biZ4Fw5/Q2ElO2+7W95XQdtYLAmztepSBMBnAJ4nui6M8uOV5GAEytcPP3fKrz0i/0t5RMNC+CS39o4PyysOOm03BMzkjwDcY7ZgIHFTqpN8hvXWnbBc055QA9piXov0Rjm62e4UCUdbhMtYAytwEzmCtjfhihEt+yQ/QN9Di2U7qSp/oYt7FwQkqBMgnzS9DEBFt7ZNMBuFvHwo2wYek0jeQydUoJil1hQb99RP1mL+uTp2h46yGh6yYQPn/DvWhIweTF4CN+MXNyvgZd6wvoacO+i4s9QVjIHwhdGOgX+EjTogYJWlT6rV/UWt+6bAdIvoMkz7JTqL0ETZNXs61jWhBGTPW9jYdfYU64C/4pz1fM7QJyFqor9DVdG1P/0vaRSfx0sB+9ZVzlLp69uhCT0lQ1B+e1ukEsi4yCIttyJZHOhyxeWjv8eag700K08ICIf1DEiQETzukWcKPHatHe3Ig3P5EXZy3oA6V/j3zRLVPCY3J54Pv6SPktz9u+dXvXmKfflCa1kFbxkcj2n6FeaigDdkEYC9X1Njw4u+rT7hcD7M61VudvD6d29mOcXVCRqlVrx5RqSvKAtBhz+ug0wd9qRrjhRM1H1IMngLKmI8oZwzw6z1eSodcbOL2MVZ2fsK29pMdg/i4tnWTTcxGBB5P0hN2bmubmWg+wQdDI+81P/DX/9zLGFEHUFyFheJayUE9FFKYTreOENz14Thwgw+NbRV5vQx5u/3Mz/zs7c/+1/+v28/9/M/ffs2v+brb7/gdv82YByLtYGFFbiud3SIzRWA1UbVoPlUYmBxfp+z/8D/6j32HwO/5l//l27/9R/+ouy6GDgOtO7fKr+kr9YSt07VuupNPKlDelq0t5LeTNRpeaNPhrx1waZUF3ammdMmzzKiHwYLe+IVBx09xIGci/qG/80P+t8Tv+T2/10tNXIJ6MT7kbYd/5+/8ndsvfOADt+/4Td9x+7qv+zo3B9SfQdQJZ21qR7lvxx04Tb8DrdLDmCpXkeMnYH1ArVvI5yynRJLF9yMM6y8J+nP0GefTyaL9DpwLVDKcmbKQ9UVHDLD4e/jaLoHRSRukoLXKAGJQcvvBCSFIJqqtW+maB9VFozKdVGY8CCiRH/ui3wHcyQUZUSZNZTEGTh0uBpGFMA4mFN8Yx4OHySsL3ehNcGKIbMRw1dCz49gtf4JPOpvFlvqRK3tsNLBP2zPhuBHg10xZOHlqm6sHb3rTm9WFTzjL4R0RxGwkmHCclCMXHysn4IJhHTj7YyLjoa7Wy7agbgFoWBi6qSj/4R/K/Rq/BNgcrP35gEm+bcSE6WXbFuizXsbmKkMmZCZXwvwJ0suxA2aPyCgbPgUdHHqd87CxNkEnFXP+6IEW3Qho+wbJ19A6xnNs3QD8wzht/2kfSYtW74S7EP2hwYYrUC83JAFYdiwoY2hj3aTP0IeCk4zfsGHtoM+0P1GP0x6IqQPuAb9AdWyvkOin1FV7Ws3yBJSxvgyKvH0FGxDLA8xXfUG2P7StujC2fyzN5pGHjCOfLJtefs5PupujBRbm9MWxFyCi/3zms33zKboosw/TJlIFklC3ieShSeDEDtpe9u+vD7i6BxF/1OS8rt3YwVj8rP8EyfNL0Po3BinBLuioTES6SSLUZ72yzCYUn+z7VhjnjGH8vBsUTLOfIysI/OovjfDN933v/zv9/vz9fTn4asMgyMRAk2IFK08vCJzYgIO0xhcoJd3K8JDFD/7gD91+/Md/3DfffXvO7L/4i74Yd4Rm+PyUH0e3gZBLuAvaYXnl0wA/+VM/fftTf+o/1JH/xr/+r9/+4B/8g04CULOD6mKBXCRUz8LZGTY2Eg7tk1gaZNXmKfIrNbA8dvGdASHdAGV2osGtLEB8DiY5BiFlNCS20/jsePmL6A9m4efVwn8nGwSeNfjO7/xOaagqT8UC/+Sf/lN/qsgrkt/6trfevuIr3nP7VV/yJV5ZiKLD3qqfSlxhTB7KO3Bt96nGPajgO3QjJ7Uada9UiKzDngH9Yeo+/QnKlnd9z4CmTzXeSREi/wAp/YPFjEXOs8LxNXL2krZS0nbd3XcyYmLoPUxsZUB1YiLtggtjAHxllnfbm/FfisAkwANOwFtFaJm0KbM4stikDLDJYQKHh/7dzUEvNTqWxg+dzFs/RGlX8PAxB1BXFhUWZGQygXlpnXojK+SdDPlTNn5v3SekXdBSN3/Jkpi+CqATWfo3E1f/sKq/+35u/idD/sT1ZydsgLqu34BtB3xCFQ46v4HROV/YmNoohzT26YMVCV4fdtLeBw+t47TtLjbQ7qXm0ZDvUZLYecTNAaiWwydvc/qwGw/ybQ/83raj3+zPSVtOO5HmJGf9urzCmBMt1S9yvtV95tcmeO1X6SsHXwjXl8BucnZxqqz6LUap3fbOIUqbLxuGKtanEgtN3LE/ETTlOwhNXjc2h+nJaksO/bhrTgi0inpwNp/xjE1brwZw7QeMDeub9PqFjTSX9ul/KOq4oXx8FV8wPyCTORfLdmPQ+kvdfhP90HVMYBc+ggMrO39wFZc3wqKT+luv6GC5hgd76RfIePrpZ9xg9+HDRw964FpPNuCMMaAyWm+vQHDbJXTUizGNvVt3oLT4fHgTU5cHf+zf+oPvR/E6jwpAsGkl9esAy02YTdRDo2Xxy9h0QutTPF9csqSivE74fe/7Zl92g4E4kT/gYbDIjbHB6xQdXGi6OTsMDWm+OBzBw3b/0//0P3kZ5jf/pt90+9W/+suVF5/L244ZmPoubP03fR9ArW6gNG2w+1BZhO4q78v7ZfPoycfBFidSCg0PEP7UT/7U7eMf+5hvFXzPe75SH/zgD/zg7c1vefPtV31xNlp0HEL8x/9OfNVXf/Xtne94x+2ZZ5/1dc38qVN/utgB4GSJDuJXgNZX/70Qg44MQ/Uo2MBXaO5wy4NfFj9wkLSsdJYUxs2g7xacoMTh38HT8Nme0WZx8l8QM6AML+XMNgPdhQ/+1Tu8DGhlxi+ZK/QpZ7fQd7FE1w5y6k8fY4JfMbRDbQNKoiaDbUuaT9KGHPRroJuZjs/t9+XZsvZ3fuHxhjewKeik4wQTuo6NsWN8wW+niZHCZNy/1z0nVvj7y5cuTCNAXzCe3sjmgEuh0YsOnm/QZniTx87a2kkJefiePsdmgQmZKw3YjF42aehm4n/d69jQhhP7tL/1ZI5CPnbsmWVj/AaHbEce/VeAlwAdmzeANGdR2EgZv9bqry9mkpdqdAYq2y9yxSVA6QYksorFxvV/QtrEn515psiDb/wpD/EjnbDDtPVDFb5EHv5vOW3QMnzZ8moahcXloN7opJw+23mOPFTUJR8D8lgUkllgc0AEbYISkdNM+ezYMycNfgF5ENW22gLsnKKcAyp7ocl89TOypCpCGFsGlI5RAbDbfwHb0z5NPgt7FmP6NIT4lJ8M2sePWwrpf4nt72FBzPbvLrBzPz8HV5kqgw1y34uwduHvfYYj3pefNH2beZtAH6e+bEiwE53w9yHH2s4chV6eKfAlccgjhHFlksdYx0d4sDHflq8vkIdlnjiMXWMqnK2rGeTAbfL24N/9o3/o/QyEVTg09/KwlpFYGOFAnTKIROb5iCZnQn7SiOFSzlve8rbbY1wmSTEThpVN53TSChKHY1sHLhVdeYGk1z7BZBymk/tii5/+6Z+5/bW/9td8edLv/J2/wxf/wNKFmg7c2lSOAgSdN/k7OgaWb+E+PwDu4byvpNv4fmhBPu2ro/M1nv3/1b/6vbfnnn3u9t6vea+XcvkvBOr5nq98z+0Hf/AHb7/+1/+6UtuBOtHif361wEuOvvCLv+j2tre+1adgAeq8P3F5BYRPP2lMgxMhJq6dC5RNcsGJrQIKiuAL0SkwuYUte8WxxSfZ4C6IwHZ2gL7jlQHOyhK4WtUNwV4SZEAxFGrH+nxjTCP08vO5w95NAWkK7E8h9Iw5vPiSTUSzJEautCN7jUx2J5BrAN+qOFTNHps2M/miPEpI8iAh44QJy6tjQZ51YqJgotyz8x3LQCeRXQzFhIcJU1mpeyW0jzCZsjlgk7CTKZt5+o4TE/0s1Jo3euDlnyyfeZoXxrzo7Yg3p6/yMyxoGPvE2M8Cioz9SW8EYNLYPbcB/a6dW0eriUMOGCrLkl6mwNF3D6idbdP6ofNN9K+YRvJ5C0c49UWLYw1/gCXvpsC+EUTCbtauqo80VcV3oeMlbY7HBK8caC+KQ6ewyFpcoH6ubSvwWufOZ4HQWDcO6wei+AWTbhCKrAprB3NxHCkgIPvI2z/JYV++CbCYBFuAoldS6Kcta5g6iTMyIW3KCnCXFnzbirxFB4C3X9OGU2fO1Ol7lNHXCEurL4QIkR7VCKSsVwRA0s+p29Kv7dSlV+z6bM5u6MCzKWDcoJurbUjdB3m3bagLgM2Wpy9yhY3N814xAPZBwtPmBGJtwE+1x7Hr+I3+2AUfG/jOD5GRQBl8hsjAV5/JOMMuZIevhAAuqVugXeXwYm4bYJ1RXKAkd6G6UlFkDILvCrBynVgxoPc7MRgqjbLjdBclpKC7v8DFrgMmG6uMkc2E8/GPf+z2dCYkzlD4R0Q70zjfjnPIbHTCKxB3QPX3SPRJ5F99s7FepZP+ErD+fljATnaQSMMn/IMjP+/8ju/4DjvbD/zAD0j3pV/6pT5T0Lp/nMZFspdkqS+dJRL1P79s4K+tsXEHXnexJh8K8C6Q3hy6fzlgPmXZIBS2tQJBVUbLtt6GK722hutgfAiMLCZ6rk6xKPE/DaTBUUY70e+Q51WABAeMm4D0kYqxnAGu3fFfZfbenhsBbarvKEc2cut34LT9iDZgp+UsbkHli3ZxgqUcuE7S27dyoKdQ/diOrPOMN0UJ+i+OJ9Z++3wD0AkHGrPmkcXZKhPHEcAlOEZjw24C9FnqykTHM0I968mRslpaG9D3mWzIWPC5b8oGFdynP/UpN7ovf5b3xb/h9jj/n5HJFbqX0mZdLLGPUJvRP1eUR8MJFC2t9JDGfifHiZkcCRSKw98Qjh6gOGD1goeegB9G3vCbt22UtCffcDi2nGPx24xj/tCH/1R57pln/WfWZ+MD+ik+kV+ePqXOhL7+318f3K934bRfH+kMqjV4Py0/6nShX//Ie4GV2e/Sepsjdiwgd2U7tsY392Xdtbv9krnf/pQ09b/Gq1lcaDpfN1+bTxsAbz0BVH3kIASbPGuOzWw+e0WsfQBfG+YIo2O7tvdni7SXVwoTfHZm5hHkk2a+5fI99rABUE908OwXD+fSjvgDehZ8H9R1Htm4LxDzTcTRy99Is4lGHna27vTnvnafVw+Qxgb0U07/2o0Jz08QP551j7WPq1S+XCm2YRdt5yYnNtm3ZkyQBqfTAq9FMA5BkY6Mkg2A+EAb426D61SEDUq+yVRGRzHN3CNp1VUmnZTXgJYsHSIBPjpBOwKykk+jo/vQP/qQwwEOuRRwIB4H8JIfgL9C5s2KNCBO4EwS56B3d+DrKMIqUNfDIGj0bic+4JIE7pQNnHWPhISVYR0uZdhB3HqzE+yk8Eg69xe++wuzuD9++8UP/+LtL/2lv+QE81Vf9VV9IUY6AD9RpLOtvzaAS0IzqTfBs44xPEUG9G7Il0j411cHLI3JxogiJf3oz/p08BOSk542vooD7ueVN3o66cONPVM+sDTgoXOwZdGSPsjqu7s48rer2AjR0ZYYe4TyXm3oRMMi2TNC8SXEsOQv8l9DG8Le9q0ui+5MxNwrJWCzZ8xu0rpQtE9yFlI7QG59COjilgAx+JVJRNrJY8owBnuQ2Z9PsSFkopvxFTzjgz7EYs2fx8BnOybshOetAPyV9nOzhkz4M5mhq2MoskkHz3/lswlANvzc1nn6qaf8lVI3pPTz9neeS2AB9f7tlPUkARrqFl/m0JdkD6g/MKeL+OmjfJUnbbYLdduQImjSZold4EEGGidP3bPIIyaSxfFA3E6ojqEWqudohxykAfOh2/mw+dhHXRLT7ictfkb2/lFaA+XYubrg6zwZfdMnW6fKthZTP2h2ccWvlHqEDrjqMYQOZtqkNpO/9GG5x4bQA/Qj2pm6AMg5bCEEt2nKQJinrfTN2tKz9N5D77+gnjbNGX/mQviZx5WFJ6GZGBuh2zJk76bAhTTl1Vk7IZM0Qr0qlIDez3JywWLOw/HhQ2/NpI1rv7pHBzZ1PJ3tBRpb6Cvo5zZSN5ftH9DLBz358HD7TTunDl61QFPSHW/ZtMQ/5Nv2s7hPvX3vQXQggzUP+v6vw26mYh/y9QN15dkE+l/bCVdQn9dakQRi0Ru/AoZmikifPMUdkDxqIn7idgDDdK4rVM6vHJCnCKPKQu42CI7nzOODH/yQ90bf85732DAO5HSy8ozOOTvrwLuEdIDSPCQYVe/64fTHK0EP0KgXIH8NAA1Mp+QBFDY2/EPjz/7Mz/ozFia165kUl8Z/8id/8vZrf+2vvf2u3/W7/N0rv4NlcPInU8ikXTesZUkmbD3Bnza37K5t+bIsOWnv1BEaokvo1wCkF/JfCZzk93SZP1KHraQBbO2A40nivexfGXeC/BmMqb8DMgd9h4UI37EQwU94ybibDMqcZCPTEPpOusjFAK049KxulBmBByeiODnGz7gZ+xns6aaC1OGhLtZn2gz+BXljP3ho9l0LTOyd3PtQILbSv3gQigUaHuqksOiuXb30ylkHr1kGh13wceuASa3KX/a+KZMlCzxPU3/6qaf9/TeLCXZ4dhN4Kf7jHfRMTrzh7alsCj71qU9pF+8c4ddDTFrood/zABbtwlkysLZT7caxavyAj5FTqB+tDCFp6l97zVquTyePTDLhbF7KpS09R3GbnjamLRNAOcnGN9Yj7Sd9Yq/AzCawi2Bi5QRGN7LwGZsB7kPja/LQVVd9wJWvXv2qLwD6CzqZGwgA8qxT+LELfGWBa8AD25fw5cMBW1cO9ehzLM1PfahzcLQV9++pw9JgF3TksYe2YqHSZwPY0XbcsUTcBQ8fUOb4S70pw3O7WUDmePLgd8EPrwt7dHURbnDxtJ8Nj3WfthNXX285aWSSVc7UlTx1YHH2SlkI4SB2/AVnPaxLAz6Gj4BeGDw5iK3qgmZod54JVWWG1/YaGnDWf8rXC0vvfB86+okPZya2rbS9+vBt54faIB65ozdCTD/4Y//Wd76fAi2WeQMA45E60YFVdMCKWKKUc/T+3AZgCH8ZqPi7dFedlT558NaKJE54bc5Mnrn9+T//572M80f+yB/xPwsg2gENJ/KUOdcBaQSdlNBy0a8A5Kd5Ezo5MQiUmE872ilrobZD03Jg9besnZH/QfiJn/iJ28c+9rHbhz/84dsP//Dfvf30T/+Ul7OeyGTKICT9Q3/n73rF4Gu+5mvs9NthOOv7wAc+cPuK93xFOiCTYUDxWtT4YtpVP2XCkS+Yu4c7QDwtsXISLqRqXfw9WHoik/dpwA/ujr1NnjAISFy0Z3LwMvtlkJKmOyohHweTC+r+N0DT3SB0MmZi4gyGzQK09B83B8prTB1P+/w2zeATKOxnyklMPHxtnSU6iwv0x2JKh5wS6Y8JB/PQ8isKJiygE3wXK2ymTpTRd3vLIGesWbzZGDziTyAjLXRAH9hSmfRMbPw86hOf+OTt2Wefu30y8Sc+/olsEl7wCgHh6YRPPfVpz7zYiDDJPZ0NBO8cwe/Ygvh9EHEfEKUKuGv9a02s21lX6rfp+34vnkmvEx/lxMfVl4A8Fx0wVxbtyGQaHB/otCDlfDPuoWXsj6y1Q9mDg9dFx8WodriwJC5J6RyzKccXPHC2mzzPXI2xMX1s0pS3DdkITFuohzmv9gPoceJHTz7FmxNaT3AIhYaysQlcArK1PXOj9aN85APkoYWGemLT+oG+Yt0jIwjp1jbEKCuwdsg3Nu8mBxn119SR+iBvAHErd/l3M7CLYv0SfcFxWd0NZ/Jbd8q6gRzfQRskafoG8wC2ujGKLNswB+OG+YVfkVFv5ln4MEp7xj509LuyCW7GRg/HbnQB2tmNUGT3yoaSVszkTyBfPyUzNMio7WNjDmy/bpTrT4w5UAJJdUx4zd/6nj/7MgjsszFyJCXx1RjxZ/Yok8+CljcNDO4VoAlN/jJw1Q80Dz9hICh06nPKE+iwP/dzP3f7j/7j//j2+V/wBbf/7D/7z26P5YwJIpzXBbyd6jDlIpLGPOvxSvCPgqJjO1mRZ9LOwMfysQuYjv8wQB8LEq/lZJfLvSL42ST8z3//791+5md+Wpm/6lf9qtsTT7zJKyFcEeE+Lfpo8IWPfvSjt3e8s7dRFrBEexJIo88BOT4Tam7rcgGzodn6PAx8MdPIUc3I6JkAtt0V+iqqXgGIlBaZOWwXP3AGM/Xhi8WfwbULPLvnQukcfAwcyhPrC/AOpspZeYlM02fURAcbvLHpyWBPDHWidOC1vspKcBFC39gMQEu6NGCa3vpdoXWVws0JcPg6oW1YfiYBLqEeP39z0tzJuw/+smH2dl4QTBL0pb0fqS5t4mnpF8RxpYE6UQcXgvBwZeDjH/u47xDZn3kd9mlbJz6ec+EBRiYrNgD0B3RJoX290oBd9eED81QM292gzNW9hfqI75Rf8Qg1Rk4RbEo8u40dMdE+YZ9MOXrAuRDm2I0kV02cZO0/LAjViW+VXSXGW28ovDLJERyLHJPy9pujvZKvfcmXTd/WPu5xz9WcAXDQUs7ipk+C81JzePWhsnpmbj8LOxLw3YE7APsgXx21g5w+8PZuNwetb6kkz9ecR0kDrn0MH0FIX0cY/Tjygocc/YRDZwrhg56MY4YFDFzKoK3a0qPLGP5+1A2EW359MGPAWxJsNKEMGt+x6V0f2+72U+zgQVramrmyWu2P6d/MIWw4HDuWxj+xjROJW/oIm+ndFAGaN/0fPUd9A9Bw0B6dHwIUhwZuknuiYn/IuFugHN/Qjw/egDIJ1H9wzGvY7nhKG8KzNtoGoXGTk7zzZHBop6+bjw19z0H6gBIXrMxZIYAKvSos6ZAsrR2HYxx0ddJB/MsAxj8MlJdjYXV2wae891I+/OFfvH3kI5+4ffM3f7MP3+EYIP5KeZx2DKqHyARfca8KrRJEQ3it4jUtFFHKU/DVP0xMdF4urf7Ij/yIDxTSUFx6/a2/5bfefv/v/wO3973vfbcPfOBDt+/+7u/2D6kALssygQN0AmS94x3vSI6OQx0ZcHhpDtIEBr/1BDtA4jTv/2coOzJPMagA7vu4REt1AnR3AYmlMwWbOdhJtR7blrSzbZ08/tjBxKLAgtafMb4wlwUzcaqPCaqyD+EB9Y7/yDFgVr6BiR+1tN/g/IkgGw3k5sOgxoZzYYEBnnOyrHT0o0vUAfqNoO9Co50N2DWmHQAeWi8rsjkMGzhs24efQNamPsTEYs1tAh4WxJfwwcPP7twwDD962memX1WhNExmbByMfQUz/n9dJqrPerWA9xsgAHYmob5wqu88IAD4l4md+sIPnJNhfQWQWr9EYpFC5Q8rWfmx9eReXui23c82rl6kNl1ZFxwH9c+x+EN4kvin/W4o8tUFpvPNHth17Z/Y03rXZsr2Pjnt4+YtixH9SNtD48KMEgyQr/e24RWfoK3oTWhdO16gXf0uLjBIXxoP05ShqzbfD24AYpBjITw9S51NQXDFj9zoR4fmruzgoHczhczRBf+2MRn6xi7o8ELvA5psgsO3cqGnXj6jFdmk9d3c8qDexNoyOoD6ABEKURy82hWbAC+7J0CnfEXUxsoZ+5JCPPWARjLKEkhzZcDAs0Yc+Cl5Tg7Rf8xFzBHoNO6VAG5xvvQZnu3IBiD0zjsZ661G/MYc1SrUdvtCLUDotmN91OcUbF99QlsipXQP/ti/+Qffr1CMV0gFtfFG6AXu4qYSxjuIAxpaA19Nxil/iAdO/C8DIQnlEZsO1Ek379f/6I/9o9uf/JN/8vZm/qY5BTh9yApJt/FYsW8AAP/0SURBVDOceaNfVj/lD6M5JzXglXVJ+pJduzmwj/uxf+Nv/I3b933f990+9KEP3b7+67/eHS8bBibvt7/9HT7pzbsJuG/7Xd/1XbdPf+rTty//8i93ADDxdzLP2Vg6klu/1Ydq7Mlxd0L85eGX9Efsxn30IMkOfReeO/zoniDx2f47UIHVeV83+ZPsLIN3d77K4ZOYfBfF/oSRgbiDo7Ib2EEb2DAw4AgMSmXMmXHCYU8iB5T2UFa0Gwj5TpqGDjgAj0Fn/fOpBwv1ySvBiXSLYEtGeaY58+yE6FWD1I1Jhc0QV1KOCTw6mWg6YXZBJ2aD0LOqLtyYw6TCpVgm0fL2ni5G4Mtnn3tOeb5tM7xsRvjlDHWF1hqNvfRJ5Ck40LqM3yKjGyhsrk+U4YTYCdpqTj3rs3wrox28PmvbHO1DXp93XkIewNsWSUNVzsqzFWJe9ViofSYSauM5oE49TdvG2kSbY0drC546EMNhWycht2e6q+eM2VSxmXDxczErP7CLBZP6CBEPoFMfRL/5HOg2KAO7wDauzU0fckxu+UkLqNtahURZLOrdCEDXS+8dV3DcqVcQ+scSVDBjTNuzodjNU4Jz16Fp9MGPvQnRdOqyVPGhof90M+YzLq/vQ4D07fUfchCJdPyo3a+Jb2IHOPpuCrSD8aRtUoGmHnMVJ2UurJZQt9pe3jPPlRZjjsFhLdHmOUHRtwnbXgB4qSHG5uQ7R9EHWlY4Uzt/UV8f3LSeGHGxMbAbQmWGZwObjpX34N92czAQGeBPVUmPgMo8S6pkKrkXILbYIpy+TpgQssUtrLELK/eXBeQNXW1szCTEYvCX//Jfuj322KO3P/yH/7AT3up191mu1lcZ98KQkHs4DJ0yiRc1Folr2bWc5qyt+BNk4jQSjcmzBrwt8rf8lt9i4K+U//yf/243Br/6V/9q6bmawIOK3/qt35qNw6+X7u///f/59t/9d9/trxe+4At4oVE6CPWNH9LVzS8gw8GVuPpfCZo65Vc6v8k3VUg91ptQHLvxEps2HhmFkXngTglXWL2yH7IW6PCTSgL/0bFp930giAnGfHzh8wIsQrGvE28nMCeCyGYCYNAxWXiJEeFUoh/BiS2+I9b2hNpQitpLqGG1q5cqpUCkdoMvDTykVJevystX8OsjeDspkm8xQPkGyvaM8Vzo+9Y03+kQP6Cb+uIT4j2bZVPJIoTPpMvEQ99h4sN36KvfOmnxV7Wf/vRTynjzW9/sL2SeeOLJ25ve9GRk97YYbUF9WNTgd/JrJa0T9YEfXx4TIXqDp30sw2/RCz4s+h5vtPqkqHv78jqFMR5C09BsX2fMY5P+Sslhz1wjZ1GpeeSLIzrbZDQe+pa2oFzax3TDlrro2K/at6A9FsPwlKs+Vk7oXZRie22sfAxxUwP/1Avg+7SkAJ+3RKRtANZ+6KFR30WWYHrstIw+j53xRfxYvtp7+DcHKq51UmY+LsCU5Yv+5jiCACvGcLKMCdr97Dss/vT7yqSfeFslzGsvek0jZ2WSDL0bAzfKfbAVmQQAUniXf21y7McGgI3H69MOo0rRcGOTG47Yg56uK/VFpBxmrJ3wi4Vm8gCRehOjs5vk1hNZMXbsPfm0OLT0A0Bf4x/lp5yy2VghB/3KuNhzQPDkqXNvoXRzgC1L9+CP/mu/rw8kYseAJqFPgRXScFeJbCiRBy5otbNpDnkoo0JQ0WlLV8KVzaAu5wHwWp5YhoHBX4EJjR0VTvnoRz/ipfc/9J3f2TcFHhW2Zg2js7KJyW8o1asCttKAB3TAlYs01jUmgEsTG9Pw2wAsSFxS/dEf/VFvE3DbADx/v8zg++qv/mpfK82EzsOHP/ZjP3b7iq/4ittb3/pW+RgA3/iN33j7qq/6ytunPvXJ2+d//jvPy2xjEaA1VCoo60XaqHhDSw6QHgiPnTLtbMhxlMl3gnW1rNjN00/kKbokAfuOJEVoxwQ79eKW8YCTHi3cy+ZsVh5Q4jvo9mdBDmT8kqKd5ABiB2fiI50DGerOhBYBzcM8shU0YNuG5Oob5ICL0HMwp6x68QzyaaeSdSJkwsmiEFu1Z/SyT+m4IUZRNzrUh42AVwFeB38nF/R4mfIz3FvFB2ySsvAHVz+Ujt8/M4FqQc3Sbu+/JmaCBLQ1utgscMWKSf6JJx93gkQWwCT84kt9IJFbK9RH+/M565q6JKiLqVR/JJ+Y8Qvd+oc6Qq34lENPETKh01fi2274gjfJMZEy6bKQEPdNkLXH+rARyIE5sCviAK0b9dXDMxDIAccX9d023rawKCgeTHtt2mHLOw5LV6rGJz9sp8y2S+2mrl4xGPzyAKR5LgJUQ2nQ54KTNAWUiZuwAL3yokNZ9p22D5sK+kCkxF9ZjLEQX4yeM0xfeZmfh2fjOGepPMtCf7eeyhc9X5VjLm1Se2N3bOY5FupOu9mX2UhQzoZDpgracUyTnH6rbQcPfSMH3c+z7OmHC4iDbsdKTeovI1wr1NE60m+39fyXUzfT2ai8ng10aeCN1iONxPLWVmSBR7b9d/oWcvA372GBwrZTCNpqA/0WYDyz0cISxK0u+rabz4xZ3p8Ajit5W6/rHGOnCqxdCgmOEynbnXL4ZMyY/rf+F79/fq1wH9Q+UGNrePFnGoGihJpUME0PiXwHPVmUL80h4wygpLnQSTZpAZprPrCTD/bwHwIf+OAHb7/39/7e26OPPWrFtVeZJVN68vVHZa3eg+jVII5dp0sGy8FbPpzfiS5ANDTgmNCZaNmp/fzP/7xneL/hN/wGebid8IEP/sLt7W9/uy814myMjcEP/dAP+YZHbiEgkAmawclZ8ZuefPL2xdkE0dnZSPBbWhenAWudDx1LGxeu6YH1ywGwJr+YTTem0A8Ivg/eqbn+Ba4yz2TteXhZIOnVcQBZiPLBlwx+fOkCHF0MH+kTUe5EtSgS+aBk8ysDNMUOkJRW78QBJrEjb7J44Io76lMxBiYEj8i2XVLGRIY8CKBncXQRAhWClePkMmkNTGDSOC5tZiJl0WNyDpU6oKUvQLf62IiiEzz+Qu6b3/wmZVN/oDwE6HrGBQ7b98ybPC9Z8cpUdFFN/nnxF3/xI/5iARMxlUlLv449EubLtJ98GQamnAgaJkDsIM1Y20UkGfFO3jNLegztiJHmSIcPuy0vixP1CbUDvBAe66YA9FcXcYtTj5YUFzoidOxtndq4eiWunCS3XqMgADYwtlIXaEDAoRwWPPgTqDttCGxewO7BLSxPVZXgqEs+6HNRHd/uJspNSvBK8uSuYHtyqKP9wY2Y9kLAJwcLcgBdyNSOxNAR6ENXP/VqVepoXegnwzN6jEYv8ruYMa/H79iLDOtAneITZJOHa3QItuvYhqykvWIQeV61QDdC1Ad5+zDyuxnedqDslHVAsu2L9efWA0Cux+TxEScv6D3mF6IcJrAGP6JDPe13QsqbG/vTn6HAf9R16dZG7VQGHMW3Ht0QMj9Qju3IBv/g3/wjv9fbCmULHDIUQQLaC5DB/CLvlgXMX2lwdw9xB0Pj85uyTT8EruikV/8JvU8J/m/9rb/l3z1//a//9X2qN+CA4LjoOG2ZtJ9X0r0S6GivVtYdtc5NZ9o0MXkXiqS38z7+xOPayu0DNgB/82/+zduHsrF517vfdXvrW97iFYK/8lf+yu3zPu/zbl/7tV8bGa0nO0V2iAs7WXCvjctEXloen6+prdJpN/XcsiYv+elIJ7TM4pVhfvCgNk/ILHyVgA8oKc0k+AZ/tYnyhOktRV6B8hz4kUHFbt82HmV7yZ5vfOTPmuLvYxAjMun6MGHKugMPTT8lXPXDCuJIJgW5No5NW5etj2UJtMN1MBJ2soKCfkC7pkC641KsAz0BevigDZ8Tctq3G4PKQ0cp2v88m0i8L0iiHEAuKSfshN04rz2cRZBHB7RedpxnLnw3/TzYhUx8S//kT7+4YsDECb61Ajphax/1ApU0eWSPScJhH0cKXfyHNqzD23I+CgCZCB0uBOClra/R2QWkckh7Zihr7IReoLyxcgJth/qU+up/iWqnzH5yxFb80v9JwD9gqb2lSc3iwoYufiVNpei/xMh3o8eckHT1RPbovOKE8GxkHVOn9l/R0jrP4Af1A60PQcMpucgHoLWuCdpyzxcMLfRAtwuuVxdS3wXEE+g30Pj+Bn4KO3VD7vbf3YhuWe2JHaZbDw4+hbartKNT/kseO+Fpv6stgHIE6tKx0RBM6sT8edwGlI+K+Jm2w8ZKQR9E1hEO8iPfMmWUxs1BMUmvXWBiR/R6lS5p8MjT3nw5vmbDYvnorI+U5oEFXpEID3MIGyVA+weONHrlJeqVC+RSbhgSgPJsDv6VPnMwAmp4oUaQMCtJyYJIoqQnPSDPIWOcN/lFx0XDli+28qQ2/wrQ5CYXkh3LDuASKvdPP/bxj92+53u+5/Zt3/5tt3e+453HWdJpV+PTxsL9/F24VzYN/2qAPhp3bexAOK8kuIBjF42ZBuIeFpdr+fkizxfQIX7g+7/f/0v4u3/3796+4F3vvr3vW97nYoAsbMVtWw9/rjV45DFQ3I3SUaAbO7ajLoi/iziglp5AUemvDAFQg68eOuzARUj9OzQXGVuHhSbP/H3Ah/i2LyY6F374lAOrg/i0A98zQemb0DAg/aOhtIG8EIXYAUIbhabHWrKSiDcUHOxQlVD5hxwgkel8rKu0JTYHjnw+TBYQsuAfi6N0Vsn+4iVNJ4EG9FMGr3IC9C3av2q7COGDTNn6y7OU4J9/7nlfnoVM8rtR4Jc80gXPw5gs9/sa3xB0Q/bZyuX5Aza2nGmiz5+ETl21nDiddd0BYImTJ/XnkJY6Jr31Hlw90snzlWUjFDWUiTsBDDh8iZOo024W5EFWE6Un0p+M1aTzBW8XsVBeQ1lM+0ZD+lfowLf+1evZdzKO85kHUmp567E04Gs9+ravciy4mMR+UJ1PdgFpu6IXPDz4Rm5trQ3Ajhd0YS+6geJKIy2f4UGPtonrFRKvLFgXyjfgXzRXNxsDfmHxugc82BpdscN+6y0ImoS6Q4n0yve2T2SoGpl8CcVhE/qtJ/z4atIVELrkbTPacfjPNqt8+0ICxWx4dgNsXxk5RMhw/qZ9xhTkI1d+8pYh10LLUaZNweEN8/b80a0NSJHJD4ANYCxRYMHiFhg2CZ4YOK68WIDMKV2CAJj67Wrn2W+WFtyDf/1f/T1uDmCog0fA4ISNryCqgk1d+FtYLXfxwJWmoFF8S1e+wzFBtfwCD8Gx4NI6//Af/SP/7YyrBuykGLTSXniQfbXprn0FGqf0Gy5AZ3gID4AsHO0zARkYDOhf+MAv3P70n/7TmUQe8VXOTKZsCABinij/sR//sdsXfMEXeOvgPe/5ittXftVX+eKmr/yqr7x94zd9k4OYyfqFl/gJ2Av+emE7J4OFNBuGF158/mj4tbDdrbZdYf1yAD4fGmivQfyV9goHfhLbdPKe6S1enAD6gmjySnAC7UY9WZS8nz59pO2Z+qojOhkgiZl8nJTjY9qCsztolLH8iFBMNxParP7We23b9KuFWlJALoF2QE4FWySEIzzYa8aY0HowUNuHXPyJUwfPLE0XTx13stWG4KkOGwPqV56e5eMvYO3iEiJnSdDxIGv7D2dPvWqALgxx0os9LGpMkFSDAB16+HUNz3vEYhco9FO39rdZjCMXqI+Sto7IhnLiaxgcQH9OVrn2aXxWlEHJ+Vr6JJpGzRzk2VTvhO5mJ4uYE2mZGsMH/5zvd6PG2IqP5S+dIV/6Mgd29e2RyFOSgF7K3FRgQ8qB9oveFuJkxnbKQoue7cPIx2/wL2x/oc2ZC3oPujailvTqxC4+Fqm/9nBYlkC69kXH0l5orF9swFf99UBlyRObdxGljaHdeP2Gv9lAdBORumNSQmUkTN/qhqK8tRNuZMQSSKgv9Oo8/aOu5Rn8gnWDOXFpyMfWpGtnNzuV1frvpnHlb1vQTxxjyuqiDkH7OwFbajFVR5+L/gQ3S6QhIJ1DG7Qg35GFrZZQToE2NOz4tgwbpBudkYM/yfSBaihgb3/rSUDzDaQrr+2OffiC2rUtGdeVkfb71/7Qv/R+hD4MDjxxPwNVSixJAgpBa6DFNWihsmpECcFOmu9EF3J5DRyWXQv5XPIB7rVToS/+4i+6vfe97/X3/1It2cZTiVPeSXPoNBR3F0AmUPhwAidi6srizZPbT82DhDiehyT5GeK73/3uXgqPCJ4x+C//y//y9uQTT96+5r1f40DiT1jeEPt5XwHPHvS330y0n8si1z/XaH23w8fn6SSYhG7OZGzke3aaHzB1yW/7vgK/MO1XgleCxcJ9guZri8mHil9o2cMJ8AH+bYd+Ja0+uPKGwIlj8PiGp/GdHChLYLApL/b7eIxeKG/jRq8Gp08ZtAzO5k2nbBeHpjsZm984ATjKE+dkysG9m4HjkrNlnZwpUxYh/PQDfMOkhSzosYErJD0rqs+c1IPHXvzi/UY3Bd1oeMaVwGYb/s3jCPORyyuTn3nmOa8aUN89c+2GF8z6oIv6OfnFNiiST22lAdZXJ0xjEA9Qz3wmQ0nL9yz0uAJJ4YhSLvWVvjZu6OJ2gv5P4MBVLhbB2w76fhbdwMbUwwfouHLA2aULfCTo/7YP1I1rTwq9UgO9cvF16tD8yWM/j534lvz6BxEF/Nn2PBeB8rsY5Siy0ULrSb+pndJJ07oD6yM2BXtbDrt7pYErlLQfiwk2VNMugMT1Cw+Hjj056GfWQ3vrj60fD6x3nFC/1vUIY2frSKhOeE/aXZjLvyBd2rEBvhn72BEebNO+lO28DdSPHUO2qXWFVzeojKu1zWhRjtVX23ZednyNrdWvkWHteAK8emN55eg3cAF0YyP93+qLPBIol6ffhPoK+Yd9kdv6J4xt1G83L+tf0nf88D/8N/93h5UGgIhhOhzngFsl4MT3cpf04MPVYvLJ1r52gMm3ygC0OKJkO6ChS8nIuwtFFV+jE6C/koJSf3/fjywq6SKZmHpcZVgPs3SMylp5a4OOHCfdheBHl7mRt3DlY+H/yEc+4iuOeT/BP/7H//j25/7cnzPPrxB4F/33/8D3377hG77B2wlsAuhYNpydOGdpsd+OEh00LMAETcPSBpxB0FZ0QiYZnkxvW2JTg52S1Njp98VmIQRnO0Gz5YPNlywP4QNq2RVOuvs+sgh946ezjHzbpkXNmwoC37DpAeBZHG0ND/WOpnTyGYSBgybh5dB1siPQTp/zYbq+/4B86dWJQHQgpCYE6pWrn64Aq7Y76KatXFgRXPtoKwD7rz6hjMnIidLJsuMEQJ+aQ7+bguIL1I93GhB3HNQ31Isz+9ap9aUMPcj0DXDzwqInHn/i9pY3v9mz2eVHHrrwL+o5C6RePGPw6U/3Ncg9ezknWHixwcUiB5MO6mm3SFSeG47BA9DVs801WZsJyIOvdhVNxDeLMzZxOwM26CjD9jDENsjQ0PbAB/SFLlBQth02MCd95kU2WdyK6S0D/IVw64vuyCANnndBcEvvmCuRmKj1zDyEf9CkwflKIZsD+sEupHoqBG7yK8I8dQKQxcIMuNBNe6wdLkKe3ZfuONOPsNbJ7ERnxnESXmQ5HmYQU3f81/IiaXs3QFNPyqHDdirH+DGZAxu8Yhs67cYE9AT8RQd+CS8BHuY3/8sjaWynbajbFagngk7/NLZ6k1bRAR0/+iu2wg9tf7ZKqHz8z5zQt3fSl7GPDeH0uRxL74vzcigP4aMc9dqc2M0cBo2h5W2eetN2lOAbx0TK0FOZoU/sVZKU76YCPuhXFnM98daWsjtp6c/+KE9kJWEe4h2f0PTKVa8+95Zh19DXfPd//X99uR2ZilPJU7BGxVFOaOTFMYHF8UnDoDHSVy9Avp1ojahcENiH4gJx0+WvA0BBs7hIUUYpgZNmctGTfBjWIVegg9B4lJGWIWA9kLIso2TzV1s2L05/9TWv9VMbFyDN5Vb+34C6f9mXf5kTLr844OeK3G74uq/9Om81sHH4si/7Mh82RK6TdmIGOmdEdCQmHp5oHRPuACjrFN3anAC/fshxdp8B602dHu6nO0BdJynlw+hDsFTowjVCSJW/+V8C4D/8C0M+2p9gW4GPH6kjofUD276yeDEU5ONCL6YTHQ9o6qPJE5RDPhNDf/tfHvC+PnQFjC3Sz6AjnS/xa6O6QedA1pa7cGJ3aNi8UdeVRXsTwPkJPUONzQFpJkrq7oRFX6WMiQuZkWHdjVkMQh9bOGPjsn9f+pTJh7pIh+/aT3ZsEvYvnTnrf/vnvf32+KOPOVkzcW2/1ndJw/D000/dPvnJT8end/2+OrYuC+sron3qvTR8n7TIkC6HGweO8S3zkFzSYm/pG7qQ6NPBUSfs8UTBNoOv5fiKCZzxhW/Q7xmxdQ1VcPQJbvXRXo/wL3r4O4eQiHrSh9g48C4VhQRHGyEHQJeKrfjVXjJ+LI9VpLRfXx1Q2p2j0IsN27b83G957LvyVhZAFr910Trlbt+ENBr0U98Dgg9Low9mjCzd9lXy6g1NedYG+lbnwi5midOP4PVD3U2gpPIxixwua5+Erza2T8N39vUFaFm8MQ+6lt3tF3QdNywB62EZfaDtt2OGBZ9iTqqIsdk2hDW0APbw88NuANNPpr8xP1sWoYzLpaV8b4PUP6FP2XggtjFWps0oECYfYKxBRz/tmE2OTc3yJYYU9K5rmkoMUqjsU3zlN0+v6/wCwvW9Evxentf8t3/m/5LNQYVy2LgoGEXrLA0m70Cik7QcafKSVkK+VSZJAhU1YYU0ZmgbLkAWGsj7dRe0ug28ZdUY7B25wAgK0HmcYLAhjQdISnkmkskIpGr/2Vh3RAI2OmytNwFaYjYFXDHgFwj8OyIDik3ABz/4QTcB4P/JP/kn0nJ7gQfCoNldJLvzTrIdQFze3TOBh0HE1M6zCgJ+oQsIRz2af6hvHwby/RK0KVdyvl7WB2KtmzyTfyjMQgGh9gQOfweQQbvtZN4JgDZpGSpI46vVI0+Q4kjHfyz87MC1laDMk2flO9kFRzn/vwCJRChSrog7wLioXSHJoXxzHXw7DrCT/kfbVk+v8jjWEhacUOOXHY9rK2nHYOJOHHPmhe6pl88caO9rfdCQ51pYSBir2qX9tQ45+F/r0v+d9APvePs7vHrAFSxw0PV9GtlwRN/zLyD3Bf8l9OWXz2cZtDXy90xH+eDVMD7JV1MESnJQn5KWJmCvPcZffUvdGaYH0fAC+BY/IQibmSwZL4wncCtf5qR3UcPH8CJn+ZzY0xfsbwngX8+fUOnz0B7tWbt41qBXWtKGtFNwbqIG6hc2O8HJWt/Yvgdd7WgbtYKdf1sGYJd+zUH/5ooPRV3Aa0sXUeSQIwGSdPmLyDfp4KFb3yCHV35TQBtRd3xE+vDP2hsy8AhArhtYFYd7+u3CJo/1RIPQ03GrL2J3+RC5PqgccKQLxRNrm7rpb1P/HK1TaBRWLJ/D/6HF9pd5bTHthe6hU3rquBvTY/EOdDHuplVZlIFPrC0liwCUULdePVmfVU558K0MJRW0PbH9mHzk4J9tK/I7F0C3CrUH33Ekrch8rW+Wju9VR/qoF/HYsjYsD/DgO/+V3/l+sDhZOgxJAYxlhqwOM51yRUGXchxxwJJsJkGjj467pRvuAcVHDMOkJ1TWPT6zlXeWYXtTa2cSUBw0GzvkKFtW4cxvveEFpE2jKx98GoeJiD+g+YEf+IHb//gX/sfbj//jH/dFRTwvwD8r/sLP/8LtPV/5HjcCf/Ev/sXbX/7Lf9nyL/mSLzlej0xHchL2jK02c9XAy1Apq43XsHXQuBOmrkUmJI+pgHzgrvT3wYoNjUrE3sXfAzUge8pq16vBWnNYNZ/yUG8POnjq7sR13RyFTBoGCzaNGHUqQmuk2d8QSwIP9BfblHOEKcoXstz5J7hIpj3OCaZ85S8PtoNBM2X6OYEJgjNUzjiWWdnIm4lDLuUwCbNZKCX5hfLQ50rrApGFnzyLP1f3mKT5y24Wcx5YdcNTbunIYB/CwVcWm1EemmWx5JL0a+2PpNHJxoo0k9JnIp/bFLygi81DpqbKPWAEC2rq96UezeKt+gcW0tKkbO076r5R/HJ/DFAGvX0g6S4ypQlGvG2nLHgOcZdE2+N1c2ulZ4J7BSDt4QaujJSvX4B9TgBc9bePUP6KYHtv6IbwKFNagfxRlsN+Q/0S8PXyQNPFtTxuTgLYTn/XjeCxffDwd3HBOyHJ+OKAzjLkjzVtV0JlWK8cctyhY7Hr+NIu7EgRstEFFTaaUEcXOPoq9KNCQK42JcC0dUJHZfeqBbp3XnBuuPRzZSlvbBybqAPotf/cUEksbduldWRhbb8qH99kS3vC8h9I6JcH35MIHzIXqDvgxkR67Kvf/Mpn24Nj6dBfG9bWXj3ZZ1XQigi+IVPcQhi1dWxTsrh7Pp7+svDgD/zLv/3yQCIMymhu8UpEIPFkDfmWhEoaXcDSQJGV1ca6RzhQ6sJZXlvu0q99C3UyyBZcJQFneeF+WpdJYwR24sBFmLR0oMHt4KOhPvGJT/gAIc8PvOOd7/DnlN/7vd/rBPsbv+03+jtwNg/f+i3fevvCL/pC07zXgD+F4iHF9TUTmovhXEYif7bPFcA1TA2az8e8FdhKFFpXE+ZfDZB69REVFgf3Q1jv67ryYjudDlTDpmsjVUPu8kDPBHJcMWAgQ2MxX/TDIDDoAge/3x2E/FQRkCs84DopikDSHTn0ze7GGazhsjj+xX7rMAPTTUMHKPStywgJmM8h7xTQluTrC+o9C7KyughZbycuLTtsaBJ5hKD0UTeN2hr8SzmbZGOw//lv38T+0Jamuqu/EyZ4ytnEsDFlwePZA+zZfwdl4+omIfV94YXn3QSHUzusG2rWl4NbPD64QtHFSnOJkYGNm+eW8coxS1LbQdW36tWP4Et4nmWXtXSV335Fpm0NDwvwXhJmw8XCsH2gT9pH9viqoel9FgEZHCsPQNfSW47Nymw7W9cNtbA6pG24gvUBP3li+gmy1obWb2SiL8fiqLcycqxN6kzsMwGw6bfKL2BHInAbJ2y9RsmxSbVtCJCFzs0LZDKCwwb8P7aMDbYJ43zwC6Td4CIHQ/IBtxuMlYF468KhwQCyNzXfJmiXJMmOzFocSFSdbDiYf6GJr6YshQcOqC34rHZ4hZ2ypCt6rvJg69Ua5WitfAccPHd9QXykc8iXSnjiQX+i/XNQqpqLTDc4gdXTPnb2U/ob9qAPPvMXeM3/87v+Dy+rhIYNo5PeOKCDgs5nzk7h7lx64vLU2M03yOE1m+CR9/KWnfKWrgCttZvwSqASO1iXYvXVD2BxJnVuo7VsOtI9gE4a+F5RXnu2YZafGKc/yBkX9yUZnLAvHZ2LiZYHEH/yJ39yfu71glcQvuVbvsW/v4UGvr/39/7e7S/8hb/gpdzv/EN/yJ8y7i8TaAckQmdnfQXQVWpfB2vSTA4B6xyjuNT/MBD7KmU4pVIq505eP01mYcvTxuOCO1D7rkx3iZaHGFrauIt4d/dXmU4uEo5tA5ukiMHFJXB8TLxUyhwdttUMQHzm4KB2EZSSEHH/fugg5RJ8yjhaW6S2XFzinShkuAfwdiB3cam9jRkb6x//4AlbIgKeYxLmO3l0oxHAZvoGcqnnM88+7c9YaQfrg02O+U4IQDDmETFRRif6X+uva7itwKVy/kUxo1Zf0nffmDL65Sc++QlvVVBN/3kRmijxbGiqjXzGp75NqLWYE4KLa1ofEnxKr036AgWlAbgMvPMTRNtmipQPOvpfJ1YkOj/JHUgCuusVKDY+ckUmcukvPJyKL8Hxs+P+C+K2U2NsQ/ZeNVgbp6iATSmjnOBGLgS+tCxlLkCJnYyVSxshYcPae1kELziAJeekpQ1o8+bli4/6cBn0lbFyAGiqt1chPvuZ+vOqa8POt5T11yFtdxh8iDr8lV+fa2dwWIk4ynRN8PBKF7/YjqFz3grdjpH+ooi+Tj+bs+PEwDnOCvoyodQXwBfadNa7Gw3o8CNykqejBbXcnSfSNtu+wWFfeWcspZzne7QxQTy2J8YOaLz6YP0q2f6AHeT9XJQCmJtIvqk/cuk7kNEC2oWc+MhfLeFHRbYtkF+e8zkS8NY/H+nXjgHnypxEYedi0QM8+IO/53f0DYlBiLsY3PsxBcqgoR0XVoigkWdoIxQk08Cqv8Mmas0i305wH6RL0AFDos056rizEyyQv+JIr82n7UMj3fgArGyUlW+BNLs1GtGFezqJm4Qpp8MyqdKQPIPAnyrxHwjcnwS64H/OtyB+27d9m5MGP3fk4UQGiJeJonIHwmHfEVDUyPLoEWI7tATnCepCXsrm8RecynwYDP8VyClTXrmLNLP02HCXbwGfYiedGBnnAUcXMxbGfVKWvDyWF+B3oOVz2gdFYXXQ2ZXDwJiCO3yyXvlih/rAtX+0lAHfgQgPvLR1bQvNpKl/B6dJB+ACPDwJzGbRM3MWc24zJFaucghQ85XAJwgmFvjdOORjaQkDVsIJEwx97fnn+cMjfn3QM8FC+J0QSk/BIWNQ1uuzL/vHSY89/pibWf7Wmr76mUwab3z0jfqPny3y4ikmamTwPwbyjp9XT8VGj3jqUHOCscyFAeQ9ACd+ixLr/8iUd8rR3YVwy095lG31AMvCj4xe6Wmb9nmPaYfkUdY+2LZlfLfNsihJWx1oWRnA6nWixJ7UrTobX+ngW/sB5jH0OFETroYHoNW3Qat78st/bKJIW376QUubFNe6n1cIdvEBrPexuRumC1Q2cQJ1yBEJ4W+7Y3clIRz/k2sQTzcfueaRFznWZfIWjxLYvQKS9C5mEEJLuvpllBYzdp6sppHnV+2VPzKdf6Tt2F3/ulHwKB2WkaaQMY9/HI/ICf9u9mp621j1AdsA1XyFQZ+N3yi7zg+lm/jKb+JueuPtV8dGjIC/RkD7U1mOPgaP+OST7vzT9WrL6pcxYuDB7/sXf6u3FcBbOBqXULwpCu6BfFuacpwNBCc1RQmUaZz5fMlDAxAPHOJJtOHLkJxldaybhxUlls6i9gOUG0SxW3LGld38yns1aANdQ6NdcPjJDj5gUZNW9Mu3j37kI76QiV8p8L8JPG9AOcFOiZDwYcqXfumX3d773q9VNPkOnJdvj+TshUu6iIWPP85xNCS8jskhcWvPrhGJKx8pQZgn4guYdpGSaPGBYVmMdRmo3E0HoBULXULyr3aVAmBihPD+gRwWEXzHgt77hwq3rBL5ZpCmJMF+FNzSgaOMAcyigSwCpVA6CeCzAfsrsm13rUg231bEon4l3/5Gdvtz7BtR+odQjqEBlzS25mDgPfIGLtezkMJUPrnoA6ErWsxM2uCTDXRSPycTeQ0M/Ja9lDO35597Tv/1xNGv4asN8FhvJiuOkQOwmeBFSG95y1t82JBNBm/qZCLmSX3kffJTnxTvAhM+dNPF7KfUY+Ssnm2rqUYtQj3psUf9E9eW2CYO4kLrUMS2FzKRDS3lXrGExuqRQh648Md/iOyCXj30n7UVGmL7CH2G8RUs447NkRsDBEBIiXK6qVAHZS2R7nWxxbM64gnANQ0tvFx5EadfVg5QOwHnCdRf8wHy9jB4j/KpR0LJW+drHwKN/wDbJ+EYGwgjytJYWMqA4ms3WPlYRLVHZZJTNl4VBWzdVh8Ajr7e9Bmkce4qjW2erGfzg7feU8+1QTvC23oXRlXg5HMTENqjSIiO8Z9xDbEEv17lt6yybFPsGxtbN0KJbJMxyLqYApW082EykANJ69O0heMamikyrZ6RQx8MbkUQ6rf6E7uWfq9mEA5blJc09mrzJvkyWwjJg9/3L/22Oy9BUhHH0Jqfs3KF1hy/S4B7MXvyAXI25ghpGQ6bzNBdEqVBB7zOcmKE6iVxpunTOMHbFPJcZI0cGQKH/Rw4bvCn5eU99AyYm6/llQZZQ7t6lZ9A43Cf9lPZFPBrBV7IxGQLneXqLyCT/GdyhsblWsxAGpKhrexQRab/qJfSdNfwZDH8zIu3Z595KvFLmQAyCUQO5ITWsbLIO0kqNYDdmyRBGkK+KLsAuWJKp/0nxnxzARFNXkEa6VKYz6piwHmPdy5pudla+hW08ihqcaByGOIMdn5ZoP/YFCR97Qf30xFNIpz4MZkU97mG0kFTOkppa9GBlG/ZicHY0k6/WJlEDEjOPLlMzyRduUyutB2THRNOBTlhpbz50KX5uMqwVxcAbMGmThad9MGxaPMsAP7gbEA5CpJBWv4pD1uYkD2LgTGFjz366O0tb37T7fPST2F75pmnfQbGiS/ykfXJT3/q9uyzz5qWLwHp+jsBHFdHANoUOUrHJ9Nbms6h7qQj34IL2CYlNo/ctbMySVeeBkzsZJhky4k7abOA958LTzlE0LmhwMlojQyuuPgLAPSE5pFH3uCmDq5udJDMgoDMyB8fEvRVwoOkDcqGHmUmBHoOYpSFD9Cfcv3KkfRpK3QqFcCR3zbofDD+GqCs/b+XvwHsxI69nYJPEAtt26q6zadvfDb95M4ijMURURy2Va+L88goQCSF6epoCa1De2g35c7thdIPyEMdsb/06GfBBE85gTx6tR9b5kBS60s/VJhp2ZAb3PICtJl2A2vGxRySLFfSh7fzdrBDo00m2ke0R1vLYxskvf5sXbF00kWXLrB1JO9iPqDfzDd245ksGGxyPpAS2gTqFQLk6fcpMEZH0vqYA9ppD2W5ae5tJnX9K//CbzluKxSo6KYDJM22AQANTmyzUNaMMlp9GUo/TENyKS2QRpp8FkA5TECSVmQFbFHSp+NI382fMLxKIbrkie+RX/mbvtJhgIrJ3KFdwAfg+TUCgU6oXwZ/1Ud+rEpD1QelO1Q0TmMReOc+m4KM5CyIL94+9tGP3B59I2d3LzuxMwk8eD3vX2DDwFleBxmdlTMj9SFw/Kju0SOs0gXyhslOAnZAWYDyJv0Q8Gx4eRmksbN/Izz3xcLL0b7zcGhJZOSDj+DzKoEbq8s9s8Om4bhn1/ISszFAxjGYB5rGntKjXTvF5nBioax8thnak3bwsoAk7d+6unCWpnI6iZOGnt9PU6aM5Jng9g16cNRWqEMbFS5ELny9LOhPNanDwV/b0MmA9zkGVbV+Rvni2Ze3fd7b/EUNDzE+9fTTxy8V2GRA9olPfvL29FNPTd2pN/L5508W0tQpeM7C4bEt2MCO/CaATnad8BIiY4+t95CFhS/8WlypSFgo7uCBxHptfSnjOzzBcdZPkX0qH/zq4k79EtZXtAf12QWUp+K5auAzCepsvyINL5uD6qgeZPgSJORpZsrhk1fKsVdLtDGUlqck4YTDFwB0Ebg44toDPwtS+97iKN+zx4WWVS8p8tS39nSzQPuVovrWIGgrc/mxtrzb1kA3thKUBp4JigKP76edlJeg7aWwLr10H1mU0T6UYebMHbYZ/ki5YFn1AHV75QGVvflTX23pOGpbDe2SBoZSm9QBP4c01LF2UobtpqVh3Ecmtk25R2L0rw+op/7D9NHPYd8Krn44dXgMHXbv5oFv6mPdkJ8yNyppH0VDgC1Du3aQQwe068/igeLIPvi9v/ufez8JDYK4tBaiDKl2KIIl0Ewwv9D88h+w+cihbCu79FcQc+wsW5GGQYHjQFZyTR+FvwSUBvoKWx70JRoZjbaMPOlaeUfNNMjDgPpxv5IBtD8FA9fOeJU9caNAah+6s76bTyOBS56Xn/zMT/3E7aMf+ZCbg8997qXbz/zMT90+/KEP3n7xFz98e/zJx3Lm91j080wD/O2syHDAdQTlU631h8kCeNuHJKV7FEjRPKfLTvpf6rbC0jKo8AuLOTH1S6+TRkjykHsBKVDl/YsZXMOvdgkSkd9QVOML3kFxGRid3EpNXH+lphMvHknU37NGx8XYeJg6iwfPFLADZxJy4exAxN5OzN0YOMhTBqz+bXs3FynbyWEnS3h2U4A8f53g2x0/d3tt9OqTlDHJXAc9k4kPFmbxRxVXB96Wjevjjz12+1zago1l+forhcdTzrs5Pv2pT2sPNnAFhAUTfdDiH/5zgbrxum/8ub6jfhfHQDyJliy0vq0XNrZ73uMDn/osbRCDbr3Qf5atn7ph4UHG9Tc+PMZgbMUP1KFXDbrQAdDx3yy9FYQ0Ju20Ke2KHcrn9cDZwCUctof3uvGoncQF8BChNwXSF+hX4KetLzxLtP0DOMoTKzNAOf5HOOVQe0UuvoEGu44+yJskbSdZBdqNtu3fTfMmxNbragsp5OCflQVMdQ69EKozvulLh8YPW4WhNdj/mRcYh1v/u3oB8jvuiBtaB+INy4Z3kaOyQF3DmKte4ikyD6yPlUN5oH2adG1c+V6BIzN5QJ30O+yPjG0P6q3ohKsu9SmiNrUs/dk26maf8oM2AowAcGkD8Qm0B/TIoF168hGIT/dq6gZoEIONajx0q2HagbZ9+fbg9/zzv+n9NcLyC8DU+JhocBr2oNCSChdAHEIgKkoYPFykcEhThct+4AKTSVl1kL90NqRM/CsDtCqsOeUUv1B5W3bi7xlm2WLu0nWCpbGIOQO5NsoVjjyCkm4Hr00umTYwtxCS59YB5JnIPpdNwYc/9IHgX7695z1ffvv8d77dDQHXwH7+F34uZ3sfj4yXb48+9nja6xE7MrZwWZkHyuhEDHLV6o8kFi42rn1836194SjNx/a78N4HZOETNgUE0usT9SAjfYz0DuDC9hJo6hvS8HbwgLAWgnj9RlGwybtgQhtgoPRqQWiCAk/JqS9pJwYCJeUDRlXs64JP+iylPLazqDMpQSsSe7Cht426UBXUOePq7gSH4PYZ6gKuZ7HnQoAPWcTZfFLGbSsm9vVrh33kamTbe5954VcJ3O567NHHfPXvC8/zj4q8CfAN8iOL/wPhp7nQYw792P/z4HXM0UmeMvuRk0kmS47g0G8dDifEDuTkaJ0uXgtJdcxkr+9PnHjjneiR0vLdAACk8YN5ZE4bcTvlLGdx5yw5bsevkUEL8rQ9fQSZ2Mfi+Gh8w8KvvsiBj40BAR20MXVHh+1dyh7K0QwBmQvtbXfrL/EF4F9g03eF07eBidu/etYNWB669gXy9Kn2/d7nHxulnb6Xeq3BpPElgXpbPkE/pM5dmM6+SaBeLGrE9Uv9edqLvkkPkAdjv5C2OPIR0f4gS8uAqwjKGzpu1tfgtl0OG+CzeMbW+Nay4MljzT6Aqv/Qiw2hb9tVv/alT2m9aIQXkAf/2lKGUCbGfzDgH19ZPH14gzwJSCOvLNsvGOwQoOk4NxmMG4AEdY0tW6+uI9Sv9QYvr+VwX9hEg2t48C9lc2BZKM5QvjVWxNDAhuNA4RxoqqwiodeQUWCZhYtp9tVAcqkgMnPQI+vOzjIRNvz/BsiY5AWKa/0Lo/uILyBN6U76AjYyWHYhbIeozxbq4+G7sINi0DnZvrad6DWv+dzt05/46O3ppz6Z/vHZTOqP3N705GOZ1Hhw7I3+hO2jH/2onZufQqLzAx/kFxJP3173+kezKPC8w+dcSNRbTfNpfMClLku5QOuBuXrjTt2v6XvAJTT0EzpptZNaP8LQIYOBDgKao+/wQT7ZwRsia+WVtnwLpM/y2JHJq4v0XRr9oj3bt85yADuBtRm4UlADBrET0rBHc2Q3YMM+CQ803wkdDCp3QqtPOlEs/b4OePmwkz7GIv2mJ9/kz2Z5jS8/ieVW1pve9CbDo4++UXNYyFjcmZDeFFombv6YDP+9gYWeiW508muFj3/84+plQ4ku9NB2PGfAT/wwy4dluWoRGU6UVoI5DB80jV/0WUL9StH4+eJTwx0fn2Oc8Y4X6H3FFNeJNWHSbiDqronzFRTjry8s4qyYOnaiBM+kyouj8CmA3jc88gZ9hT0svLQH/sMcyuHTXuijc+1toC7BUXqpz7ZzWlSZyDr7PfnpN4PhG9rtmyCwe4qbph6RpWwQlqO/YRf30td7bHz0pwLWN31eBNxuDNb/u3jx0PX+8yQ2WBZZfZ6Gfl/DsFn6kcFDsti1NknDZsY+M/nobTCrnWTqH5SVpsDakjFgnc8NKaAfInttoG8AlHslBNtHl3iO6JBudSS2TwXvJhZ6KgB95CAXAEPbw9KAXIu0AznaruDtN+cVmV4ZbJuzoaL/IYOqqGf7UJj1Q2ibB5AZHWNfoTG8V1q+bZsE/AUZNOg6buOEZusILbatLx78i7/zO3zmYAFZlEkQ0D0k1RHGCKRCGhHcOlH5KJYeQ0AM78KQAWtkobSvoAcXHVckOlMNeXGCxaDmG0D2FVbPiW5DFCLDNHGROpkkuyjje4GvC+19oLHx1U5GQGWePPf57OzOb9SrA5XLO88/98ztwx/42dvrH3Bb4fl0MPz22cSv9XIugbM92uGjH/vY7Qve9a5M/I/eXngxG4nH3+xLbTABfZ0cDtOjh0zTwhSC0myN3wo0usKdOlzT9+DFF15009KfAEU+Hf5C30m2A091o1KZF7G0o4tqYtL3A/iDjn469/XwjQ8eMnChwYbRrz33A0r5JM0gXvym16bFMaG4aKReQKwZm5jEao/4e/HSayubB5Hga+aQJbETTH9ix8LMhE2eWwUs3vtzSXzpXyynzA3qS/PvnJFBP1FGylkEe3m0v/nnj5v4ye2nPvWpUfoaF0no8TlvR7S+ydNWhy+1M1/YnYO686Fmoknkyzw00/bFUASSz5lfvwDyUzYytQFfjN/75ryWC0m6GUFPNtg922dx6KSJrTspEnPlYPkYH/x0k6swAOXw8+yIE6fh7A/45ugTSieujdhEfLS1NJjJ3NMyMM5ikQG9kAgaFkE5yUcGaeUF0cWx+Dq1MmIdHMmmzuMX1SuooF59Uz9ihYt18PQfn9WgA0qcj34+A0DslZj4VTnjY/ocMtiEbh31uz6TdfCNBapwGAiuc590ObZsZbABYJxDCR02LKxv6c/YJw92X+rD329jX22u3VsPDjYG4K992ropbzZ6KQNXkVhi4oSw1lcga5Mb7fiHBml7WnEX6d0cXPsp7c+8RZ2VNbaQt6ZTvr6wDym1dms/UDWu2zDTZ6krfqzMErmOB9DV5yEydv6F3/Ht2RygzLKBNaLQspMAA47LDxRqHckaLV5+8uU75DVLSRMBHTz8ZSxxaVp5qYtORKcpbIz8hiFKyag+8UNTXBONt75TKLRRD8wqAiAe/odBO9d2ImQzSEfeBKDpioK+m4nQpZ2feeYprwi8/LnP3F547tO3p55m0v7c7dlnn87E/nrfc//UU5/2lxHPZ/F9w6OP39797i/OQvHY7dE3PnH7vLd//u2JJ95y2IIS4qt+FRs3GkMmUzj8S1j6BfIbSlEakgEGEgsUDx/S2RdaPJITOTDhS3r9JBWfpAlQM4icGOnoF1BS+ODd4GLr4ElR6LfzK3lkXgOAr0gTX8N92oaRw2G6dNWvOG0qlGah/HflQom/2NB0YzNywsdkxwagk14W9pz1kye84Y1vTNyzYnjwN4Ad3HdmMkBQF/UuAN1M9naTtAn8uuZTn/q0fNjGlQU2B743YuTgf+7Hc6UBHuTQv9mAAK1H2w/bOwasggEQL3dgkPo5PG7GhfpkITnzuzATHxNpyJzooFNGPhk/LOgHjrgZ88X1QURu+VBfADusU8rrh06mbjDQCR3yB9+x3XpS81ijHOrHpL0LyakTII395MtfaB3af9YPQPPbX2hj2kFD+J6xw6Ff85EuNqmffpSD8gXK7dc5HJfhsZ7pW/gVmyhz8U0ATpvwf/XtmGax5T9g2o61k7DP37jBou9Cl5g+uDToRiGL7/bvDejYutsGkR9UdUy9vboR2z0rR55yu3kpfevNNzylryxkssmkVD0cyCWfQx/BAx3+gTey5cVPHOqbkAPA7+Rp45FqHniJZ8XclJ840+gZmztf1bdsWHmeiPL299qaLwO05oNXH+WDo4UrqydJrUPqmzRzDNrpp/Qnn3MYPvozPA/+xd/J5gCFFKjjHgR5AA2FEe0wLdsAIBiaVnhxQB9OSc5s6axUcxaQI5S3OJgqijxxYEWbOPVtaPlBNHgwqecFV8CFgSO/dSjPmHgXKDt88HA4bBlYeZ0UTihNldi4+CFtwb/ffejDH7p96hMfuz35+CO3xx9/YzYCz3qvmc5KOa9k5irBE0+8OfHjt8ezGXjjo09kUn8ig+MN6SjYmLqsrWvT+Loo8mtB8pPQSujnEH2PV5CQiASTFxNSL6OzqHBmpj+HinImFfxanxCWv7C4pQHgcYctf9uoeDYCvZqgbeSPTt6Bqn5ljhWJHfgTO9id7Jvesvs8S7+4JPicgAku6h14GnCUb4K4aXgrs7KtS3hj8mEzZxy8qc+HxTIhkd4rBW/gHwNjNwtcb9l00dg6rC+QS1vA8+ST/FSRCbuLAEZzK+Gpp5+2X3HbgImZXzMgjwcZeU4B38P35je/2cnYTUIEfCbti2z9zYHd9PE2j1XFFielpLEltZWXPHROyPBIXrx1YBEInT9F5ggNPti2It/76GEJnTjl1u9dIMIHTglSWk/84tv9cDZlKQRPXeu73i5BhgsB8mdybghXBQ4gPwj8ML4gvQBOkK8yWvmOedOBYxM7wodLXZDZnmOzMKzI2MWaMvOha38cKaMbcKFI3YBuArgSlfrBq9D2yzt6LC20n87YEts6lzcwhPhyF3v6DW1qG247RqcPd6a8Vy36ngmujNkHEui34LSZNkmZZ/+Uh98rZfwy6HXMc7XbzaN1TTqxm6vpC+OCoevcOFbfAW3CRvSEiRgbsQchyDrqzCe+uKaB2jib8OCcwxKDx2/6T9nkkk97sSH35CDH6tXuHOtzwNoNn+VJHzpSRnsG4UYAe+uPQsdzy+nrgBqV3fjB7/7t3/Z+BLfDLVR5gXSVwlf5NYYy+NqhSwcoXygO2hO3VI2tWLPK5u9yOcpbXHUWWw6yfK8d0DS9eWDzcpKGc+wo2eSlm3yzhY3vw4X2YXC15Qxn2RU2280ZHSW4NDJPlPMvjm984yO3X/zFD94+8YmP397y1rcauH/69NPP3N70prfcnn0uk3PWhHd+wRfeHnnDY6kOr9MdwQmKv+h8pf77+YRJm5gAXTvO4cIDRovlLBTen05M4BKV92zpiCGj89Nn4KlfaB+YFSGQPLKUh953IjBosGE7E8Ym7dWExLWCjo8O+usZFjaPXgb+1t/Jawfh4IShJWy56CFxgI219DP0OpaC6oJITSlsXCsbPFLe93oA9TGL8k4CyHcj8MgbZmLqZoGBjny0+8BjzoI5w2idkPWyCzsbyL7Z8EH601u9GoBs5LAh4B0G3FJ44xsf86FFNpu8/Gg3Bk88+aR20JZvf8fbb496taA/XXz6qafdrAL1Q2Frc07SneTHE4cPhSTN5WsnQmmTZhw034mNNAsACwS+pk+A0+8vc8WF252Rw6QY4NZb+XdyRjcpnur+XK9oOXeBzyIVnzya+ssTQiZXFiH77+jXdgRFJ6Ko025ijj5HWfLSXuHINgE9vGMBIo/08seSxGxWUIv8lIZ0+wdhOMY+6j52UBRadIzgw9ZdaFfPsXnTHyVWl6nK38UV5G469DX5scM6kCY7zIffhPpmb4v1qkPT8FGvpdeu4On/nkFHf8cp/Zw2mpB0xVcvqnuCwkKcuSbyeJDSdrWeyIYK22YcUTcxXZDb9quHEtpbydIdm43BgVz7CAD1gRZ+N1OxR4A2/JR7CR9UaLQNH8yGt1A7423r0zph49g+7ViaXhFw/sHmskqj7ECvJCCfuSU0GJivmCMOKG1k/+7f/hu9rSDBEBZGckAhgS0BMDCfIw2UH/zubk5ZpadjlM+2ucdPvrucyio6X/l0Vzx0KlrZ2L2bmyk/yIYmeTtbcwHs2FQlHbS/DJRuwxld4arpAFFoG+OEk27P7uk0uxAyKB7NGdw73/F5Tsof+MAHMxD4C2cm/pduv+pLvuz23PMv3p5/8TO3N7/17Wmn10dOBk9o2i1Hw6Vu2p+gPxYvanDNTNmUDxw8Ey+9NcoXbcci4qSbDm675sNghg1529bw0q8YHMclresRMnUFKEPu3gtD2IhTvhJHrirzdYajKGwZ0MQc06eXjgFBvNA+3PTauvYAFFn/BOgiRf72w5q2k68aN0YOpckfA/aid2Uek3y+GdwsWpzVckbPmRIvxXLiy+HkIyUbBd42WZ+ySWPjwEbg7elDbAzQhQ0s/Fwx4J8r3/SmN7sxKDCWPuumgg0qunkOgQcdueTOMOSM+5Of/JS3tJhsjvkBu0nHlGu9tWzqSD8/61j6xVEP+RGx9NZvJuLgdwIlQMGmBz9woJhy7FmbakO+kW0olnY6bneNXCb1N8wVEe1hEVLeLCoDu5wvKDMbvDFZm1cPgKxJtF5blvSW2S45VjL4lQdyk4XyHHbSVw6ZleV4SryL5y4Q54YAnw89X8MP38rFAPyjPPyEEUHbHimHDzksoMgH1wdvP+dG1roC6mgCehf48Fg88shrH3Jsv83PVYKUw7vt4OZEeSzuXcRXHl/KwDZ0URc+R58ogKb/uAkYfdDSd8h/LmOH/g2XnDBEiXPW6CbAg36vcHD7jw1l8gB+63z4maSHhyPxzmu70eLw5AIfcohve+TroFPf2KplFpPGvDihKHLirdOUYw86dzx5tTJ2AK13/Y+cB7/7t7E5qLErEkDHQhu5wkpzKUyecvgJV76VV9wWUMHilJQEDgBRiimYZGk3QVEKEy+U64K4B+s0IlOzY7SjpPPsGZ24TQy03oWVA4SlKgd1LXt1CMOFDK0rHnbqoZzgHMxpJMrpsJA98eSbb+9857tzlvfZTOrP3j7/89+VstffHn/iTbfP56rBI2+MIBqWjUEvmyJOlRf7VscBW7S2TAAab+4u24K4kDAQ6bz7/wjUZzsvkZ3eTkg9OzFRP98WmPbH1wyJhU2x4Th2zNap9lC+Z2rkKgvdI0td7ZMeM7Fwv3wnSuymfPM76VV6AskEBg1HgZpRfgL6uiOnbpW5xxXEYwPx0FXS1oM6tb6lyWQb/7zw/Au3Z3KGz88OnUziL+zFbvj4BQZvSXzhpV7ih28vf7LA88sF3voHPwAPGwfouEqAnBezweQKQx9yfTG8/bkiDykymSPn9Zn4eDCRdyDwSwVrGBrACYU23slM5ETrLuqML7c8oN8Tdg7YsnGHeXuGCMoSB8cYYWIH4OWKAhOz7Rqa+3qqXG7ped7AWzGRq+zQct+cy9dpofEv43Dba3QPXEXbH5xHoI1+fIHcO/ToLxPfpsjD2q56gU7muzCfcrqgsHnrmXT7AJoh6TiBp30IWmhcjBMTHHvQr26kks2hrgTLA8jwtdwzdgnUw83+1BGA3iO4zauLA/r4cRcnowR1OV7Kt/YRCnDnG5llldd5JocLv3b0DJ8xir9aZ8Z0FmgX/m4sVraikDM671wZSuiiWzpk4SAswc+l7UaCfrMytq85tift1T/eFzB0licsINvNe+jQp0LciU/V2STybWNkcKyN6JIUphlHqac5viLAuof+eJspdNiQj3WDOzEynB+xMXLQy0nFg9/12751njmoEuCaBu7mR/NAyx42qJvxIBZPJ4OWcr9Atixpspi8UNmLqeARL1icUNkD6m3yBDr8XcDR81F34cJ4nyFwkAWgPGRcC34pgGyMvc9DY9GYx2XzlOs3CtNwadug6Jyv82rBF7yL2whv9DIwVwq4YkADv5TJgcHbXWpVmhio3pEbMI/KwVBKvcqxVAulupYuHx18nzPoGf6pC9iFnKrJlbj140hdOWZx2XozwI43IDpQFapcJUMHTlomxC7Qi6/+0DLAGExj9/0F2oGVMMUBZFYuKAZNbYptkX8QJqr+9mviylOwtJZXVHUOrzHJKS52aGYy2cun1A0fsHA/9xzPnTzvAv6i/4VA+gVlOJFkIWAR9z5sAgsm8p55+hltYcOALNLcC+1LlHprBj3IgI+rDVwx4MoCVw0q57W3j370Y9mI9Al/zQ8vdXGCI58D2wEiylqf0/9XWJ+0vm0L6K2Lkz5t0zyhWivXZPjoM/Ui/k46syYLhgu1sHpxNjR9syR+gB9OdOE33v3gIrELCvYlFNpT+2m9JxPAHupYiDfrG+Sj0IKk95KpcklOOaVFHCLJbj0rB6rpU4mr/wq0w9BzxG/6UD+wYI1/IBg55JXn55RpWejpF4qkbol3QS4R+JMe3j2xUU7K8GEXbxadnnXvOAe2XVefMNEB2DY2LrjgJ1hmQfmpDzZt38EM0i6U6Ally6vXF8whQ9lJk09AH5tPn/XJeLj2RerPRtJnH1KmnO0vCUAX3SzQoeGKnXIiw/bOgR96YsQ47NggXW/WRgJzgM8saHhC4r0lsj459Ibeza7EnbeomDqS7kOjvVoLYPPWGT3Ih4U60Vce/I7f/L65rVCoUSVaA1tOXIOwCRiM35BR5iQ+QMnSKyYcVkhoZ2p5cIPvN3hQHfTKBt3CAA4OHPl7cAdPZhA1OJBEP03/krCuXkjeymA90fooJTF606+E4C9F9+kYfE7OIw+dxkmkm6ZDsgvk/twjt7e97fOCo0G7IWBSIji2wkNnqnXT2S66qrelR1k/E4YzihGXvnyAJUN/hiZcwPZszAkl1AnYvzoLXUhXPvzS5dizne0TXF5jcWKDcFw1SOcW5GeSKR8bA0KLyt/FofLdEMzABahL7Xo4UET5DrpeGbj07cMMdBG3DJ1uDiJ/JztJseF+oCQf25xJJ7ytUwfvTjT6M+XkQ6pO/Mz9furOw4EPMgnxIiN+2riTMQAtv+VHHxsDfIA/txzgmYNtE55nAXjXAVcJuJ3BLQcmNq4ifOITvZIQMy+A1VQxNurzC1DFrav51hldW0bs2RCTJLG+OEPz+KOTvu0a9u0rKRKax1f4FF81LKASZcjitgpnVO0TmQgjl0n8ESbxELgYyF8bFpiX7QeYT9kcyMUS6xXgGzby2iW2eaASkV37KqPlJVGCMigrPnXL0X6AvraZMkMHfsuuaRZirgrRV6iTfta4Ux+yV44Rei/tgO9tW8pTH+q0C7yyAl4Op8+bHdv9qp5u3meMho66UG5ZFspT3tRhFlzT6j7rvAAPMqWJjdCU56xj7Wm74QP9iB9CByDPNtIHogTw0HAFgjFKuScBqJG3gtHDQutmIuOQvtMNdt8qal9K+d4iMT+6t27US3HYMvY55lOOLusy9cAL+o60/PXj1oESdAx56SJjNzJbLwI81klHtfLIgiabg29+vzsuioLYsM4VrxZwSWDICABMp0w+8asAeSbvQZGUnfraKIfjlwBa6ZL8XB0gOyFQupZLEwwHYjwDb3ECQlOf2zZoqKwUMnFWUtQraWBYE2Nbd8vwuys76IgbroDDF3+/bOUCpK/lJNGHecWGfzMp3DKBPHXBdkIK7C6j24En6zIUVp56r0XJt71jwxyWi4erB2gHadK0lSQ50nxe+v5MFh3O9sFu53fAIzgQds6nrLu+vR6bpy/SYWex3x04MnjWoiFln2k5gcvqPIQInbTAYX/V70QHvr6M/eAS4IFcGyzbQTk8DjqEQpQAbiAU1Ut/Er9liRFFm4yc6jsnPPKla73xFfr5jbp9LvzodbKZiYVnUB5/7HHbgTZ7LGkGPbIefSMv7+kzAYhlwcUr0C4NkzAxsvwnzJRz9YG2w342HTyLwIOKLJa8YAlb/UXDU0/XICvc+hH0DcEv6nQfBhc5bqzPbNMTLMJH0M0BdGKGCKBt1qfJRjn0u4HINxSl4QiSAF0XhfJTZxeViIDykdc9cnsDk/kDrhxwxaa/DtEWq1XJ9Hp7JHn8mzhNd0v3E7du2X5PmjZ1ERtbVapQAPlNG5lsvmTjhXytT7Q59SU4d+aglPqUKgBRAjjP1iOniyeFpdr+too7D48/6Uhgt8wrIfhPrHIZ6/RbkDvex2rHbW8xcpur8yL8Xm4fO2vLyMqGWL343BYZ3418Duiw51zgX2O/rc3Mz503MJk8sTKSQGXnlPoCm9TtbRN0kx9/Up4cm2MWdfBeWZuyyps68MGuyMZGN+bUI+lytv++njHM4swGgl8fpa8ReAnZ6x/hivC5WanYtsMxp4MMIINNSH3VTQDGOyfq29BFqR6jf8yxsqB1DoocoPN1+xMWs4HhGQnq9OB3/nPf/H7QZA5QPkJwVjo+4nVM8QtN1eiNMcLtdXMJpE8eoDKgaw6S5cB4MuqnIhwv19WTy9FyEweEgg6t/tFqGgedhDvJrCTqZB5dMyBI06BSgT8aiLI2uYckp2xw94GOdBdGrsmlh6YdVpsDW2Iqn9pDFr1z9sQAkFJrLBsSsZu/WrDyqfjiD5wQLFlDvpJdusbrBxDplBlsbAxYVHZgWQ5pwPqHOCUdXCyC6Wuk26GZMAgMVAZ374+xiHFfmH9dpAw6f3PPhJONwW4I2CxUXvT4QR8qGTxpNydEQids9SRu/Up39Yl5CyOJCSWyF4O/pZWeMTG6Wopm7RCfD/3RwRrwrCFnFeCRiZ3QUU/v68ITeF0mx0ezKPNgnGceGfzcIiDNw4jc++fsnkliz+jpn77xMAZz2wH/vc4zlfYTriTVP2tLJxc2Ec88E3omlZThf65GsHCi78kn36QsbmO4+UsaUIzi8pWquxDjN32De5q+jyvb5JmMKLcbk56Yf1Kcsqus6p32UZ+o2hCoDWwK4E/dmQATMFYeDnk7tn1+4yUWt5nU8bET7zwZHx+5oKHDo/YQN3+mPxu/k++YbD+rXbUNIH/YD1eKSNM/JB2aKyxPhYMQLR9tfSAshJ5+3bTtDSRr3ePTbg7YzMQ+NsfYgiz6Y3COj1lc4e5tPWZ/xs3dq3rVj7j2s869fkI/YxL+9JnVU3q/TZ+w9SiwOWO874ucnAciR7sIKUNEx1dtcqwH1/GG/NSTXy2lPqRXP7SnDbEUfm2d+Sh6VgYyqRvty3zT+SMhxVwhWCkN9Cv6XzLoGBy6Ypm+B9fNRp/n4GV22NWrCu1ve3sC4tZ3fV+/Kydl276OZfqpdZh2CUF93vo6JyVDGuC/SnYOwAfaENu1Dz9aicjmtgKFCKiDKWihbYZQd40kq3DxJpOmM5ApL0i+MGYzJgagxZChDdwpTeWUdwFpsWMrN3rIgRMP7lBviUdJ21g1aGVUzog8eElYz/iiDdFwBfP9kBEnTPLKs+n7IV+WLxy4w6ACuS2Tw5g8mVeHpb0PynoILJ7opDFjvrj4K31vbWKwvPD8i7fnnn0uuE4WlFIF24BPMhwOvgzUPjQ4T9TP5OGAc7EPPuWEXhVoGTKuA9NNRDYI7Q/oI67OTd9vO/DNmz0h5K1Z67SgLnRHIRPgiIVo5HQQqY98pgAXWPJDzACkP0PfS5NDk3oDaysTDa865tcA/CKBhwfB8XIjFn1+qcL7CViw90yJdxzwB1vgHsmZB7Y8m40BEwSvUgZPr+dAC3Whdl5BiD3elsgCSQAo31sVAL9gWM+wMXjhxRecH6gDt3qQUR93MlvfGZ9uFK5lO674adkuWOaZHJkYkQvdJdbXI7SyCG3rbVdtixzKlJE8YBtK03JoyVNX2oE0PPjTJ83jnz7hroZDx+ojPmFxaq3sHNVJu1uUNOGkvUIXopbfhy4gZ7ln0QHqVjza2tfRBz11p2x565saAv/iPZRZ/zSN7acdpNdHHpcyoG0xYy0xY5ZxCoRl4tqA/wEX0FmYbFfsIz3tBV9vT7aPUcHjNd3kgyBCo/2OuiGDNHI2nUP7Y8+1TE7WXkRjW+RDCzSGrvSc4ROzaXDRtY27gNNPNA6O4Horr74nVM7IWv+PHsrtoynzl1rx27aDFgxfiROYcykLnr/md7Nw6RsntI1ai56Q4OvdeEThjLlemaye0sqLL0CQS/rBb/tN3/R+KQLrRArsCKDJU63EUo09a5hx2S9QRaYonnJoFw8TSbMiW0BjNjcHPBRAs2kBoZsrvrSkpsNzHLjS3jd1JaxTwJDeAdX8pkYGvgCZgPzF/f8DlTWZAWWCn/wB1GUNBki/ilrRCH6IXWCuYg5a01f6pOdKyxWwj0WK+7Y8nMbgQaIi8rV+Asdi2LN+zvi7+Pfy12wKqFP6GoPDQUgIe9sNcav/tMNU8G2DpKHPQfJccFgMZoAJLEDp30khm3pKixyOkafesSelMyYIiDjpCnJGTjYBydl3Ew6ayNkHmqgrdYeTRZBiaNgEsCl44onH3Rj0Z4r86qMTIvWCj0t93DcmTf3YbMDPwFe2Vx8+5/MHbC7AaWFomEioJ7TAbgKefz6butQX+9gA8GwCkx63E7h0STsgxzM3bF8fWOfOFdZzgTrtMWWWy5dP/ORZUuxvWXBDUz9Dt2XbfrWbiRRQ3gV24ls50AOksZ92ScZ85cWjKfDWSwAc/YI3TVJvJtRQty3pByOEmMWGGDWqClTunIUNDoYtlz1fDU1TzncRMw8eNGdApnJHcHH4xVzy4LqJpX0Iy2v7a1vr7IY6OMqKS9umXzDm7BvBlXfqpL+1MrD+O30NdEPSPt/NfB8cprgLZXlZOAFp40N0QrNyULN2w9O+1nmkVy5YTGdDFBbHcfLb9tjOWFZvvnbzAVjOxjwxikCX9jq2qT+X/Rmr4aUcRcFjM1cN1Jcy6Hx4L7IAbEJmpHhoYwCZR/0CboqiL9UXv1eqAOeaoZV76smtP3+Bk/p2Pqp8fOyD2hmX+Byf4m8P9CpJ8ydO/bAdv3i0DPz2cWIA3zIGTLs5wP1TyQNCq0MRYIXLvMYJ0i9Ty69w3icElp/vE69hxmd6wXwLgqdzN10iyiQ78uImPvIM8hCisfULfuSVBocSt1zapTMMnziA8jbCrwR+KbpXLRN9NrKJg7b6wVGLV5Mhdsr4Xiri1priqcdVxuHUCy4wnnBRAFhg+Plcd/hgxi9NDsTCtBmbASYEd8mJj3ZO3MuYtNOGskfaYYF5CoyNoou+mTydW+pkg+qAn3ohQyGNTaY/IIRyBjoBOM60qgyO4R0YegYqwKVGJo4dSNTL3fwMjWVmYmSycUCHPsLVTTGuZJLg6gAx5S/yoBz3/GIDAbucACKYuu2rkhno8HAWzwaLKwVsRJi49jLsTqiknUCjlImXhZGNHfqQiYyXXvxMaLoxQPbWjRcdvfjSi4csbuO4GOawKaY9cK4bLSp2x298ireIOP4ofsqPAGZpWYyIM6nO1FvyLWOyZaIWffA03Yn42CSCJ8RW6kBbUP9Caag3PiQNzk3rVq5iA5fKUqq8YrZsTBh7qq/5BrLaaSbR9D/hkFXYOgPI2b4OtK7UZe0gpuz0j1dAEm8ZLC5+h/3087Yb6Y7NykaS8sjjwwnKUuf25ZZ3g8AYCh6hAeStPZTRr/fKwnEFI7Iss4/XfoTC42KGLcGvL9i0Ygf4LvKjLOD6kLzlQ++ijo9T9NnPRcdc4YSmC/3QT4B/fUrcK33IVVj7hXYSCrUvoC0Nyo1u7Zdm1i9kpL6AtifQTneuWjG+YxsnDh3X+1Aj81WvUrTe9Z+6ydF+Cdte2OXzJuA4GBfhg1d51PeoBm0Jns1x2+fBb/32b3g/QqwwhCoFKkSHmRNjrDOkg6Z5YKJAZZz5u2DplB28HilTbPVAWXyO0Bmuea+3TGcc5vItBDk8e/lo5bQIJmDrQZq6Fed3M8puRNxG3/xBcw9eDX8fIFvd5j0KlKljMeT7ZfxqKk40hA3iLgwrR8CApSPQwQ5a2qFpyuhwXOpjEaoPy7MwGAdDrxLMBoCYo5UVvFqQWEy+pNtiZF7kxqCx4i6AY6JwkF9sHqmFZDvtE+ZIxsmMz9ho3UcEefDeAsGoKcAXay/00GywbshIsWdjOZwUAmBbv54pMBl0UeKdApwxveSZkp01dAxQZHpmGzqC8pEVBjZotFEnlk76LP7wcNYBeBaWmAmHNvMp/aFBKeJ42yaTEFcw2BRwVQfbnn22v4bYekJvmwbn5ENBAPlMPNIAok87IdAjSZdWVNssmZ2wCKZt506u7YP4u/KIS8dkXnsAcfDBPyFfw6879R31dhOWDdL6kk0GV22os3yiR1+jw+5CrbkukqU4uA5idJDsPIpd6JtF4yDjK5kyQ2V5F6IZOwksrNjfPkF9kYOMpuVNvjrHB/ClvgcuB5tN2jAogTHImSi+pE64lLHqLYUcyo+/Aa9AWOfK3wVH+8Kzemsn8qjW2JA8fog06YHl2zxy9WuO00+U1Y/nxjT5HOdijc3Yjm2Ftk0gfNSlVzZWVrjtf7FfeWOLY66y/eBXdYygC5CDx8U38rYNwJFmzGlr8vi7Y6k2Whd917C2MGccm383BMXtMzC7odnNvnoSY4MnCtgytnkFJbQoUwdKKQgcG6+kpacsKfy7ODcHiVUCOMhz6It84ZR1PljTCTWMip80xBU7FlygyhfQkPwY6wWGTVeI+iNxEwXjZnDwDkxkr82IApQZxIir/MPGhXau8vQbnesocyl3YRi+az3u1gnxJfqlaB4Kkpy812Ch5XwNzYFbW18JJ/WF/kpLvcnnc9i9337Ite4MFs/8idPBeWCNAF/7QDs7MKIEyjkj2AFsiIwjnQDAOuzBbTxlF5uvPiGmz7qQJNxdGDJgGDTiZ1CgwYGztKeODhylGksrjI1B0tVYVNkorC8AJ8GZMA/ZF1u2npQ5ULMTIc9CxAOG/IkSA50FC/kMcpQx0NksYD+bAh5mZDOw9pDGVq4WtH79lQLtAg+/aXbjleCil+OZZ59J+Z4xF55+5llf/MPiqP7o7ibkdnv+uZOW2uID4PD51BF/n5D65rtupI+R9su4mwjmG/iZ7Dhb6QTZ9srkN/Xhe9uml9/rc2xrCv83RZ2RI7EofA70mxj5xLQZvtoFDL5HH+0/Vq485GzbqXCuLp6aJUnwK1KpW0mPRUnd0Lds26n4q3zmMxlbKrHJlgf0M8hmtZ06X9gcm32Whz6ZeNL0rfbZ8+weHumSoI8ctozepUdh6UqDf2pTlR63B0cGNuFnaV0L6QPbvixsLD6lQwSilJf2tX4B+hZtQaFXsEYmcwkGrv36GxsTw9uz5NoFrJ1I7eaAM3bsGT05qI+2W4fOb9Yb2aFhccZHyIatiza3CbvQ68/Qb39e7aMi+fUXfTk0PHDrAc327QnJkAeVkqSHLrJf99rzFw0dd+VnA7G3J5iHsAk+/R8/YTt5+OABttw6U14tLcvB7RXoH/zW7/hGNwcQ12kjIRCUgS8EaWwMsszalG8HQ/kX1xoXVWPIF2fV58J+5ag5Bl3l2khACis7ZdoAdypsQdFLW26AgkIHfEvWRooHY2iHG+35IrUdDV1+hrf6T1sXWnrSAdf0w4ByO1X09+xiYNj021WvHap5tb+KfLDSk7pHctSHY/kRlqSTceqGP1/KWewLc7b5wlyK3sDgWHsw0UEUHiYVwi6kO/kkMUqAUyf80MCLHNHk4Wsux/Yf+IY3gOm1wZzpLjDFbdkRpCIsbQdaJ7MOXpSiu9CFZPsp2J1Azisi2Nu+4wSa8pUdqcqGMaVKNJPyN2Yx5sFBBjy+euklnt3I5Bc5+IuAHs+0IuL55+bnhgEWNiap3Rigu7d5upizGdDW8PfBxJdvz2YTwD1KJhLq6SQYPs4ueJEWcqjb448/4TMLvM+A+gDIAvAbugimB8sHaBvFj/jfdqjtYHeCX7yTTybKXdApW/rKgIazm9KiD6hvk0vcjWbnpU6Y0NQ+2gYfdW468eTZeHH7hvrCwsaIDRF0yqiqQOlt1+REp9xJFd05wMHTuHWERpvGzisgR/9JxniHFzr6HXLR1T5Ue8NRt57l1O9l/kabDU7HIbhe9TlproG+0DZv2QGXJCBtXIbtuxBiXOuYPgJ/6p5kAL31Rf2hgKTZgHBiwKLZS+GrU/8kCfXWFWi/qB76L+nq6macucQ5JQFZ1GV/QdD8jFL0Dk190bHae/PJozs86zPGjffvE1xcMW94AerqLY/E9tnUh7LPcotkaOzbzIPQy9sra+iAZsctcyQAjRu21CEk8kKbkvFt/DD8YNHZeZb6VSc+4meQ9FvL4y+eN+rJRvI5tE9x8W14bKME8j7341F79rYOv2RQLzS/5du+wV8rABJj6ObsvHrTiILSxLESoZk4kQ2bOKGVOPmSG1xR8s8x3Icc+SwvLYBOYGWKN24eCiq+NBZv2vKWqQYDA6UivdLpLCYOmjtwB5XMQ2nqG0qMH0ZzgbvlnWgOPRf+Q5YBhOij/GFgieWt6ULltFy8hI1JsmDYcf25IA/Cscj3YUInl3S4Tpj1H4PT8vjfs43gaQtwDlI6JLQGIrWaVzV9rH34gNbXhOWtZ31wXQTa5068ZRfcgU+HZxEKxqMLzzkI0E2cL9QcAVupj6aDC0CLR7dvwSJ+KoB+JlUXPeimXzLZ4Td4GNhPPpFF+PU8Z/DZTlBMFFIGhuaNj77RiWd/RsjVAPJMCCzgQ1y7w0Pb9AGmLIrRy+0K2pJFBOHUGZpOSq9xc/F47ACY0FgkkfeJT3zimND0CzFH0vVTJ7Rtiz3gNZ+66vejLXrGpd/hCx7a7Qvk2q/Kv20TLUOfPLKQiwzycPG50FNn2qs6qz8JfVZ5tEH6ZvxN/ZbXWwrxLQsoNLTdmBYYeSgjFzvvwuCln34hTfHAlgmUz/iBgok8GBcmJ24ObYW0eNprrwjAhM2MOzcGoYO+/ZRFr+Xrk8pqHbDA+V1c+Qh4c4HFnL63YTcIpBlH64eN2qfbdq0idnQe4RmW1Yft2JzM0EJcXyHKMHbBSxn1ky+xPIFrW+vHlLu4Z74BwOMvgPbcB3uRAZ7gJiBwttX0P4L42sQ4MhG68rYObDboU4A+LJF0HFtfbru6gQsvi73+lK8cjBHy1InqtQ1bz3oiYKI+s67Yr83tP+pPoG38x1bmCB8+rH32E+zW9tqGTp9tSDqIkR29lO04heY3fevXv3/sGccQWsmxrEYw0I4ylOLQk85vFAWH8fCck4eFTSegRD1BEyCARiOLEVbXphfQZtkEO12wyqb0QltbRkHAMoqJtH/SyjB3D6Ap/1mKjkkGqveE+/kFdF/LNl17W6ZF+VDSvIkigIveXzEsz8io3tNP5pMm/2IGGouVD6kx6BLsWPjxwr+TtnLy3U5bGbsrhmdUpCHum14bRF7kTqKLARPLFkJ3EVDu8hN3QcKmneyWgYCsfCfZRYsJJuiUUdpM6yF18tjNhoe2Lw1fBemsWMovY8DBnsG1TzULodOa0AEM3p6pPmKeyQNfSRNaAul9wJANF5y8/Ag+yvd/D/C3Z9c5kFP/BR//d2Pf34i7SIOPLAI2Ip8JC59xVQhWZD3zzNO3T3/66fFB67Vh2wdZkzjS+uBEN4Z+by0YOrGTtp6kbecQm1+apaMAYr7rXyyqXcHJW58Ti21R8nzjy5UDrnXido0bpgB9gV8qsKlSi6R8qVR+YBei1Q0gD3oC+PVvaVbvtGkFC5aPHOj96V5sAug7HVelk29YnbB38mahjp+8F81CELr2f8rPCV47hq+v/OWB1tLUz7Diw90MnJsC+Km/fp4+5GfqsnNm+VmQ7m4ofLiNsvDSD6wPFgWnD0BreuULwbPY3wdpqB82c4Se52x81kYZ1LEbmPopdNgcsdjku0GyGd+z7LWxPxmuzeC7oa1feduo/7URedqeMsZvb/Oh+/STvk9aucEjhyoC4vA9tlppvHaCfSvE3ajUn/rIsnznQz9xLtj+hZihQ7fzDTjqTvurE/vwV+mJGKfOWeiL3tYXihRuSBn6HvzmbA6CCYHfFkDCF0xiNWAatIgU92j+TiTIU7NaMLIqA1mqOHRI51dxVRUNg4MPvKKKAdkMNJYlE9zBI/+RaTCaY2kTjIwnE8C0SQZwIlG1L2jTPdwV7pdt/pU8rd8CafPisKJltS/hFfy/FFwqFKAt6zc6PK00k5Qbg/OnhrtTRuehbROIYFQGOKvuprA77E6QlKcODCw6o5TAIcnU0T7kNpkOS77+GHobpwS9/bvEhfWXx7CUZ5KxwUzKoDvETZ5i7JY2+euVEAVOWD3Iav/JAs3EEJyTBMGJOzQqIIKOs/rX3x579DE3Bk4I8dVLWaSg6iAurfcRs1jhS+zm75rhqb+hOkRLz89JucTKJMSiB440zx9gBpOml2Zn0sVGJ86k2Qwujo3BU089I54z1dZzxvABrXOL+CLq/EBWnomnexx5EtVaiW7ksIWS9d0sWoC0+VDXlYtu2ynp8havZHRCF3o07Fnh8tSG+ovLzHBhg2+py+JRLqBjsXVKCE0n1MqoPUMqnBl0Acekm/zigE3WlrlUbN+cRSQLS+tfPhYwNwCRRzlh1WnjoWdw5KdsoX6+8pYYHsj47XzlkJ92SKyM0DgHYOcoqTwEgTvlw1cF66PWv+Utq+zEhKmPD94pTxLrwJktiykL3fqFhZyxZZryWfyUmYA+F0b5ydcGN9pZ5Hcz0TdgJg6vz7wMz/oFD3qGHxT9puMwC2l8wiKPHVRw64UO2I2Tr02tV+3shkyfjBZiwgJ9oPMPstIvkvJWUHDiQUSAbZAJEP9RQVs7H/rmzt1Lt77Cl9Z3bEXv6rNfJ48sdaIv8z719bYCiiRYKLWCBIybpAD95JcEIKlyOtbkEbay27kIW3pHa0Gm4Rx6qkOaCjZv6ZIlTkJRrQcaKxkniR5Zoo7QogoZl5k+YRWk5EwG7mReAYffHgJbdqVpshPSAaTNtw5HUTK1m68L/S8Fh6zCYQMhHQZ5LBy8Y98NQfLoPHwWkAeGoOxAKfNe3stzxSCBWw+UQUuQX3tTtybvgvJan8L4AHytU9+RS1k7OBgG53T2wRM8Ux1a8RMTsIfQ7U7hblnVEfYqSE1QIsT5rkzyyoAkM8Mubm62pEtRBqwkiZmgeJfBI294vXn8tbdeSg9HFwho0eGklI7HRIMptA3ltlH8vJuHxfPcAld9mBB28HNGDG+vUEA3E49juvWAnncePP10364oQQKTFOUL+olEvkhvkfYTcH++OmlSKKF1g1za8Q/lzhNDRn13Y1B5EJcmidqS/LYhvqbOu3C7iXuoXUGnjPYE8AE/zQQnab56JhifiQtPVXVRDM+1D61MAPoqQ5CYCZULIbbZ2/oJGfzUcfyAPOrCwsVGIGmhYqzfpCozgN690gBghrYnjXzNQquJClpe/HT0bSDRVa42pR0617af0F8xa9t1NwKwQecCFNutE/oVVnlANzgdH9tm3UCXfoE8izJn624MQkug7V3IyWNbFn7xF98AqhtU66Tn9fHaBN700GEBI8JbEMxf6R/YjWxi+gA86PMnhdQ7fMx9I0m6jjdCb02hnrrZtgkw2QfHrtKUbumBbgS5wlC5XhUfg9efzh+Dp4bSRbZv6rS9sKdzBHLxOz7Y/wzx1kN0QMecvz+dVl5kdNynbf+5b/sNPnOgwCNYJmBkDaTztQZRPyWij4pd2La0ssiECLrS160OaItSYKgM88sb5AyXC9TOBahv84rlwshLDBXmkzBdamFFSCqAaCYazB4+4Zh0aU45B4y8hdbjLtzHnfkOzAOSJoe+ThCXMnCU35P1KwclH+bSsb2V4M6TOlbvqRMcTuQMm41Bg5sDFqoEFhXONstXMD35+6bezQ/PBSmGr0HhDepLJwe39bfjM2CTpuMXf7d80wjcWpNzoTIXKMJS7Ka6S0vhVgs50jAKQsSExkTCosuAc6Og0FK17IEPCrEIwb+bKPwGMPGpM/J6hvN6/YlvC61HaboZ4L0EyOmk+TqvQDzzzDMObBY65LPJYOJ24+dl9L4PAVlOVFbqNb786NOf/vRsVPjlBFch6ov6Daoc1M3cCaePCpA76SdGPPT4YNvgmoYGW5BCxkPe1bLpBD9tB/tV8N0wNK8/VyGUlEcX9q0ugMmbd+ZTR3Do91XV8bk+kQMl0HaihXB1F055oxAjgpsxPPT21YXBaRd1HD8g38Uydog/eChv3RifyVrGwQfbpBp65abN9K8YTVIGsuU1nOn1PbGLbvopfanjqP2tfmID2X5WWQQ0rJwddyAXR9z3EtAHyVd+aa03IgJtIzYasR+a8Cwo00+OkSl+fGY6SNL8EV2vAmBr+wYLs/3AtsUXrVvpM1YcP5VTX6ysyNGflNdu0lLF9sofWuIE7NDegHUc2tbhLLN/kYwuQD70cFVDefF9i8QbhgYRrQl8ySemnZEp7/hXQgqJA2x+AK6aIMeHmaOffrSv/7a9k6/M1PE7vuXXv18pq/GArSzpKUwGI3YgUk5FtrPXmkDKEO4ES1xswYoAp05lwI8+SkhSEF4ALLq6mRimaxrQm9MgB14pl1zzQpJLhyjtNGZCmDwHiyWH+eIBZSmOLxmkO312go01AF8lnUAxckuXMPR8iz98WzzgQLnkXxVW1X3SqQ/AhMnC7oJEfaeOABNmfdJ2d0OQ+MhnoZI+H/JXf9k/GIwo99MYuNZ19dV3bcMgLRMQj7wmK0JW6GdwMjDohxVZfqPGIKvTjGl4GCjKB6ef5/mJ4aP+6ACUFZKtH/V1AhlZpE8dTEQ3byVwS4BydvOUkt5J10uer+PsHtk8xMWlX8YDkw+Dv7JXZ58h2L/kbv3Z2LG4k+ZKwU5mAO363LPPpiy2aMcDz5BoRy430n6f/NSnejti2g5ezMFeK4wV1HH8AGjfwFaZGDrPrsTVRidWJ62WE6SPv/UftqIwgNwtB6izPli+fkYONtbmA7CbiWcyTa8POePr7RXqD46Fi5dQMdlzNt73TJR+7UC3/hgbC9UvMPewMaA+8Fl2yjAkffSTTROmz2yoPC03ia2kd1EDC9XKkWN463fSxKDrexdn2iB5NvVUY/sI/Y0zYvoh+bVjAzrwzV7id9EMDsXIY8NwXBk4eKaelGdTgW581/o2TQ35EyJ0cpm+9px1kgb+0bf2utAja3DYAwN03YQgo/qBpQPwS28r1CbK/NMlysIDv35I3P/YKA12oLN9iXpUh3wJlVc/QY+s6oSn9aDuEDvfwJe8aWLK4YMj9J8lpJ/SVtBQN+S5eVDHtmvrsvNz7WofoH69yoHtM0eTSxlJ+Kkr80UfYu6vxhwbjIGADyQ6AUbQGogQ7kMRnCCmUgi2dJxPADyTjAwmSzS3c1IGfUM4/A4zPhPAecnFdMoiww6UtJXJoFOnRamglIEkkAp9lEob7SKJ64hCk5E3Ryy9Q0PMRI0D0UXgci94nL3QssRhU1/o85UQWdR7aGoYPhCVmMY77cF3V4CHcnmLMc2RbqffmQD7L5KWDu3QJzIHzwYOZGKHJIOfYLslRm87Mf+q+Lx+gFpPpaydaq8QpNNYDoQ/NmFXCAx2dHH1Bb5DN/x0vPXA9gvY7PzisAkroS8laf1oujmg9TNFscGzg8jdyQnh2j/0+dLveiR+lM3yq1zOprN4cFY/Nqjj0JOvCUpSbGXvoJU6X/iXe5lMujxEqI8jvPXspIG+jrfKJ88kgHTG0U4wtaX+4k+o7E+opc6h56HRp59+OoP6pdub3vzmPrSYA142Br6Twp841jevy0SgjAhho/HJT3LFgPalnWm/hhAdfQNAZvsEtuOBjlVkOSjmrNmD+rsotP9un7f+2K7s2p+cZY710DJBU95N6V0/Q2rrJd1sceVPAB8F2pGAHwlsnqCjv1nP+GXnLnh43wRXcXjaGzmvy2Zt//QHRnxPPatvFbZsdZ0hdY/fCOTh3cWKfOOy16e0aWnqX+an+DZ559Nq0dek6OcsXtC6aOjDlMR/0OzGDN/iy10wa0vbbBeNIPg+7IKndUBife9CFDx8tW/maO0tHULgI64cpYt78Jq0J2nzTYCnbqWtvZUFhGc2DfSRa98hLL3tYb72QQuoe2i3/jtWkLn59AbpeS6gbdU5itA+fakLejjwDwVDaDk2amIQ2tP27/htf95NA6H+m7yyxp+H/i7Q9AOfV9AXoVVJ52P6MXzKsv6Uj8yE1pe4cgH70tCgB9UEximbM65q8tDzYwnbJx98+7f0gUQYqDgKieEFMNbJqB4oSFyaYzG48FRScvhr08OvYeQJU8EDQGVSiBVm3RBAY1n5r8ACWFnYeKWLxokB8JRCXnlJWCRiRKM1R+pTrsmr4yQ/oQPrCtDbiBQYWXNtueO/Cyz+au/CtcyQw8YGL27sW7oc2NB081tSHjN3YO+xMWmSXp+zKNEWPpgYn9C5XDhgSodQrRL4xi5wtUe92kcRekupTBmL61EAtZYfOAIdemmDoP4uADl2YuigaDn22oeCc4FiMEQndbAjLyAHBj7Ix68xoDaO7su3IN3ST0CPk05i7ciEMJNQf3L4iA8kIcUJMTwO3MhxQCMDDevP5DFzFzEHauqG/dQVfcghPPf8c/7ZErxPvulNnfgik0mFlnrxxRduz4YG2kcf68/12Ag89/yL2TA8f3vm2edcOI/6Ype2tS3FWpAPOBQJ9a+WH+WlAW9fkKo4NwFDY32ZtNRTf0EDyH+EmXxDW1siz7Yh0JailLswYoTyMLarj3g3HGyo7M9J4zOeSneBiT4EWmbfD708kUTMkTR67tra+uwCdUL7KDE8jZtuvjHB2STCK7/yDnrKlmHo2k5SXOixsLiOh4aF+htcfb7tQNgy5Ut70p/jb9LGrWv5dxOJv+FbGnza8XngRhdjBr6rneC4EgGw6G5ZdTRtHcdHm8dk6bD3kl6a65whTwTsiQlgn0p8nBSEBtzKUG5seDAbRg7aunWgDJ58TBdfqm0NZOR75Oj3pLtpqIyQlDpxZSYc/Skl2DzjPp1RHwDQa//kAW1Gx8iNwmwA+KO23mYk5mVM2o8A6CfA69VOrkB+u7cVmFQ74JAFbKzbVECu1RUipEa13A4XtPTgxtphM8+kxyAgKz4g1RjVhmPX0rRiKKbFK8TPye+Qkrb/pw4uX8PXv6lMvIIEEshvkjJsB+gwdhBpY28mBFPBgT7SI2MUBqZwQNoDtTTltY6X9ObtNJO/4gFogSvOaoquD1LI9wGR4HHoNzlpGNExScJnMmE2ZDNA53Ny7Bnl1Q9lSAb+kQFQdnTeQOtAAZ/yF0c/Wa7g/FZgM4aRvfQI2vwMLDo/k/neByW/cuQxX7uA5dsNyk42pJUf8NmJ1Jk6wDasdAzrYBYkZ8pA+Jwk1J8wNjLouJfJrwx6RSELTmTzk7Utx8b1OfowAdxq6lWa9k1oPGuJjhdfeNHXIMPD2w6RyfsQ+BWEfSj1ok4vvdQ/xbL8jdmkZAFEBmXI2JdZ2XuoK9XRdw34iiJwpBcvkB5aaERNXj9j60EKvj7AP/illzy7OEAIKTRtE3QtnxJMn3HLYDryZky2Lqmjk39wK5N2xa/o5RZKWfvqaW/FxHfbF+zHzAW0O2Mh+G4Suvn3mHj1RaPqaxPl5iYuvqF5gDy8AHH73fbH0gNJJY1fpk2C70aGdBcj8vj+4AhNx0SB/MpALKHjCDknHdDyyiBQXnnVKYhuW6+e1iW0oXM8JK1dypk57sjXjoXFVVZ9cD+srV2Yt78U78Z55BwLHYLzvXnAGDvz2fpfw8ojvtreODTgHd+7MagN7fd35RQog6+0wG5ClkZ+rB096GWMLFgWsJ9deAnmCUmvXgL1c57hmDI46WNX/uok1O76NTFXLL79fb/u/ah2N26jSD9flxg4yoo8i0ZRQNMnDdSAVCLprdgphwYqzTZevyuHIUdZ0yubrwHTCpiTQl1x2RSA65OlZVaiOPMuevA3X0cjbnBG6IeOhvEbwjvp3VDYeFBa3nQFFcCtnwDS1/yvBNYfha2Nhv6SgH+W5OTvAMF+Lj0zae5iha1OktOZtmMXth4VGlJxnrXbj4KmbmocbVPXhkE1ClTOfSgtE+KVcmiD2wEnTdSsbjq39nKpm+MyaLZe8IzZ0uOgbhwiw4K7Bsk7aQhWXn8mxOTUPHIZ3EwePBVMv25/qM71I1cCto/UPq4I8MT0Zzyrp4wXHfVBwj6bsGXg2Dz4QGJ4uSyOuUwGXhl47lkXfmh43oH/TGDyBGKhf7/MBgEd+u4eWI857sMVHzIxzaYmJIPEJmWM6K03C4kPvFG+NAnYsW2GzGThkpc0/NDdhdICelGepncDuLLxPf4mj4/4wzD46zueN+gkykZYGXSB2QwsbJpFoKY1PvV1Q2mdpo37PTjqIL7YlezGW9RBLX165cSi7Ov1I3JwLJqJhn9pD1g5kNQX8F7papfMV/RDoW3QeDAHr7bggxyrx/bN0TY9hV/bHdY7aWhzrL3FN5iGiO/xwwkpH97lK/1wTBoAD+8ZNl/5i1+6K4Dbk4GtB7KJTS6vtiBty1oOtN1TP+MC5dVp5rDhKFvmgZVZnsa9PZITpSkrYb/onzyQ6LzO4ViQwjgcF/+dm+QH3/bNv/b9MoCQWOrAdN8RcsAWAyYQ2fRw3KmMC7UJtJhoOgGQdM7EoDgqJnXSfBLYyccLLUqeUiWSrpDBnWm+pJnKQlYXUFbeChDReGgWDnsuNhNd05aZCyhu8n6dsl4NtjF+JfAKOrIPYYWMDcHDyo9sCOjQL+bsksvTXG7V9tiNHn0+ddN/y5nIVAqwvb7YuIutk8iQ9wyxtNCBdtJIEEeZlCeoz7puCAztltHPjsEgSf2IbOqu7ISzvPrWTpSWvgsnNd2iToYy+ewNMFljJ4cELuF7CTRIZYXWM4vIjBkh5JMjtDyAhe59uRRnB/uvfAxccPzMjtdWIwsctvHTLhYRnoVZOgI0x5lvJgY2F888/Yy3G3pf/TW3J598wo0FlxU5E+ZqAn/X7JWJrav2+a0P/KzfAuuvZkOVRMtaTiT3yCD32rmlI23ivby8oZ0zlIkOXaDGpmaWZmLyfJAJClpRLb8L+2Bl2xuefWe8V0yCo934pYLycuzmcusLgIfHM9Ox47BRO9r2XWS2PAQjw7oiBZrhb1HLVxVF0igDv1U35XINr5D0LkDbZ7s5qf3lQDB6KWta2aPQOo9I4uanvSZ/BfsFgIhNrwXJqiNBu+bsk5qjc2URn+M1MfaYD12TlpmHP2FtaloxxqUrgqibp+JO/JknqFs5d2msRrNHmWGQpNee1gdc8TCaBj+yxQ3fyqnH4h+iA1+wD8VnJ395gbt6a4fzy/FcRkPnMLSELrTQ2SbISext1ZTbBz1pKtS/kpR+LU36wW/8pl/j5gBiG91EGxxYI++AqO2Iw3cFDRiJd4queRLkN27nxmVlj0OJIV0bEpUdjcvbss99roW6/NBdh4qVbGiSMZAPVM4Zn4AMo8R17qpc3jOqTGghQpbS/LrQPwSgpYEPu+4F4Jq+A6BWV+ChNA+D+IbFn3vO+9/+LB6wV8TKWTuauw721rE8QmLKdrJMsYGRf/VxeS71OQS0PCWmW75hetzwHZNBUNw/i4rkdxD1vjwLKPL6ZPJeGahuZBJBG5S+oP6HIwPY6TcEpCxufXvVomcR1Y0tHZTu4hP3fe5nXelDvV3AWT63Q7oxAHYw8zM7NxIJPDD4+OOP2zf6Doo+FErdCCxYPNfgGxNDz4OJbAxax74WmGcNsIX6chuCTWAXR+oy7YL9fAVa50L9NHUznJPXHRA1fMgKzf4sq22Cj1IgCcRnf4B2ksHe1XPmG4Bt9xQJyNlQRCOACXT5uNdKP+Aq4v6vAuX7GmqtimzkqO+ebifvxHtFgUMa+lsC/YsA1J7ISx7f17a2SQ2skcqbsq1QUOI3LIzk4eT2SGRByzFkZ1y5VxmN6utXyE66baW0YKgb1D3QSX+rraVvHWu3ouAdOYcs8hMv34IpvpxXAYWYcv4wIAssi1riBH1MHYZucdIO/3HXL+GQAyEIyy71C2+5ClsH20ofLq4BrvrwpId06UhYlHhUJc3nYDhopafkkt+Ab09fdp6xP2XeoC97W8NNGHa1n9sclVg58o7t6lifFa9286SmPfNhniTx4Fu+8evebzWGoICiNJoCFWEJKcHEdo6CqvZswK+mlRO6ZovTwFhL2dnJ2mA7mQIMhcOi4CBrCZCyI9Oy7iZwRAZkDmxaPnTQwV1hlFPmTLNHep2D+uVZaNHYNmV3Asd0dOSR50MOMB/YgQMQb/oq65rf9H0AU5mvLFuZrwZOcIn5Y5Rnnn3WzQFPu1vm92nbtYPChWQCJlUKtM2X+1qnTir6fWRt2U42dGDgvs2bbxx/JjItmjalX9F2Aymj+HAV6UTdVWehDu3nfDBl5ISgkzWy2jfgLX/KR7ADpWyF5GFnQO59RwaucfLg+uBPBuywUMYAZWFH94P5Tf3eHuDMH5pn0w5uArhykPyb3vQmz/TRz5jhL5T5X4BCpdPXMYjbBGwO1h5sectb3iIVaco+/amn3DD54CnjjFLqRhXHB+C2Lt6OC+guJZVu231h+z1g/dz4rE9q3y6qyCKQRmYn3OJoj53oVEHR0JZ+cPlCnle2Apu+2rb0yCLNxoC2ZGO0/1xJO+H7BWzRB/Akr9zkCWsPssShO3ltTYJvdDcPMA/Vl51soTUSFGd96YctWFldFHu1bfVaVrLaOfUFKEMPAIpyyhZfulNPfU6+vC4WCA8ZtNSbdMsakAASu9QlvrLId9HBduLa4i+mIAood/LE9C+l7koegJTQfgiifICx/IloD3kpiT6/i+KrLNAy35D2q+X2mbEVPy06TG3n5GRKUE7LQFdui9eug7RIWfTv0B5xUPpp2mnTrIMVWNwxHya4IVDBCineDU3wi4WPn5N6dWtlpBwa6RP7lkbL+isOy5Le9jQff3GbFH3gvK2ggQhJoCN7PxSSpH0wQitiDONhaLmE2U7Gk9U87APQ8L2fiqI6cEqifIR2YCUD6goUo78DY18WEyx0ye8vI3QAlTHXhkOfmwLkZ/JDliq1oYC9HKDAhzLx2VmgJ00noZSOXmi8Gqk7AVhZhZaTr6Ye6hqaaxq45vXRBWggyha/MdSm+RiiZcoAUuYV20Fy6ERfKLiV8NRTT3n/eeuCPriXtHKbBqwNCD6WNQ09yfv10Hb6CJ9pHwA52yHNj6wNW1Z7+hM+2oQJBRkpOi5ZgmMh3kWS+o756t26UIYNIvXJ9FXPxJPIx8kB65ADCvtz0CcJ5P3LVXk7gNDrQzyK7dPvPOlLDJ4FCB+gY3XRv9dXPEyIXU8/87R/qZyMdXr0jfwJUt/ljiyuCPAGxOqF/6YeaPb3+ZxJvJT2ROY73vF2aakT70BgY8EtC8Ye9u843jaJmNabqocGW/c5BfJjbnklJrO44jvR9KrJcaYNX74Ys7uJKn4EBpquwD3KVh9T7JgcFvDLv7ZsW6x84n3zm7gE5qX+1Xj7Es9qEFee4oxXF/MNvQl+dIif+cjf9kdfeaGvX4G2cdtRYmuT1JQDTYFvyvGh7a0vG7O9lWEdA9hS+9ovrS99D/uGAhXovcoC51zdTyDcpNVJesOMqfBuW7nYJ+bFWvTl68av7T3jbvRUDmOit9aAo60s2/FtSeUTpj8Ch14yUwHTMsHTNkZn0aSbJ9k6DY11XZ2kgwodrBVdRNsRhB/pkCHt2N8YH2Nf+4QgQ8sJ8t2DLWMTgT+RxJxCWh9WgKLqk+peHBntX9rk28fazsBVL7o+97neJsa3+mD44baPzBgtYF/7MQD+wbf8hvf6awUU2elocN+ilEETMYfhfKMgeS9vMkjEdYAQcy/V+6ga2cqUt8blC5bDAMsqZmgD47Aam0LZoCuhk7SDNDLYdYom7oQCnQ6hLHykWxBYHdpzNwbUF9jOBVQmH77IEepoANtW7No71IGRSyjbAavrCocPAmdnLu5aJmw2caiaXHri5PWD+NrQ8nZMLl9ziZlF5W4Hk8Ng8oBOktjtJKnspUkuQtu5JK6IpJV0qYtBvjvCD1g8MbpGi4PxKEugjTqIFlM49KccvH5M6ERWutpKwG76yvSr5Q1Ytn18+IDKQ28mzCza9HeuFngPMGW+H2R0dZFBfvlZnM5NQn/njV5/kvjss8fEy1+vMhk/9uijDmAeMmSh4zYDZ7r4g3cYgMdDyovv95cLb3vb57l4cUWIwBUKbh+hkzbRX/rurNf6WL/Gfuq3bTAE0iwwuWweMdgNrn2p447YjVPkCci6+Jjytkt/ggmsv5Q8X9tG+Bffm08JOmkjcKSB2nvmrzbhJ6/WxA/geSmUbTj6NC9f2zZt95Qlui4GyBIZqD6gecpAWQfmUUlJN0B3lteuhfUBoC3EzcLmF7ZiG/0iDJXDoQ/OehfqS/Cru+m28xkneLSe5jeAhdeouN0UgNYW9Z489SfxPVkToN02OXDEy4OlY9/Jk3SCG1ZpIaKMRNPrm9arvKddoRmfki6ufqz95enYPfVWRvt2ZaVs9AG2j/LMSk+efmGYIRfOEg3hzg1H/0lEifoSds5cu/TL2KkOJE4MbH9Zno67K/3oCZgSV3qSk1UOgL0PvvUbuK0wu9EIEh1DmBfJd36kQ/dSGgYyiaFilfCUr/fzElOWZUSlGkyATvry1CE1KpG0JFtmiXKBllU/nVLWflkOKE8+ItKXctOVxWZCrNnIHBrtCt3RWEO+IJ1lzVOsrjinR9XA25okDK08W4ZPiv5l4eoT0gvaJwRnfUbBfJcyvCeLUD709+U3LBr9jXvtAtSZtl8phdXXci9n2rGbBw6ThlY5K8N0rAzRSVd7GCDVec9YICi2kPDswFhbnQTkSV6Zp+AddCvzkD8x8ggAdLKm2JcjbQH5sRnYAUY4JpIMvt4+6NP3xL3HXQHQKAV/RY6+xhPpM1ytUVboOeunLaCBB5mvf+QN/vYeHdSHKzv8fBE/EHxLYmJ47IOJ/ZlkbONWBJsKrhLwjAFnymwArYt1pT1YWPhQ53Ojbh0jY8sA+QKUgcIvfFycxBvVJxPqp7YZwNyCHOWLaV4t4FhEcyB7TBSvQjD5dMKHdv1aGh7SXL/Ajb8oR/8DnkXRntYXv7E5oP/SVm2/0R2BznHysxHJYqCugCbQeuhvDQCtHTu6ePS11dy6wa21ufrLtz5rPaj3kc/B5wr4TQUXwKenDWdZZZ5l02yDq36KDnsix0XIMlQ33/LKMVSIsoihh6Zt0Txx2wD6wceAbRcXOiTxIdAcfLURSz/ygcofefBe8sTL07FIO6E/bZB0bSIc4g43wbuyLAN/1KOyWzb5O7jiBWVjB+niiLQ1iSUTzGN7yqJrC++MK2KPGSPgFm++ripL88theXJTRQFc7SaGGeTKIrQfAsgCZyIKdpwCD943Vw6QEFGJX5vJ6vkMnDekcyIzi38mJxi4coMSBHjrYYXFAAbF64/fUpdGszN7V1WZxZGKPGWGdo2BRzBP+aaxrkbbYXC0yCwuc6wcF4sULmsHdYHU6hhNyc/kOIgd8K3bLIJbjFz104wgKWx+4S5/SfhSL3yDl3YSyltkYNN849fVuXBSkr7wTXy1kwz4iuzizmLUy6v1qVJSTocCaqNc5le1eCesE3fQ2AmbRk8heVCUBdaeK6wNDkBsRYf4fEFqnERizrKPAUsMgTJPqYesLF6kq7Ni1rzW7ZQJSJWkZX7AYxFyKCwoM/J7tYBbBznrDZ7f77PY6MOwwoMEJnie60AWslmc8BUb6b3/Dc2jjz7mrxLe+MZHb7z3nP9iYJHxyk4WMBetCH3+uRccj9ACnA1jJW/3e/LJJ91UsOHgBUhsSLji0EWmteGwyusDarrJZgsbA8Hrb+o+CNLY48SHv1MnfU9e39T/XXArbGXU/wunYq1L+WQbi8v3JW0fQUY++KJnspXreMlhH7HfEUrfP6bqXzX7IOf8ekGKwyYVHXYgi76g/w+boCc4QQpO/uE5pER3bRpEwMl66Aik76kV0FlYnzS9oG3EliVEbmWKPoC8eo5yAvqLX558m67PGFsTVjd0yMhhHxAJX3lLRyp1NF28NMlUv8TK2StAPUqz/KWnHBuqzwAuMe108Cx/ytgYMCZbv8pLibqTKU47wLf9ALNDs2HruDFH2yLFw1R7Tl35NEy9yLQO9M3WZXWvHRuUxSEbMmsfdW3oOlAbTr5DDjLngFktS2Ny0glQ2g/lNXunjHjr9uCbv/5r5rZCfyPNbvbjn/zk7e//g394e/e7v8gHFKiku+FY6dlM4ogR3wn7tbcXsiv/3u/9azlzeXMmyb7fnUFlzbBgg0Y0cqFJOXKR08HWAQUvnIXS4aDtLMUhsfpJi7eMCSKADgouULk5ZE89kIHMOEuGgW2YpqckdD2aF59EHQsycVkOsAT04JXp5yQEtzKuesGRprE2f8AkG/F9lkk3tlhHDjpd5DCZPp/NH2evQDvCyat5d2wwipTzrEpcvpAtHaQHX/VT5sKbD771XptmEZ/6gMOGfJQJ00LwFZMjCQYE9HZwB1LlNVSXlyzHZ0ClhT/ms1Bt3VrAF9Lr6+IGkkbu0peql7dZsF1cKKdfBuc74jOOAOhYuLldsBsq8tBhQ28lPJf8g9sTTzzhU/O9B/46F3p4GHN9RqD1fG7eaMjGAWv2TX/IrIxHPJPmKgJXG3hIkc3FUSmMwkmm6z+Rfi5xwDo3KW597KRCyGE7xNf6nPTYCV/Hc9sLVH03R/LwhqvtCQI9ieWPavtOKCgD1zZIICK18qPTS6jUheIE5SAXHYruphh/cUvUWwq8oGrKK0uxgeqvbPRjZ/SDTNHaWHvOfOtJaN16JaG+WdmUr4wiqgdYfRsoU7c2Di5gX6DQTL8674mpLumJrnykW1+Ir+XOgcHWHy2L2aXjmPGEPbYHtMsrVWUtbmMcSQSVWfNNt7xQ3ITJH/IfEuxzsUVi6fHz4ESuHvAnPb45Nsojp/4VJSd6227riwbLI6N+GJprOfH0gdKGZsrW70nZj5YHGQvaCY4yLSkcqRiP/cgptv2/QL4yDWsb2HyBG0ZlbF9Thv5AsMWCMnI8eN/Xv/f9dQaTWgU/8fiTt3/6T//Z7Qf/zg/d3v72t3sPFBqEMhlpFPKCQyabisfD8zM/87O3v/23//btC7/wi2+PP/aYA1ID+OZrAOXkKUfe2tXKzkBM2my+NDU8TpQn9cSVZ3YrXEaK5IcPmR4HW+XwLdshF5blP4jlO/CmB7+ZDRU2oHRT8FZ/Ga/xhoUjPXH9dSlPwA+8Mlp1pxphGxcWQjt1CThz5Yx1F3pA/wV24ACgCJUR2qv+pKvhVHqtw+rX0ADel1KBpW22A2TrR7DPQCeOwcrl4tEJHr6EHUgOAuqGXA5FV97RV4O3JyZ9veKl4MBOHEc+NkWo6eXfgYwJTPxcNfCfzaSBp3jsAYHuF3PWzq8N2CyzMQCgeeaZp/1VAovam970ZM7432zd+rxOdbIRYCMHML6Qw1UGbztEb9+O2L9n5ieL+KA/0Wu7vuBzBn0AkfrZJuhAQazm2DoBW3b4mDTHfVwC8jqxnjyQ1G+1n4M0k56FZA9adMdXqW/lli8lxvDCIp4c8nDyAGlo0YcdCydfvgL4epK2uw9uzq1P/AYdYrkErszklxdYu5ALrB/bJ097wPWSdm8DHfbFNmxAx0LrothDxtbtqv8ao68c2FC5JwxPPpXdkyX9PjwAtrlRIW2+/iPmKE1TZzzpBGR6xp+09QNn/6Gc7wkXnpYRn2BuvrSXpDm+Ssv3yujiHUzCtnew5sG7qIJHHmF8CVR3aaC3CFS+lAtfyqrnlGlcKv0th2Vry+Th1b62C4nKK51XsZWy/KUXO3mMgmLtyNfYks/Ip+zqJ9kyV7e9iyeuP0n4ARvipiBY2lEj/QI2CLCM/Q+++eu/9v0xzZ+1gfTPV0Lzq77kS24f/OAHb//gH/yD5F+TxZ7/on+DE5aVcWD38mhfsHK7femXfNnt45/41O1//nt///ZkJj0mPgcUSvPVieQ0ZO0Wg9MsHyON6ziSRyMOL9AdbxzH2hU05WeFS3fsjPoRlAN90nVwHbeOLQxBxaScQT8Li2i+y3eejbK4dYE75W4IroL4JuGHvA9XXmlzqDZf5Astk2lY64vJGJFIHLqWJSioSezkqgGLCOCkAz5tyKRW39c3d6G6OxkgP1/6sGHPElFvh57OtbqlV24RSZXXgdWJlsm7CzcEUpRWnSNo+CHC/9XfTesRStFbYFLBRqb9BB+0vSwQbzkI5MX+vXe5oJsmTz/kYUF+RcA7yJ2sg9uJFjHUg/HEmT9j5gUWcW45ZGJ76tNPeQYLHVcKCNTB8shg8edqw4svvWDfpQw5Tz31tAsNDxzuWxKxnasIXDVgw0e78lIf+hobEPyBTfjQ+gaIDRyWI6aF1hH6HAvFbSYf6qpDpqzohPoOwB99cyRzRGXvzz6lDZ8THkX5OuxM2Hak3k64Y+80ZL7It5yrN2pPvlcagOFJis0XaAJj8sUX+lAmmytvAWEHMiPLuWTa0Dkr9m398Kf2pdw6TD0B6q1dQwumtzk6VjquTArY3ro0L//A+mAPN8oW8LU+Ik98BvMcY3NJmi5f28R6UU9YcnRuLj3QGL6WN0G+fmp57V+c8uW6wmCMOgZlMjRf24bExMgf+rXfEMTSuSjGpzRqbej8QN3ZvCyh8k0jr7qVZRtKUDrLyEJ8F84+NZaPPDsUsgjjc/L6aGOPgjj0Wj5jJ3i7wqUeFQvNxtPfrGPhaMeVFfAZsBw7D1tf4/pJPHSJ0Ytl7evoqY7qiTdCaP8N/sE3/dr3vl9fw4yyMDCxsbN+17vfdfvUpz99+2f/7KduH/rFDyPp9ta3vu10SIh9GPE1XE59XSa0z97e/nlvv/3sz/787Wd/7udub3nr52XiejxyoyAtbDOlw/vGORS634tTxiir4+TNoKjToOuizFUDKFpZFrRagINa0l27qsoXWSDQgqzt4MhKoUQ4rD/laxp+4gXk7iBo+diFzslLjewEct3VIYeCE+iTIK2PtkKAPL7bwBpIPHSFM13dJcOubn6KE5KEpjUdmhzkvczNS3C4752y2ojsBvmUnwCOlGIGnxXXY2ha93ZWDsqGQRrapp1vzxDhbScE9Ktl2Mg3/W9okgZnx1ZsJkv6ReIHCW11CloPJtKd3G32lCsrB31qNx8USKe9EvndvjEY0igIsX0jHeozbIrTgI88wk8VuzFgwbv/VLB61M/Dcp/ztdSr4+lnng2uP/tlc+FzBvwcMQg2JMjh1b7PPvtM2uoz8lD/vU2AGMo/+9mX1MUY5d45GwMC9eI2Amn71viepE7UDuoWe22Hooz8ah3WDxpGTYKjfj0TP/s4PASornTEiHDMJl0+HTpA3+mYLl0lQKt81apFBeR5RwV0tXtaX/r+RJE2Jk198YMLBRAaeKDXRznYkPWqT41H7m4YsV8eI+KGposDqJP9GltHDny9rVSaylk7N9ztL9YxgO4mxh7HO8jxk1CfUOZVpfCvLn04beyYT56YZ2F4tbfth35trTKo5RvQvrE3zMqnfLPySZ/AJHvhrbTG8KPvqANyiBcoT1CPcge9uqfMADtlEIx+85QNSh7TtGP7lHOLaAn4GPSgMlqvrX+ltb5FVD95MGsPLi4GuaVbaLbzU6XxXXuNkxCDDvVsXIr2lfIhpz5CJqVrW2lBqit+ti+BCv/ORyDAtb4kDqstALd9EbD/J1CIHnRmc9BnDhZJTMfnaWcG0ed//hfcHs8Cz9PSv/ALP3/7xQ9/OBPQZ4Lra1mhRwkLPIOUyY6zoJ/4iX92++QnP3n74i/6Qh+S8qeFUIcONaoiLvYoX2P7HRhC8k7ugVArp5mRZy8avCyVBxUT7Ap0CS6pckoVoNxJBEzl1B+FI62c8q27W7RxSrWjsRA8tMhYOegGnCSnXgdc6OCbhF88VX8F6NRzoJvfwSE6XzQ8kyMPm7qxOjrVEhU6SRKCpuhaB/DNVeYkgdb56rP6YGPLVVR50ia+yoDwpGmJuaHFKNLUzem+hQbwLkLUKe2ovgQ3kkxSEeBGY5TCBkw0AwMVW//md5IjRi+TLRsD+j7ygY1hQYz9LR82Y/iTKwZPP/OMVwAAZHEljsUdHM8JMN5IPxM6Jjg23dQDHGUYijwCtmpf+gLyuVzupBhcdTJBji9DNl+B5P3kyDhrH6GseMmWNLCT9foTmupNUvkQUU60PhclbG+BkvRh96EM+qbLW0YXw7KevIPoxEdgTqC/MX5StmgO6kZ7xe8rkxJ/qRD99BNCsWXcZyaqp7rKGoojvhuA1qm0yFDuha90mz4nY2BlAE1uHpnpNxfaK9SHQMrD2LHQtHIOf5AhEb9ZFv3JwL30AGnngskDr8StzpZxAPor/bCw9WzOMmjJy3PGjNMDBwwdGO0TNbSUA5sf2i1ZG2sLCJFJ148Pg5Igp2GpzBNPeuGgvZfPVxGjp7l8X9QetM2lz7R/u9G131XOkqhlyU1MPRKgvfbryjZ15NvWk7YNt9+VZqG+QTa0pSfQh7HtwTdkcwARbCD3Pic4mJjA3vbWt97e/a4vuL3zHe9wkvvHP/6Pbx/64IcykT2b8pxBZaJkAvVybAzngaqPffzj3pb4il/9q32Fq8bFKWseDsAQzMPAQuyYTnPCVCDfnD25OOYjB/zYOYdc8KbQiietDtKBrROA/qU9AFoiy4raXfuSIY/ClUOk9iRWzyF28ofO2QAJiEm2vCxgd2MDdImlO/BNt2hivrSXVEIMGPEBfNCfcXG5moVELEh5CleZJC1GDgnwW5a4qG27gnRBHLihASqvdiDBiTsB2lErjKrg6vOHATSQGSZjemTuhMaAQFc3O/Q7qALHRFZb3DykX9J/mehdWC2pfFWw2CThgMkY4cFDrhq8ErREP+FnnhUAxQK/PzUEeBgOfhYrbhGgkwcNX3ies/8OTjcO4eHB0d0UQLf+0p6Mt7V767ftqG8C1MSUFeFDu4WGz8gaUvPSB0HwjJuyKReWZupCHgHKUGZtxA43SWhM2YpQbtpo8YC0tpPCFQmsHejbdqlNpSVULRxdTHfy3AkUHYjtA5pcUek8BQtc8FMX/E2sDYuHX5mdXCuvcslLep2PABiJhgb9zdN3OlEvpPSIpVd+5QG6KVC9UxZQrcoXP31f29Lvtw4Hz+rZ77YxoJSDrqBfB2fY2oWE3IW0AoRFEi/NtIm2rayUUnhHSEHM4KU7wvCWIJ8pMT+w6brFLPWYbMFEcycuKejwGfUOCi6yVfMqNg/+Di4A3V7mV/kFtl0qO/zOVUFU0BHuiaycwZVnafNtlK8xuH5KPh/7Q+jZtNKPy1d62yMp2YoSyO8c+uAbvu6r3y9ZMofxCdD6fvTETEBMZrzn/V3vevftC7/wi25PPf3M7Z/905+4/dzP/fztrW97mz+jYgBiCP8A9eEPf/j2kY989Pa1X/u1t0ffyL/G8SDQdtzRl7jNZ3MYGwWw6aiLkMwUay/pCeS3IyxgM3A6ZGHoDvy9cgqDWpl7FuhX0sgTlaBsyrZ8ZFkGfw4wpCFdW7RAnhPW9zBvurqa5ntZKuUCQWy5OlfP8DKxcsXguWwOeI2wEyyQ4kNvYNjEI0M54mpTKccHpgeQIQ/kfJ2CKHJySFDYhRGZvnBr8kcZsk5sxcdubcpBx/bWQvqTHT99czu0qocVcTtQrcvK9yoTCQVXtrke0N5dYNoO+M2NQRYS0t1h1xeU7wDkYUOu0rAhg9azfeTmYAxx5YEHDh1XKecqRNvhNd4mYFPAlYO+FbF/sNTFcSDGdpEpXnujm3ySJRhApxun0B8+ymFN1Rk4otq4C6L1vtBRZqy+sw+pM6G0be8IqK7EtJFE0HLIkKxiK7/1gAy9CRSZx/dsOGY8W8/wcHacWLFTht4uwHKroH562dstbMTQz9VN5jbar22Gb9rGbFKgWd3YXt82j+iKL846BUE/sL+Ay5eLYnA7D+n/tc16B5ImW7km5J2iwW9cO5bu3AwXxyFENnqBkpIeX0Gj7vLQRlcobcFU8tv2kMp/YTn6j0ABcpsmzpabzB25C7X5lWW0B1JfyQHtGRugeihhv65yXk2mvkr4//L2Z1+XHel5J7aBL5HzPCeQmBJzVbFJmpPU7l5uaVFUNyVKJEXKolpuef4PfOWb9P/Tvmxf9I3drdUki6II1FyYEzkhkRgTmRgSSAB+fs/zvrHjfPmhqri8lt99YkfEO8cce5999qEsEQuXzwi5D1Ge4H3xRl913aUMA5QB843GLrL3lY28HREXY0K6Mq7Rb7TDfQC/iSRXBtIcfBKlz4U3gXTGffpeZFRu9/3qj42HYEjCmwMSGdjf+EEiCuCG14c7CbxMhAkOBGU5cODg8sjD5/2U9Wuvvb7c+vjW8uSTTy67HsrVEJPfzXfeXd577/3l8ccfX44cOSzRPPSW71JVgX2lgBGDYvnE4GxnTbGf1dBaSIiRc2xSChf/M1GaH/1OpaDE1fzimTYpiki3XEBIkyDCH1zn9SkgFZk1Fd8rJTy6k8skJ0yVPT5Illg8PeEOfxRIj4XBMtG9CfAqKn3dQQjY4jfvvLefB+GiNjraPhAc9tZ88wHh7Xpawb6OeLW7QmRWVPgDNaEK0Xe3yWTCNoNlG1o3mEyKkq0O7sFW4Dqjv+GzQqsmlVx0edBIT0+wyLkcyvv9BTYd/8Gz8NC3WVT6iff1iXuYeZUxL9r50hvkLPr5SgJ5+NlEc1eBq1e+tuNNhmwG+PUBf68sNvPyXAibbdoSn1vHDLkyvx/iS5VzlhPatedyCbDFqfKpWSaYqlNlLdrixiXAs4lzNjSVzXUqFmsUDh/84KvqA6BPg2vfWi7fmaK7jALuHKkD9IZGO4nPOtDZ9O4H0d26sM2mjTbYt0/1TtuJJi/tJP60T5n441OXa7uvJM0bTPjqjgbQY1AYx705A9omMrZR/Q8VsRM/eqMzbww6RH4TZ7zMo4cEWXLxCV/xY+IFW/5u6JjyTle+9ZSIAZbm3R4ouxIJBaa5b6x9bMhUGcOYCCApyuAzptK4MrEGTA52lXHVuAydn2Eq0goUtOUJyvtiwzrSlkNum85ho0QTyt8iZY6KvrXf3g/ywGWcZStnnW2LmPm0mYgs63o1xjzmcxyZtX8phla+aHPwrO8c5EGaLEQ42+8O51b4N9+wqEhQE6HISnNb7gFtCm4vb125urz3/ofLvv17l1MnTix79u7WhuLe8tFHt5Yrl69rY3BoOXPmtAYjsl9JL4bpaJwbXIoCe6xPIVz7lQbXNeRgpL/KYKL0xiIYn+FFD3NHKMlzYD+nxJaBtxwzTy3ixTSOZK1gTQL2J2C7ImSgw0O6+RXbRuFLT8u4DUCUDMG8RqVzNz6QuPONFcK3q/n6h5/Buexq+PAR4rDto49jm05PeEWX+ADbZ9KucnS9woOKtkFHI9m3jeEzCEeHtHYYCm1dBE8g64YJMfh7kvS0bl3Iwhs+jKEvdUiIH7ZBUoAc/T2LfL5fw55jDunCTvNgxlf4u/KLg94Y+Io4GiW7lQcQeSPhtDFgs4wvlIOfBPMVA23CHQT84KuE/ERxlzcLADa8mMg2/iOPX3wA5FxylQlfGp+yhh4QX/MGsQHhq7qp/Jj0hGs9o24qj51oDcSGDvHFpiPBapWxJKXSA730CJWJaw61cfBVZ/PO/qXvA75LWWM+G4u0VSCJ1gcf8w8PglLP6Gg9xPAAtPnc52I//Rc/oDU9UD6iT4dyjotkGgefhuhcEeZxIJ16T19Pnc+hoYptcF+pdjMfMYfS82ag+3fXp0eH/G47wKgXhV7Aww/eHArh3cm/BFgUE7l9nS1axpaVwdBQaXjsM5licbDvgQ1bRowTxMIr3+lqr7Q3bSQQ3pHPgS43oXnwBSlwjguXvt510lDyDdaVJH6s1qqOKw4NCG578EFSbN2G4ICIcooe19PQ13QgPA3guy+jL7IK1e/cp7wAamD41qfSMDLQuJ3JpIXz3pkrIMRulrsJd3V19KE2APBQ937Zi3i5dY3hvnXHVRSO8TAhdG6XUlDsyJM0nJLQeoBSDA9o86Yamu5BPuFalqRx0M1XspWnjJaDj5O4naf8jtteYiYS4zlKJnVFKN0K4Ytc08H13+tSXvLtE8HQOksv+PArwKd4lmlapztmsWka7TJsKZ/nDPJ+fa5ObbZtbguu165vhebVye3RnacXZwfwMDrvaEBk0lHT2SIDxEbqC1/bXsikY9cdVPb8tLX1bIZo07l0Y4d06zNNkGwGjwcX/Ohgoa9FxT9v2/2Q37efZwq0+GsDwPM0vI2QRWVsJGyPCVr+K3gCFC3t8VWKINt+5XHp54+U+AkkvrE4oYOx42cOamzljYb510S/fExH+hS/IEIvZaMoKXMVPf5QHnwDifWiJ73iG8g3xvKN0UcW7ZPrERR09AmMn9qNwwUuHgJipkFCAZoVuR+oPtZ+gc+rbo+90ptYoW5N7wiWlV5v2NDdbbMG15/0YYvno7yB0JGNhFJdb0rbv9LTuuI/QGHQOS3CHYyPTm8aa8Pm+guzo1EnhQaCq3lPfNilLO1fbJpckBqffQTTV6HUm9mFdz0PvviNA12/zBGdb4g/k4MFcZtDELe2hdQBsQOgyKrmwMlxJat9iJvH9cmxgz4HoHWYHF6HQo70FDtRciSNB0q2+2JvisgbRp2scyHSPoYS0dsngKwDbZPQOlxep1sXENza72dlmWsQiQZgGmeSAchzajvDtQHx12V0n1ffqD6SfNMUNC62fvM7z16M1lKOSj4MGgnhKP0qHCzySit8fvfL5ZVXX13ee+/D5eGHzyy/93u/605tWYVPP727XL32tm/DPvXUkxbCaU/yMMDos2JodI6gUgF03uFXKoCKK4TSoTEYmVC7UKbBjzrb6ZggJARB61YxB58bpjorADodhhwKQZJqehAZ3NDNaB345/LKwPDDExHp0MqM8c6TKWSR0gbkQEwyQHQEF3zpKKBebt+5k4fhqhMA2LNKCZU7wStTrlaaiUdgPvnOxEmHqsHTfYQySgJOQ+pMeX3arxWiq+lKDH0zkLduOl+B5VyH4JGPHviAMbAmf7EcM20nfRSIvnUyht5xyim6DjYG/h5RkH+ny9cJrg/FUmQ7n36azTQZfjKKP+joiZ7Fn58vkqZN2FCTZiPNxoJ3Inz5BXcW8tpkx9KBD6kHypvY5VI5XFbS+CoEIQBeh/CuF0sIIONi1VPngchX23Kgq9RtbBakE2hbiOe7+dRZ49IOzkankAwVbIc3X8nAZ90C41Wv2aDXuDIQx6cO6WexmU3Y2o/Ms9QvTcTjTaAuVtp3oOecud0jp0N87Rc2yj2l08/alx7naIVmeck6dsD2Zp0mLbBOyQ5+8sI0XohuN/tNBQpcbpcjMt1m5HvsrcEiBpd3AvaYMJiPvLHdBvRZfIkfsV+8lKftd9lg7iBoXeZqGWLloXlsdqUCoqVcm+Pd+vjYXqDFWh6t5hVP+0sZVkj7OAVdfPO8YhsV20fyBPHCf19Ziu60dDkvcL0Rqj2Cl7Q+ypln+OxsaxYoj6Ueq92OEaNcxCu//XJIvscBWZfRshY2hI5f8c190nUaOz3XdZ5j6ze+8/RFcCKX4igHYgBXQbIxYOGlEnYtb12+srz8yisqzFfLCy88t5w9e1oNjqxHvz4P+H0HX3/15fL8c89KW00u0oVe0rmq1uSHw3KOCTKO2TisBeJX3g0KXYbsU535aSVfLZBpEcRTxHBh2tVunuYCxGODgpLvvN0t7tRF6A2t3TH0CJhvhW7Y5o+OWQ+wkZeArfIhreB6Kce6fVaAp2IdcMHD5sB3DbTQmF7y7Qewk05QGczBQyKfAbXa8nnIoWfVC1jWE1LhyScVG8Q63Gfg0wd8OjHtvdnZ8yIdJNIX1gk9Ew0hV6b9IJjkzB8dyHghQTflUWBB8f8i+GsCyRYvPpFuHmywEeW5gH5hEXakyU5TzwQWC7B8nWD7OthQYJsXFhHz00QeNmQBZJJEDza528Qrj2kv7gJRd7YgW9QcPMra/26fFZTX0TVs1qKDB0wzmZOwZrDm6A7WdYaNDbA+JpUssJDtNwRBdLUM+qJ5xnshdX8AKLN4dOqNCqHr1ZNk4c0tnNte9UeaAC1/dpW2hL4CvlUKvPlTd/PC5PIKtwHWH98oReyGlM0ALJOc5jrXme1ELhsIqwpIxvrMElkHdIsMX+ub0wbnR9KZ+31INPp24XMRFGLjWweJrm/CkC1cWRv0kaasqvNNmPKlZ7Q/MqBNKj06Qo9P9quDGaa8AvaIqUNFGzBnrRPdLnfscQBZeGO7lYTuRHGtAG0GcuZvfMf2KfimrdoUd7JBebeK5HpzCeSub8rnOY2j6J4jKZtpkSXMrwhoWrRjhkxC+rCJBnNwMiq04X+xbf36C9oclIIALgkqSy6VCuLBvNRFCr7//e8vt27dWY4dPbw899wzy4EDezVxaIH3w1Y0zoPL5StXl49vfbR897sv2DlpsvFUxuQMuvmoQ2HcpssJP99gfckz+bOJcOWIEf/4fjeLwfDeOiTtGJTxyCibRWLtbJaImIQsMcC+2o6g4k0OQRlp3nLM6fDmvAFWuAJzZkxTZqMM9m/iTf7+QAu5A5EGJ15uG/IgIlepmazSBiKbl7jBeR3YdruUz9avgzojpvOiy1eSRWeTx4RrfgUkY4N8dEIgvUL0r/2BQNkTgOZuXIeexFi0ffUpdvB9hU5fw5+erNEGn2VGHLo3B1r0vfGQ7Oq4yly2t7YeMr/52BhIplm53c9XZzzX4at9pSmPPFV/XpaHdvM1Rb6yIGYDwVc9bGhpp3z9E5luJ2ymTmIfSPul74IDHYqgXB4VVnFE8WNwFpS8ytSAv53qdvICIHTn7ZcOeL1It16R41Pn3cuUSFsFn4Wf4LKq/P4KBn2Qiy8bPu4oRB47AHLWw6fqAD18/eJ2g6AAjj4aiM62742JkvaheJqOnD7B+Uy+xggy1iGseQqJfuPIE7jYwX6+2lvx4elgaLs6UB0/qozlwYB6DqEy/rTcJm90OihnSzWuux2QMZUPGcEcj3o2xNfqBgMiH0zKE70z19ChOCSdJ1x0b6MpuLWrioY64VsCiP3KCHxHSnHoE698ww/CqHdwG2VEfaUnnUDQQ5tTQ1/lAVOVAZ85xOgwkK48Pgwe51ecddpH8vgX+nYIL1ziK8XR4aQh+VWv7Zm+2iBySidI8IWnQWPx159/xr9WCLGDqQaE/X2nkLlif2B54803ltdef1MdaVkuXHh8efqpC55kv9IVEZMomwPG3o13bi7vvPO+6I8vu/fwKwh1Ug3+XKHhKJ1xyxMJCz4DyhOSIDteOSJdFIgFaNx+VQyNiYH3y/MSGSYVwJWB9hpodHbjfXYprNODRflxJaOMMcLbMvJMfsq4Qk0HqIGkwpgkUGzhb4KipDhTFmcEyrOJoL7Bo7fSibsDk49OL/olDy12Yldn5zkaqE+eAfE79lVOKAk6arGJDeVLjHIDrTtXNvDgyQyyPyFox9XyDF0udCYPBFUdt/K0lTeRlEOBduTKMLc4Uy/wpI+lftDJZNxguvri1i7i2iwo9KJDnHQWqg7tIxAdkgWPD3yHDGDPR573YFH/Ugscr6Tmp4nIUefcEUAfdwwOHjjoItN/79z5ZGwMuAuXzUsWqq1d2uDSRq4e7AiqHji2+2hs0ZCBAn3maei7E2u54FO5i9cbDuOS7/rvPHWwQTNS/YRE+WAeHaH5jEPCTFB+evyLFvtZzJ0qseBSh64jwbAPr5KdpzyA++2kpPtx82Gb8dOya5j7e2T97I7aK89JseE2egNaHqOWhFf9AlRoZiNj+dRpYqPHqfLyo8sKpP6dMl9sFZCvNqSPei5zoCzhi1bk0vZrfqUB5h7yZUO2e64xPkjLNf8A0v6kHoFV12qpJYYfOtY0p9ihj8ZwEdCDL1PWUIlhRn2OGa3rAmbUcBrlEngsFDFrTMQBuCxaIZhAp6IbG2TKdOGbtgFiaPubMfWbNqbMtH2P8W7b5m05DK35YXmlzwBvBAY9xZ3aVejMQc0THOC54tee585BQTMVQ4BGBMGV4wPLnU/uLN//m79Zvvjy6+XEicPLr/1n3/P/x2t0iOebZRcFhFsTKv/u+O7Nd5ZHHjkr3mNqDPF4AuyAfkHZxTQbC5e7QVkmDybj//6//3/66ov/bGAAcwuWCZgJohc7ZKXZMX5gZDWTDumOD0KxeXSSdVKJ80ldCOBuLS0HtAzgQV/4FVa6CzfIrbcAkmVTDyskbb8n/XPHGdA6SilpblP3nQNglF8TX75qyCTsq51xhVGTiWjdWaOzFA+Y8uLpugA7eWVoN2cNqecQiChTFovC1aknf/zBFw8kxT4sJ1rh4fX3yrLU/N5ICM8kyqJkHoUxEFEgSD2wGESOQJp+hy2nzZMHRhP4VcJu16XrWDLopZtzJ+LI0SPa3ORPkviawV81qBLwkbhtV2m98MlM7HNQNiEItMtojwK6QfPtRM+Vb8pD3EA7Z1NMu2fjzyTRC0nraNscQc26fc4hXUMGXscpB4K2pBN3SYjHBC2wz4x5geeHKHaEPHTskgaXcsRXNntt1yCSNxrCbQQdlnK+9LryUu6GgXfGZIXU6woqYfkRfuT5GuSeKLm4AR+QvUm/lQIpwgbEVpBd7+Qdm140HU7JTqtxCSfZlsO39AkCTptFkIRlSu7bAJ70jYEY/lhedpRLWoBdINlh8D5wvVXZitlp8NYIDr9NCB0IPvbiibI62pLx1V5dd8XmuOXgH2uGIHgSzg6Y8U4pD6TdkzVPEt4Xt42GpsNS1TPilbb2MWTxvduSIIkhZJoTNX6K7khAHH0YTAREPDoAo9esIDZjV/Pl9567cNHKS0EYfC45Jthdngxv3Hhn+cEPf7C8/8Eny8FDu5fvfe+7y8MPn/XVO/AQV1ga4B4PkrnzyWfL9WuXtZgfWB5+5FxNvn1llU6bCfdrvwnuww8/9K1bd0Z2ol1a5fDxxInj/tdHroSPHjvmJ8u/0uSGzhSBRlfBqsDOUdjqBHSaUSoEKKd9Ags+8kx2LJXKms9eSCl8QMdplMpHfMDc2OEvHoFNOx1EzmW7dRWQ99WLIPYmIwLzo6/SHEp4kuTWLbexWcSCzoahNwSW1+F2qTqyH6Vz1FHpBW2S8E5DtEj8slznQZFMZCiqgWGfiSAd0fWMmIPy3emVju0MFAZDD4iESoN3nbPgrZbiE3cgdvmnhHt27/EGkzBvFKgDYB1sLatYdUXqG/c1+WFb8HCH7BtvUrENO3cI2CAfO57+yYaAdqB/4wOK0GZ+2kCfsSiWXWoH3SmfkiZRF0m7zuCAPhafxJFZcc7rqBL4zMkp0bpeI1M6Wk7Zld8EQ+NW3YI2aWZjgidW3hsVlTdjO88XUe62ja2h05k1jTqqaM3H57yLQjh6k2KcKNPKC6cDcH0p2fLwmdQOClpnvo5KP4K1+wN0IOmVn4N8ygIubRfe8G8PIZMOvR1pG9uhRUzlVHKuUx30RQ7kPRf2Yd3IwFX+OiBf4yaZxIKVZxOnk9OA7RGUdrkVp9wrQMfmdjBvkiugu8uOnNPbuCab7U+OcPpqm3YrHuKqMXOlbipvmhORjQCngHkjZ54pAJyty+qCdz8Br4M8MUeg6777aSjCbPQvzwNN8biOvEWEa/8BJ4XvzWzW1raJreIBNuRL0KnVQ+cq03xb3302mwPnURjyEGL++uKLe8t77723/PyVl5d3bnywHDr40PJr3/3ucuHCkzbjt9UpkfLEJMVkUnzr0puoEe/TmhDoyOz2s+u999WXuYqQIE9u//jHP15u3fp4OX78hCdtF5ZFWQeVcOzocU3qe5YXX/qBn+Q+fOTI+GtoV5L8SOWvgXwvFqRTVmaa5DWX2xc1H4hUDKLwW96JhKhx3Hh4Zhg2Kk1N4L9pdXa5ygfnB8cKq14W76TQB6TxgPKXT6I1bzltuu7mr33Bs0lgUjaLVSERW/EpOMei9+LtxVHILpuJccWyPTklP0EUCtATn0hnQNBezg69Q7Vo9Il0fMnYNncAamOADvitxxyGeZNjf0TwQ39iYmPATwj7DYfj54rqZ/28AXcW+BrD7/iQLWhsInjdcdvGIH2FemVTkJ8r5s2J3EGgL+5Xnzx46MDyyad37At9gPcZANx56DbyZFDlT8JFVUR5QbkUoZOwmE4GEAHVRlV11TByIicNHj3gUnfBcEq7BxeBUhM56N32dQCcXRcGfK22gmCjBJ3QV2WNDuS4s0MJozfMYbdNUwKpFzjgT5yyEbJB850i+NxXAvZH/nnh8qQkkALSXZbVSmC1Rbr8NgQ/bx69KKOnVCvjNLT4EnT7mZgANiWh+ta8VRQksdavAEYzRw8sXS5atO1GXXwxO4xWXL6aYOwIYxMOCBHZ8LXcml/BWaNX+zM/m8D76pggGoH6Sx1aIAwzFM4+VrY3ls5DBFq26rmhU+F2ItHQK9udl5H0CxCcBMq7XJVtgJ/g/lHBOsDD0EUmLr2tmDZr+5y7bzhPBKsSlBNEaAmdbByRzs5TllGfRTPzCDMkb/nJPmMJkvPlx9Z3ntHmoBrShsoIgat6HrTiVwn8bPHTTz5Zzpw9ufz6r31vOf/II75CYvJAmq7c8gwkFmSMX716bfns07vLCy98T0bNZR4cQb+fVdCEuXfvvmW3F/4faqPw+fLI+YddSbxQiYkHnWwujhw5Lj8+X378k5/Y5xMntJEQXxYSgMKy+Uhh5cTwizwyvpJm+yKZeK5geQvkIxkmlzERSBzpvisxAzorsdoCzKxg29ngAOjshUFI85ulfG1oXcEFP3QXmK7YPOggVyxsALhy/ezzvL+/F0qllE87WZ/4/FWL87VokbceYmj4QWdKPaUesIbPDCLiBAOLimUzqGEvES28uc1P/sEtZEhAU1q8tkEaDikg5Q2oJyEYrcm86Ed8rmqTC0+8a+uhZf++/e5rLlvJ02/y7EK+cqBuaCMWnGwgcoeBOwApyzfa0OYrmU94duCre/4DJW9QVXefc3dg9+5l7/596sOfqO4/92aDBxZ5PsG/K5ejqaGcXf+U0ZVQeQFZ1zt5SKAV46Pr2/wKzpOeZamxgDElC37oLKC8qVPkVx0tR7k5W6fqy4oVPJkUTUShyAPFILCurKlhFcDnpGjWKdZoil9uHbdREZCwrfAA+OE+hWljgGixJy6TTbjPIDb8L9bWCQ2tlkYAHa4O0sjHDtA641/8Rz883jzSrxEuAS+8TgUiy6LT9hmDlDuVFP3IKlH++bmsSgPo32gThdApuSWV16nAfdp9PFTmhEiv8s3nI2wYNr55whWS48YjQCitpBs16PATjNRHDnI0I7RkJ37SVJR1kl/7KWDvYHXglP7T8gbkImx8dITXH7dFdDJ+w2Mh06HB02EGz+WgCo2dHNHb0P607tDKhmBTbwyDiqZishFhqLfyD7qTlfZH9Hk8t23rUzo5s1qj+0XlkYUv/SC4re88e+EinOqjikBFGWQc/0xXPO/cvLmcOnVqef7555ennrqwnD512rR8PRCFDBCgFxwb0gR7U7Lvv/eB5J7ye+PHwBI/V1FMxEzMDBI2CEzkf/d3LzrvNytqwPHwFoXzA2UK/H/9jRs3ltdff305feaUNwhZvFJAbLQ/qYYAeN9OFxN+p4xrBwDvDQFTlMWEdyJxN4xBaR9RtIKyltGnm6M4B6/tgbcOY5J2hxMNXyaY8zvShp4Auuyv6oCFid/ce+G3HdoIG7Mu5QtHGvrcjrGB3nQ6sr4bo4BddMb/xNZXZ44xaUIqcFK8bidkEDCKsqArOPhIZxLORBwbaeuG+JoAFeAWP7ws8PQ9qxSdshECsde6rdeGY6cDLyyiLrlbwKuN4d+nTcGBA/u9Abtz545fz4stNr1spEmzIeg/T9o+eIejeCAbrmdXRJcvBbQPLVv1AM68YYnPJWr+0olceAPwGV88zZ/EygPYjpEhJO1E2JHTx3VaCxyi5FuHAX7w7mPBm8djLTg2Whm3VT+lv33ogw/10HVA/YYvdLTjVuQyH3Ex0M959PMO9sOf+APYF+eRjP2GpAnhb98SwtdlYvxAt7/Gd19DrnVlnI05qfTilnmchh5ddtfpsBI5CEF9OY4KK3D5SNJv5KN1GRGZrkOgbbjOxJ+7igJ0EoGfdSoNTYjEQZY/azqn7SAkaqAhblTxO5kUMb6Y14FToP0oYSeBwVH6OLevKxcgzlXd0Mc85Tpp9dWnRho9Fdx3JbfOIwFw7ovNbx9wgdQE99lPfzA0f8UgWhdyThXdzAVe2AvX/ThFSxqibZWIdZO2XGjRG4at7zz95EUGdvzilI6QTr+17D9wcLmghf3kyZN55asKfe/evWWXaCizxKQQIMl7B9Dx8a3by9Wr7y7nz59bDh06qArIrVfagKszNhj4y/jhie1Dh44uL7/86nL12lXZ3recPn3Suqm4L7/8yjL8SoH/C7h89Zo2EKf8t9JMLvDNExDQFS4PdQ4tDzJpwMim/6sAfrtPBfV3aJQpg2fO9w57gPLJFhZzbR7a6op1DN9gtqylyJjuK3gF0jPMZdqJvh3SMt/4p6f8Gx2+027GWtfqCxFpyyjujYF9DIvtgWtay5bIAPjsGx/STCw09nZ30dfKC2CxjI6xgyVWSH8k3RNVJn4cgK/9an59TEOOX7ewyYQRmyze41mTKeT5A74P/9r/kdA6b9++ow3W564/3gzKr2PQyVcV/E/CHdG5M9D9hU1Cf72BDHca7I79Tpk3S47f8Q0nU9aUc5SdRY3yR1P5nHibMpezwRKpjPAq2XqBsagXNH/bdVp2kWtoWcA+W21kjPPAij3GY6dJcOaUOccDsLDUQb7KSTu3Ls0TD9azBQqMXej4xl2fzCXxM/zSVkFI933ayxs1tQnPKbBZKE8M+J5NGzaIu4xpr/geXPe/uX2gM8+gn5h80xra58ZFb/oXZceWATkOZfPQsOpImeZteUcK4S3ZKlP3WwCapJSHGpwBWYX4AUd02U44ghOTdcAX9LBnG4QC40EpHSx8JdfyFUdnOJThbHBfI4Yi+myXlG2Kv+UQRVevQdQxaccVwDsgglyBdQmoL2Bex+bzDNAjJ1rXlV0qCesomyWfcrYuxSSFc9msi7hlE+LL2l92ijsNJJ08uoaPBSsv+AB1A0TXtNYVbusF7hyIEMY0mB0n0sKJkfwJTA/43JrmSkgawmzeFJQgU6Z9pTQT8RtvXF6OHDmohf60Bw8vnWGA4kA/IMfGALlPP/tieekHP7Kezz//bHnssUf9W3EmAfjBM9HfeOfG8vbb133X4NHzj0pH/qQmgE8ppv2hfC58/HJFCA+Xyy3cRieqyanLE+iYiU14TwYKWki8AfGHEkS2wZsP8oh37OTEo4DcDE1v+/ZrB55NW+WvP98sX2jhun379nJXV7vOqx09WcOr5vRGTXVP3bKYjQnOnT6lQZ/zCp74dCgju3MZlHc9pi5nN+HpurVviv3CKuvOoDQPoTaUXdIeHEys8ANWUQl/dUVOn416cqBtt/x2Q54H6A2K/S+ADxj1Zs2kSco/1QWLO/8hYl+kAz4WGL6moJ/wE0Y2CPE9G2Z+qkh/y0bPrsYWfUEZ+IAyb5qrLtnwCuyTkr0pwPfe/LqdFADXzxDmQ8bcTsPfoVgM0IHU1xo22quhkuAD+CCkeDZkzGgnnG/7AOWgXuDBd+Otrm1Dy8ahCJPPxZNMn1zvCNkurEEHlPfLpmSLV2Djr79aUh5/4Z193x6swuZTd6C284CfaYHUCdnhvzJtZxPaVvTgc+v0+EBOIW5wXuvT9V9gfl9otT+xA2vYk2dkDyh5+6ZQXhiHXUugp3WRVdhs68gnQPepZBXaHDiH8AUvPzmm+rduC4paZQFMYww2n9aA/KQ5V/t+dkjp/nUSsecUyfRXhyljlRVf0GvtxIVrnhpz8dMpLpsdg/OQs54OycM7+rZZFScJacjPUKyWt135Cuda9tCif013Htiex9BY8xRMb0KnzL/mh8/K0jJbz114Ir9WUGZuCJJDHTVBLDyNwcOALNDwx4G1gA1sDKDz0pi3Lr1hHAs9KvtPmNDHT71i6UFNsl8v167fWF5+NfynT51cnn7mqdiRXd9pqIq/devW8uabb2lzcNIPRvImRhejfVbG5aIc8rHL0HS761P8Ny+wvSADogvbsMwhKqfKH6oyfMgykOHwxGdkmEjmRL4EBcMfAXqcX1ED2mr8qlDHZ599unz04UfeFLCJycOIuZpm4XJdKuBb12vj7FLrFZ2j84AXLJuOfV/ZOgld3OYLTxZ35YkUxmSgLLSEbOCCRy4bBU8Wja8AWDt508EE34AMr+7mCt8vyhGfr4rwSwKtt8VIUw/cNXAJxMdPEHnmhvrrP0Wi/eizvNSIjQP/jQCg1htn6WWM+GsEHCNAK0PgWKCcVlCNU9r0T7NUObt+SRMgWk/qNu2RfjHofCpvOixWEVomxZowihcex4bSW3LZFArjOuPTfIH2o20C8DjP0WUiEq7b13lzB9/8YiidAerSUIsYMCZ2FFgJMvhJGl+6P2gOqvbxJlHtBbBQ2JRwmYjnEL3DriB9Fzxx+O6Hnjs7hB9fkIe2ym/q6gBPj0HKQ//BR3MWf2xkLiHtvmp+cMhksygBTqU3KEPQjhrENXwYeKVTz8KgoJUoji+w7Bwbin0nHDAsCQePg7JtcyOoLWiPOYzFv4J5pGG7PEAcHuE4Ku+g9vGdKuYu0Rm34YuPlkNX6SmVEwTnPodc9W9w6IyP8hV/K7gaLLPqJAbiF7jkzcgZvvKrcQ3R0b5Oefe9Fbe9r1P5iaGjNX3KuJLZelqbA7e9Tk1sIXcKfTJdkiUWXVEqI7f7OZAYEw9s8IjORMpzB9yafeSRh/OeeunBcUBalI8eBsRff/9v/bKYPXseWr773e8sp89wt4EFNQPGNiXP7/evXrm27Nu3z38X/fU3fGcZ/1aIj3bHtLiGTfB0KqN1QgqeXO01b+LWCTqkUKKDhog++FoWhk7O0FfuyBnMFLnoCMzpXwbD5gTg7ty5rXr/2PWHOt4JIYrSWQjHZMSBvzq8iQBfNNd9AT6ZP8zWmTqgBNRz/OiYIkZG9qtrWHDI1oAgAVSMLlLIzp16BcqgiV6DrcFtMOmCn3cQsIi3LDtiA/nCUfDcBcqVuOtA/vJrBO4K8DDnHm0MePUxOH6dAB+3qvt1yQ32WlnKxIvDyDNI6d9Ys0mCRVKPrktB+winF5WuMH+G0MgHB29CSOukEEAm7QI+vKEYKo0cPO2L8QrU5UAhqI991jFD9wdD6TQCe4WwbdJ8SA9/oGMn/Z8wj0H0+EFOxX7or/pDx/Qt5FETXQGS3PGkzfhKgeC+lk6JxcHXsnMa87GDDF9Dxh50F9c+hh+e+NvzWvjso/JKDvle2OFteUL0gQdSHwmM3UzyRZIO6iObBAieS+AVzuUT5A6T2cuALTppX0IxPrGoyJiugN9KNJk0ZXPMgjrHhe+QOktoPR6f2+gjLT2ZR1f8yIvmRdZtX3Ti0mWQ76SSK5ygyY5dkFTIqicbAi/kstO/Umo/zFN25rQDsi3Hc3OS7bh1dRrZjpHtux0J0o2egWs+Ar4X305+Sdb1BI1YeITgy1hpn5kroZfvFcBBiy5XjXmMFGw9c+GxvD7Z9QYyhL4FykTpKVNpmXKj+M2EfI9qJaFFLiGdMJWHgyz2N2++u5w9e9b/Z49e5PwQkvg5eAqcOwGvvvaG09w1+PVf/8+04+f1qBkQmMtksPgBMTYH9+59vXznOy8Ify96xbNRjiootJB1FArI5C4v5GcvljQkkIU8ZUGyB6Xz6FJE40HLQDbZQB00QKMeqTt4u5Ea4Iye8HbYAHCVbJh5Ot16KQt3DljAZNHlIw5b2kgFVDC78NkQGO0QghdN0ag32tJ51UPksecIlc607z14kYmu+JXOnjoAUidtz5qUTr5pIEKPvcBI2A6DBJzTCtilHXOVXvbCMoBN0D0/E/Clv3rhORa/9fBLrjjv5us02eXuw9df5WsZHo7FF2Tdd+yrlMU96V8zGeBpV/zuMlN3DGD8VM/IYmgZanl10Dh/QstnLaMnh8LD45xxFvPJNko/eDMbojM+TLLohUcfTy6VdrBSJdt+8RIPwOYQULYqx/Vg1OQHn9LTfCDpb0lzDi4y4e/xs8qygMLROvN9Pf2f9u2fsEY+7QG4XmwGPUStDxzZ7qfBt11g5Qlf4rSp09QdiaEfObW2xk7POUWcIDzcAWCccTFkrGVFqTEa25F1GxUdICkWU8GmTTUGORAUMnUdvfB3WRhvWYTiby/M/ZwXgTvGBI+tGmP4sFNonk6PWDbGokxseykHPI45iIvWPjngOw6X3ylAaDtDMyJbPIqck0z7u7bvJt7lmILrw4v4iktZ4M/zbPZzCrbn0LY6sFlIum2um+DYbnttizY1Hzj7seqzrvJlrlNCNlWkGxf58Jav7ajirWeffOwiiyDMkjYyVQ24S2U3KSQNZCy9z+l0uHSuKPSHIAfcKLUVvXL56nLkyBE/2Aidzt/OIf/hhx8tP/jRj5aPP75jHU9duLA88cTjtoVHDG4vzpblPfRfLVe0Obj7+RfL0888LV2L70pgEr3E8FGxTBCpnFQA+GwyUknYpxy5lUcFpg5SNlIrHb9diZQvJEN0CgENBDQnZsB+UkyRVE0yNXkKQE1qbasSiQvaL2CnNH5y5curfaM78k7bSCZgDuwTvBmyHSZI9DCZZRHs/FxvAHhC1x3QnrYv3fE82KsdDJgt3anT6vAMjgfS6e2OYdWFhYFunciDRKfRZVP6mi5LqnNqXoxiYhHy97TygY0AGwLuFJDmDsE9lR1WfkLL5oH/TijlsY/BuJWyKstAM9IfuFI+I4CKXA4+sCgxLzzRn8OAjNlTBmKXqfJ8Bq8Ac133gOuCo/UbZv7wMnHMgI1ma/2tK5ng7Yv8d/1KV4+zBrQHhzz1nro3QeCNEsrAcykiGq6MhUhtiL72sye95InTJ61AH2ww5nNn52ttDnjxFa9cZ56Dr6H1ObIPoUd34+n/4Q0NiCvBhS9lTjkzAbeP+OCF3enoDS16CMGl7yQfeRYDdAOti5CNQ+qegIz7M7Lwl770wdlG8sRp78rr8Ds+vAnomCvpLB5txwsM8aQHxcRzmBdznZJueduNbOj+OHiOKISodSgNb+dUFsD4JEfcYL0TtW0FH0qSlS98YOJTNMvOodvYIRpLBiEnBxjXAHnkS166PA6UTj0HN+4AVN42Sya0jA3wCTMust68MK9WPnNija0aX5lzo5eAj1tPP37+4hicIN051ck0SMmDMTMNosAEwJWO8wWQXYDiawO50n7Af1P71ltvOX3mzJnR+fh3Op7svnPn0+WlH/xwuX7tHetiMPPinscffdSbAjYITMy2oxOFYfG4cvXa8uFHt5Znnn1mObh/n6/suH3oZyKkn1s77MJVTZbN4PEU5tu+pFmhieO/Nhi7ZVsTS4PLJA3weMDUk9Mpf8ppNZzI6whETh5v6DAvZHsxMoPmASR+69EHfOSVrTi2NmmRL2UCJpBPPvnEix06zauDXWX4MBbZnnBEqIlnnchmndQZON5NoH4oGnJ5oho+1yFOj0KlvVwebCnQlplsC4RzB6ZP9C05vtNXXdtfZBkQxBzEmHBY6T1oAJdFxt3xPTAyGfmFWt4cCFqfaND7tjN3BFx+WJTHnuuBoIM848Ul0Cn+xG70Oqn64KSM85FLcNb1ZR2CDE71c6W9UZd+fOm6Rw78vKAaZ0XoorwF0DGLIdtOGn2xvwbANvRxvvgbXG/QOCaZjqln5MlTBtsNg+W6hJb3YXTOJECg1wmSicnSrh7D6hdMZDJke/B0WYC1jvAHX5x1G7KhA/gZK88czH0hxiUrgRKxbPQ3JtA6AyVXJWma66Am2Fl+HU+pK2C7/yQbRx757rvk077EBHT2HQVHToDjgim/cAhvIL7Ci37e4tg056v0LBwZf1lMvDFAqPWQLmjfG+7L+0T/LEBH8TQtEf6UbKVXjzah+eS94xlaxQzR7VTJzgFImrqAPPwQLrKz3P0Q9vvp0Xe/TONMLxsNJMl12ch7XgM3ql/9w5hwJo6eqEo6fS+45DOXMEeu+PS12IhM/ElsvMLWk4+cu8hkzKQIuWHtXCugiA80DvOXIgyAXyd+JjlwdPyt5f33P/CLYU6dPuMB31ea/BHNj3/ys+XSpSvKL8vD584s//rP/9Vy4/r15W2Fc+ce9g4HRW3XvqmA16/f8B87cYfh4MH93nF6V1QLIBuP5PMgCBVE5wfkWiY0JhTl8QWfkOP1zKmsNFIvBq60KieQmArxRymlS854hxnK94grXXGd2iYAX9tpWPPhg998TNLGBFqWt06yQWDgNy6TFPwpN+2VX4xA6wdJMxlhxz7BqCz4LFC1idCE1AsETFyFs6nrd+gjRr3yUOrsK7poh2y2QqeN4SG4s6o1G3DBsTXavMH4os1A52exZcHPghBG36npOwfmiz02Af03zGMyN0e+eqAPZRORvoB4yiJdknf5KS8OVRpwWcDFnPUD1L0/sxx6aAMdPVi7blsOPeDNP4OylnQbolCfyVfkhww00v4E1zq3qx0w8Q5wNv0Am62jCPEHPIfwpLM5Z56hjeMTBy4D9pkFlrpWjDpJ6ZSy2QshXR+2FSCPDlCk6cuMYQL9IF8rrM+eAJ3MRBhbrZs8lk13fvW3fQ0gW6niAbpO4O3xBm9CK4ggfK0buWy21/rsu5VAT+roe0hzNnVsED9ljnzGaPtDrFNis0YXIGzi4vV4ZH5UO+DDDPAKO/S0aXLWo7zTOoU30PTEAH0i0FxrnHPTZxh2fwUIKyf6XPphgDjtMkBsHqMTuF4pz9CzE2yTmZTu5GujYJvpsw1r4CRk+iBgRJKCmR/YXPSNURx6XAodPd1f3OdJKNu8OSdPX4Bn6/Fzpy+yY3SHhmiGSmyD1WiM+KxTcgwKaAnRIXeEY7LlBTLvvPOOf3rI62V5oOvd997z2xdfffXysn/f7uXJJ55c/sHv/day9cDXy5nTp5crl68stz++vRw9etQP06ET216glHn/gw+k8+Zy9syZ5dzZ0/HBDjzg5xz4/TnfF6dS1o7dO292x3LRVGjoJmazFF5JYk8DrxeY4HT2qcupADiuTOk1iDfpgeHmaaWAalCvXrDH7gztW+Vybj7hoa300Hgu4xPVA9ahedFmElH9dXsT58pGPKOMHdADL3WgOhMqkx0adQjv796ll+7WExmdazcTje8G5BXE7nA1WbFogWeTyKLbt7sauhxeEGwLCG6eyJNGLrRANoDYZLIzxVWk1IMkzGJ4oOobG36vgeqBPmwDMOWj+rIKl9kg/jVZCYH9IiEc9dHlaF7Ak7PyXgjZnBqXE9E8AaeN2GSrjNa9TvijVpQ2v7PIFo4DNVHq2L5GLGnzr+2yE2DH7TCR0wewE7+CM2cygra1oddCfDjFRwCW6Aveg1LCbtokXQd5wCvtHVbkSadPdDl4boQHEenX3DXgTmRfhWexyOYUgL/HNmlvAq03EHouDiy4RpFDpgJAmxGiD7J8Ep/vdipGNvJpK2C0qQiMteCQz0YHfngog3X6iB77x9/al7LWAz91RhenXTKU6HuxMbcPksSMQ8Zs6iMQ/eExf9km42YiY/wUWmcdAD2Wj6HiWWbQlBlyJihyXJlfBUpHy7Q8Rb4PNtQWP7E/G8QNoIzfSgb/LbY2daZtXV/0k6K5ztUWAWHdz0ibObahOO3kKFtoyTitj/tzMbYNW2scZMckSNE31R/OHDvsOweeqGQBtS0ETMkVUqJKSobOpnSzFkUdksXIGXfIt6+/vezbv285dOjw8tFHHy4vvvTS8sEHH2phP7M8++xzy3PPPbfs3YMf9zyY2PG/9tqbWkgeXI4cPmRbfiJUgc7OzxnReUi0xx4978UplfrA8sGHHy5//dd/7bsHBw8e8MRCJWfg0FUZJJmo4ac4lJuF7ssvvpB/H3lx4btKBhWV2qWE1+VGVHmAKgFCC70hHKEFJBtVBeiU35aFljC3A8ZmPDHQPBu8AvL3tODxUy7ixiVhD5IunSCpn2wEyIPPImD+WqjAk28fqC9vCrywspDVrwTYENDhlc9kSxlJB2dfSrfTQKXFBTdZEHySV9sOWeU9AYIjJ9+pQ/K+LeqJVBTKp4N0/0+H9XKW/a5TFhR+VeB+IhJfoVBvuCjl4QeoEEIo5UtiJ01LHluA4yRLnD7IJBy9Q7ZtGCItSrKKwASrc/dd21SEAutJDEBuWtrSmALpIN8yYCY6aeOF2pQjn9h1jzxOoKJ5oy5gUuheZBQsLr7oCQ5TAOXLP0WqjjTuvXHU4pevGBJil7aOUMfoYUyzKaY9mSv27dvr96TgA/ZGuQi4aturffg65bNZkbWzTlswmerP2TyEJeWCresnC30CkHTmxOSzEDgvfDbLWaTDm7K2vMuAbqVzhyX9qH3sDUoemu1xW7qUgi8hfai8cFke7M1B2SJ2ClRShjm9HdrPGWJjE3biAxqPjaRXvp0kqtgbMHQ46nT0bQThW37GJx/cjmDBJP/eUCpnu0Dar+YqjuoPeOn2wuCwSeJ+33byd9jxIQBhvRMMvQH0bB3Y9cBFvmfn1cXuVAiWk6tEdbxCESHcnR+niTvoZMvufEo8oMGN/IdacLFx7txZL/68BvnxJ55Ynrrw9HLq9CltAvie6552pLmVe2D/Qf/W/I033jDvkaOH7UDsPairgy/93AEPj72gjQWdOu7nVcx79+1bXvrBS/63R34lsf/A/pKPi+wwerFiskUnV8ifffb58uKLLy7vvvvucvToES928PTXDkxyQ0fVjesHwD6R8tDdHEqkbsp68UBq6AnC9TdB5+N1YLaXBWYTF1uR8wZBkyU0FswBkPFD+DGJEJRHFlW9SSDjCRuaRSn/9ICmDvzwVwSavPP9bhZZ6go8EG2lI4pWX4lhEmAbCM0p05vAueU6YMc+yH5fYZm3ZNw3xlGghG91u5zIZxFChFce8wxLIPWBruhTsEuy7UlbacXpF9BDG2kO86se7JdO2ojYb8sTuo5Kv3jom2a1cZOdR5/PlrNCy4Hvo1SERzZcAACbQy6LKYB862igPrv+2lbE8Lv8Vd1xoBN9+dTRafidCV3sxq0gDTZDnbGYYTtX922n7ZNf64x2ob/CEz/p7zyIyNzDvLZnz+7Uo6BNdozMph9A6wxf2yETC5Ka6gR/omP1adbLGAoeuejsccjzAe03tL6jueqJ3CzvTZ4OymTJwqMHHPMq/IzNLxX8dbHy2OQ5Hr8QDGWISi66taFn3GqeY7MhROimZQy3DPYa74xgro8k+Gyj9akD0dAzgfItuzPsRMNG6aoQHd2vlLetnYKpQ4Z86lkn6MaZ6RfCr8ASKDvbYZVf7XU7z7rp67M/I0msEN1Bmk+fHp8urxFr/3Qx4XUu4LzoW4d2f3Pxi7ufqXNs+bfcvUguLOhfcxWWXwBYqAZlgIrHSBEFppQD1qEJ8MEH2enrSl9XlnwHfksbBB5KPHzo8HLi+HFtAPYte3bz0CF3C6ILhx/U4oIuvoLgbYhXrl1dHjl/ftm9Z690YZc7DPwK4spy97O7y3eeZ3OA3xpk8o2J5diJY95g/OjHP9EG4dZy+PDRZZ/yX93j6piXMfU7F/gpZV6/7LsoGkhU6E9++lPfgXj44XP+eqJvSXoAiU5VIBufWVilVNlsiuYGSL4ySYvkhhKglxTspnrUrnkvwKWrJ/MG/O8ANB/l0ZJvPdQ7ix3tR7ngcVp+uUw+oot2YzE3TZML4GmRD7wsBvIBHr73zITDHxsdWPbxl8gK/HW3J00kJTfqYZyDt88i2R8o6Fdw3iLJRya85sd3xXhN/XO1s7WL5wZy2xmaAZqCF0d0otsHvkUdYD21oaCfssDc+zJv7sQXmi++pb3jby0MHOgX9JVgnA9PW3EdGB9MJbcBZYeGn4LisR7jZVP9nv6XSSMM+N/6XXYHSRHwV4f7mPIeI2GI/5azEvP503UGVBRS6PACaRuqGT3oBcBNQpzLF+exM/JA2thuKZ2yE8KPidT9GiIf31MGZLPR4eeo/TPrfbpA8LMGVQfhK+cF6A5ghwzO+YNXPiwCuGIj0D6kLjsvOZ1igxOlEH/xzr7Th+grjLHGRQ4dzLlpo9aL3Yz7djjlaTvRD5V6RJ6r/2wS0OSxqnrYozksv/rKxQDKuQOBDu7GPrSHuS8bwvjJBgQ/xSIeunfSm4CPBEkVojzd4I3P44DnF+gL7X5i11Xi2Ou8zuMYhF8BKGP76qhOQ88vgVn+7wPxe3LTaVmd/N5MV38reyGFvlFugWk5ORpUVyxjlr6xSnTc4H50dN9ykR0rnYUOxGYAJ5gQH9DCPhc6jpOakCMNoU2kQ9H/+CMlJg8GBN8Dvqer8X7uAKavtYg9qE0BQyl/vsJXB9qQyBC3BnnJ0d59e5fXXn9t+eijW8uTT16Qn2xiYumtty4vH9/6eHn+2We8QDARUJ67fqjwQf9Sgn95fOXVN5Y33ry0fPrJZ8vJk6e0UTjsrw+YA3nKlwfSsM1OG9snTp7wJMMdhA8+/Gh54oknVTe5Ks2gLgcEqRMSpJNZG5mBRh11PjAm90ZRYUr3ome06N6sbZMFxpVYQdN7wqIeqHMmy9v+UyB+s9+bjEw2LUOZPSHUZMBDhdQNbeJFQjQWT3TzrMDuPXvcfgQ2TVxx+BmDWrQA9PlAr+ykl1Q9SCeWfZeqsC6/AF7Ty0/qw8nMYcGTF42JjHbzLxuQwVfo2J55CcKtAwIEEHpjqB+ecKff2SkF3KLc5kF+lM9RbADw6oimlLd54fFiZlrnMRwDXC2HEMm5b01J6zCTA3wJ1mt9cK1gfxuJQ+SlA4ts8lwu5AqGLvG2r05bLj77QAZ9AuPIF6BjhqZHhn6Hz4j7hCHrHqDkkOnWMlk5+Uuf9uJXC2g2ZNAy7rnTyDwCD3cO8/xQdGK3N3Dwj0II4ncHIsXGbQfk4pPLtAGrztDiF+nYzVhoiA9VLsok2twmRJttRNnJswHor1ck434Ru5T7vqCNwprPL3LydWA2CetXaF+7XhlHXGDFX+m2HcWy1b5QXz2fdKD43kMJVo+/DboOE2bwOJZ543Xa5HHPcT5NlHKTz8VbgnG/wPoGhN0wyuK0z07/IthuB7lvC5sAooNAfngeq3z4izZigf3ltPp6PwgPyVF4vAxhw+lVNmfF23RtHd27XGRR4EqJ71x5Zzw66HD0hx40yMXxuOWO7I6qDOaV6ADSA77yPDXM7Vrg3fduekHhIUMvJtKJCdjp7FZewCSJzSNayOH5+cuv+zYhXzEA8H/wwfv+JQTPHBw8dDCLuwB73GJmUPKPeTduvO1/liR+8e/+kxdNNh5UGH/Jy04b09yRYCDwVcXZM+d8x+HHP3l1ef+9d5cLTz7lyeZrDSQc7U4IUM6eCLaD9RKLv2Wctg5rAuFKCHniUWiNpMeivs1O67UqHXwNwO/1eREMg5j64HWy/eCd6xZ7EoHuSZucYi8EKovVMZFUne7VpoC3BfIsCGnuHMDHlUl0xb9sNhV60TNkMsnCZ0tO98OQLid2KRemqziNM16E+BZ7lMlXhqYNEddNq3CMfh2ShlQw2YJfAd251csknPdqUB4kqd5RxwKLlq6hp9MFpDvMMOuhTnAU//L1i3irLgBK0josVSfqznUpNnPCH5EBlpuQya+TaNuIP6tPQPu4+hofGnZKb5cZPIpIg+/2t7nCc1B+4xToU/NY6q970t7cFs/Vbb7mSz+Gn0WO/2OhzXwHyxsDdMRYqbM8ED8LCfiuhfL2s5wxNE9i9NjvUmjW4k0ZU7crT5VvG3QZMw8mwI48/TDjLvXmfug2Rz/2M1d6TGnMhh7/2QTYnHRZp+wEkNWYK90e89Ue5HkZGJsEAB2rP4TqL6iyfZL4DzenCkKMspv+y4M1fEve5Rj5yhbO9gSuEyeSnvU07IRraPz9Mj47/cug9UfHt4VfDtbBMevbJrodD/+OAMuoq8E+wDommPPo3DpxcNfFVk4HYUDl5Rf5WRcdF/1weME3CDM76O1i0wLQ8l0uV6ZfebJlMPA6X56gP3XqpPTn9h9NCy/pHrik6ZxMZPjBnzZ9fPuj5fr168uj2giwwWCy4MHGq1duaLNxeHnkkUesCxkmDv5Bj68nuHNw9eq15bd/67eX3/2d3/YTzK+/9urywx/9YPnBSz9cbr570/5xpcGA8fd2DAwdR48dX1595efLu+9+4M0Edx0yqO1mQfIuy9QYo06E605LbIA/JIiOzV2KBx7+EmnZ1NOkq8B5iTeeOwD8lJFNARNEHhrMJEP9MAHBC7tj0dB78MCB+kUJk4jqg4lZkwXPcVDvtIvLxCEZfMZrX430glo+wEWRsgHhIan6xYTSzuMD/O4rJdOXH2Q7Sf+QTtoF+5681DdNK1uuF6cEpDHcIBaoHFYrkqWU6A0HOul/5PGLO13W7T7ZumKLslMm9DXMaeSG/YiMfPxd6eiy79SrYpuEBs4cAXK4QlsWWadS7qoAPwUfbQ/+lN11LQIXALTBfWCjkbFvQQxofxvmtEHZDboRieND+TyLzenmE1v7jq9eRP11In1N/Uf1n9vn8PEdft50yfhkrPIgYv9E1l632dk3JV3vTsuuZJsPMM78q0zDph7Sqw34JzK5ardVP/TWYbxiB4+NzJm9SAci3/mha7YTpcLXGNQnNrh7kXG/9ofQWid46L3hyMahGAUWi6gh60FoA+iPxWPKxD9DfAq0DwnYSf+in7SvADS0Wta8q47cPdmua9PGHO8EIc0yPjv9/xeQKXl9n4/ggNQLftWmzdiV/svAst/Cvb2+gK1Thx7a2BwALA6gYKbTWMYsIHFqnhw6nqAalM6VuwtxiZhXI/OTxjNnTmuh2QOXB7MXLy8QamhvTJL2wK3OclJX/m/ryh/Tx08ct2muFC5fvqyFa89yXpsGNgboYkHjKpmFnluNV69cXQ4fPOyHIbnL8Nhj55e9ss9gePvGO8vrb77pFwY9/vjjtsvA5Kr2wP4Dy40bN5abNz/SxunB5amnn1l2++oF/yj7Wg8uttEpK0cDNPwmwBtaEK5PctR11Z0RgLPdDmvMgRyKYZkHEcAEw6aAv6ztRR/bWZTF67yC6grgzAOhbJwI2cyt31VyJebv9FWfbdPmiQHp5KrDm4WiD/0YFqI3er05wD9/paG8JyLr45Q8Yp5r8Fc4t6t8wq/+mgMbNgaQLiC15iCp7hQ4sIFI6qSC8+jLbVc/8S7/2IBmAeoJGoh/+OX+XTqtpY3KQPR2Oykv/yE7L5ontInfbagPyLZHNm0rnOQpQ8YLdi0kEsElQCSAbWUJnlSsc6ZDkwbrXmHURwczQgjdJnVAGzAnhbd/Rkb3rGdiDa/rHLwOiINHZ/sWHfhJv2W8+spXeerCt8k1TrPZ/VJxfaWwN8+/pP1W+S4vZahk2RMM20UA8L0cC38LDSnTOzQk2XnqK3xj/DrPglwciuGORNWhMv3swNxOLdsPH2ZM8PVBxkaY+Phk8IaDX49JD/I5BcBRT2PjL+BOMnd8qVv7y4G66oMWb11tpABPjcHn1e1NKJFEs/yatv8FXWcojH7yGVvgSRubyPRhfOR3hmgMRE8gyW+X+/8FVp8bXKKkNuyu3q1lDG3gB+8vBmaMGTbLuupt2Dp5YMv/ygh+ywOVrxb2aSGo36FDYKJKi1SnXUM6SpQ63Z2/O6lBV2LqnCL4++n33nvXC9Dx48d89cqgzUSJLZmSLRYO0lwhMNjZSXNlf+zoUXfifRr8TAjoe/mVl8X74PLI+Ueld3e+MxbQ0T2h3Pt6uX7tmv+E59Hz50W/6zKeOn16efjhh5djx497cPCVw9mzZ5aDhw55MDEAKS+/drh85dpy4uQxbw6EEq121QPWAdz1wQQWIJ9ODGZMUEYzSUFTnZE1SmcShetdcUPr96LqVKD1EBP6tnhoal+1J+Vk48QdIuqKumRSAeffhCugAznan80B9pmE7Y0+3mCgEL1K0w44nP/KEAt9xJXEJzF0nIhsrozGxsA0yPgtnGNkCiRPO3AV2As1f/ucBRL9qSeEbJ+QRjLOdds8Og+exivQV5CGi03Bl+qX/tmsNklfqlx20BzxZZ3k0RSadVJ2p7BLn1aqCmMZ/BKYx58cLrP1RP8oWwXLckRM0PwV7EcBfhHVsZIr36BkoQeMOuGo2Pg6GuY0ELnETqQoBtOq3I32JqfGF9qsTrgseKm36ISPp/tz56u/HycN0J/IJ/Bz1CUbWja41UbdV+2b9DimvgsPjrocPQM2aOYHQplOJZ8k9NbtnNKbeUfRTt8VovsQWPxYZay68vSFmoMFwSHvnPNZ9OsOFh9wOuCjjgGPOdUXfLZn6fAC2GdeoN5CKznh2SSwGfOmzOM8PtFs4QLWFNC5+LtzsCHz+Ox0Q3jWNGRiRFLnOrVI6QlibRPLOcHHp18OzUty8P8qgrY8fBm2vwVC1smfnXlbR5enYcaTSoiW7WEG8j2jNHybn+AJWyf2P3DRHZVMbQaYoPle30ye0BisvVNfr9gIDU53XvE68LgKz+1LqP0veVyZHTlyVOmaICyjzis5f5WhuPWziHSaxQzfoOML/H4o8Xb+ZAX9/JQOdsqDG1/e/dJfRzB5nD//sBbGXdLJFcaDy25tMvjVxGOPPaaF/8Jy4OB+28Kar0Kkg69CXn/9zeXI0SPLU089LTp+ZnIKpC66zKQ9IBVAxfOeDAqChNl9qrMGC3X9KkSt9bcNp3XYV/OBVBiKQqOO8jtvVMoH5ftdEd2etC/pttex9VsTp9psKPbk7DahX4jD/PjGeyaqH9GmSBIZ4ru0JNamgAmrJ0v4Uj6xDhmB0t68cItV7Za+h8kw4QfQeStQmmOG2FCZCk0ErgN6mWgxz4b1AU2ALDBsFPh6BnG8R/9aV1nkjFcAExqU+AHYR2V73BhQxalB6PbZReBAtxyOTNFcf2uwImghG5odudY5M1gvh8uy9snZn/YTngbLwIN/Jm/qdJ7ILMUL1vOLyq5j4HRkPJQO2aEf9vwC2jz2Dzmdi9/tJH5wjOmMtXXxYpEjwA/fuqhRn5F13dh0x/F5AOW20WSblLoTQC+JyFd+8DW+ZISnz6+44JPuTRJzTsqBn6NOY3Hk3W4qG3l/TYdykbq+wJtVaMbrWt65zKsu6i92VTeQhSNNBj7o/KyX19L3psxqxBB7A4GAQ+v/1iNs5tkAZ+OzPuFrnjjn5LCxZs2fTI/DtS7QQWxyxQ1NG7HpnLYxfgu4F7TtXwKte7a3k53ggepTyo+6HmAN3267eH1jUTF14nzHzVDQeID01qmDWxcz+a4V6aslTYj9NPqWrs65ymSwscOEzxsK5Ql0LBaM5DGwdl6g+VLGB5bDR44sR9kYiDc2xTtcTYfdqPDSww4W++kE8OU7x1u3PvaDgx99+NHy1qVLy5uX3tCCfkuL/gnfEmdQvv/++8vHH3/srw14MYofkuRnPVrQZN5+U1YWToDJJl584xcJ/egnryyHDu7T5uApf70g63YrA5u83JVjllPscpnLzRu6cymWasg8qRvZRJkWAt/yF4iiPPqSB1JXqR8g9noTIo1qQ/SF5rMnWxZVysYfU1F/fH1ge4LUejxLP6D8KTcfdNsPBdqYidkLptrCXNBq8h2TDDIFkUeFeJX2nRwmIaVju0LZ8k9KhbHf3riok1K/NJJdik2AWnd/I1v1xADwIIC3/EiZlMcHxZDneqRfY5NcT5BcwTIh8jBr6hSORNbjhRmza1mB1omRXPGuOHipH8rp3oEfjhMAxyQlMvwzXWnhKa5Zqs/iG3+9qoSRLpel8NEigpwp/WwL/b7qrDyQCQQd0dLlmxd48yu0f2ufS38kNp8O92+chV46wTtGh45hQwey5gvr8M99oW36QiULP/rpl4y7XgzAeRyXGqHsf+j4KZ2VB5BxUBrZ9t+eKE2fNQ5Z8Xhj64BvVuF0Qi/uc10T8LXstB7xAOTjG21YdaDQ/TY6AiSjZ9N3AH+pL8YQ4HpfRQd4k2XTsQ8TOrDJBsDjvOo9IfVmC9SFyikGx9RX+4IMOnoRAu4zLwTk1GmhJn4g+E1c/HDKeeuZeRqtuPvwCtVvBMS212SSTjdi9stnp7dD67NfHKXHQe3TEHukNv2XFdPa1mwXSBre0u04sgEx6BPMaj8QXeYnUenZZ+bUnSDlcWrZOnPooYtsDHpRZPG488knbjw659592iDs2as0CwxXb9nZ50lglMUI/5vAIp3bU/33qD7bYDoR6XTYOIDvGWTtOOCCFRP8Hgwc0pGFVB8aQIzQuQV85fK15dd+7deWJ558Ynn35o3l+tWby09/+vPl9OlTWtQP+o2Hb7/99vLEE0/47gJX0/4fgPoeTt1VcQaE7cmWPBM9b8/7yY9/thxgc3DhKT9zsEgusA7mTBYpZ5F8IisOJQsfwpBzUH0DLqfraeUZ+iaIn6n7nehYbIDKgIGPNuWqis0CcR7Yoqzily3Kbih3c0XxVa4amPzE4+98mYx1UGfgkJWnEmxfOh0/kGXhzeKYBVIfG+k6gJeNC+3jF2JVOwDhqUmJ4PqK7liUHg4pdRAP5U3dwEeaO1ixjVBsqL1EpQzYSnvfW+5+ftcPJDJRZmHC1VgKxH7w1h50ATkvIEyY5lN70ZfpHzqC6zGxXTa41AlFrrI4Jxj8VQdkKwlETjLJWV9pLYwOdFa+fQAfZdGBmXKhxlvSsDS/ZfiI0XahlY77QGhP3AquB6eFR6+C66rHQetX3nrxBzY7FJ7g1UfVpoD1JeXAnEWyFy3A0kp7rFImfXoceZMSlPuBGJ2mPLRlb2qBXEw5mXauPtch0G0YxhVfflRZAXzHj75L5lv84sfHde5En92qPpl6BIZu02m7FMTjTH67bgvfYzz5XBi2DXDR1bbm8qzAXdX++hY5dCgx6td4H98OyNnPCVpWVh3fB7BDUjxrty7mC9fHzlY3ytEspWf1Y00navzOMMutYYXQW+dEu6944ZnDqEeJpVwNqYBV2/0p4ra5pgNeC8BafWx16Lol3jp7+CE/c8CVIFiu+lj4ee3wp5995oX35Jkzy9kzp/2+AV5l3FeY/VBY38bnZ3NpVFt1J+8JcG4Y0sOZguTnClDejldjw2s9NdD5MJiV2LNn3/L6G5f8ENJ3vvP88tyzT2twPbDc/vij5fLlK8uZ02f81sObN9/zMwZ8LcEmhittNkXEPdh91Yt+dTTseBIR4Uc//LEfenzyyScdwwO/HXFIeVwm0dbyoqcmEPFtr4cOAOXlM9KCps28hGFLMKdXfp8h2jsQPdGk/XIXiLsK3EHh2Q0WZWgt2hOeZVRPWCj1qS/h50nRfsAFD2HKfzVNoMHqwLdv4pNtqL9whwq/ukx99cOk7GcUbMsujLh5sdN08vjc5fDEUeXvwALAYRvKc6fgk08+zUuj/Hv5r1wfVm29bsHEzqfM2MBHkh3Ig6ecoa22gZbNhAbzCsaD0wdbUOFzAqgYHZWyC8Zbn5Iqkzy3vdgCR1/QofqAuW1Y9w5g/jZhVvKFaLygca7f0rkdwmPrQcC2wSeKSNCxY5/Iq/xs6HxvNAjztE0WPRY/cr5TY59DYw6D7snQZdQib32yMdrVWodO1wl58XCQ73mJfpS7FM1H/RY/fpVdoOVgK5UbEBQ8lTJfp9NuwSWuk2kee3XwwU9/yn7TwOOzx518pg49b3OBJQg/QdzWD85aPSZcbuXDwxDpccrbFnWBsYc7kX1HJ2zUK/SGaA20nwAybbNho/6Q3CQH2h2TV4boc8r5AG1SyR1BRORaZhKNb7OunWF7GYC5HKjYiWcn2M7XeeKVtpYpfq8ynXKJ4M8nuNbl0FjBlATcRgVbpw9uXaQwCNPRvUlwOleYZx8+t/zuP/i95YXvvOCrTU+YLKzqBN0jsJsJfdFu8gt1xtKhzpVFN4PLTrnTzc6lIGMQGDox8QlwPBWTCQA5Oj53NvipIu8uePjhs96s8FbDc2fP+iqX74737z+4XL/+tr8qOX3mrHe92GTyoUwGzEk/E4mTVU/UxQ9+8ANtjB5annj8yeXw4YMqGxSdxOSrDHLyB78cjIlKA6ydXAvq9JwHunNt5wNavwe84pYnNC2gGHzlZjCPyZpo1I4McN9NqDsK/IqEdz/43xRFj+5MxCws2O42dRor4hn2iAn0EcvWJKVJ3IqKblcl8NDubFDoK2zU4KdN6I++e9A6sK8Yua5h61XovN8MqXxPrvASx7Nw9V0U8rnqyzsh+NknG4N8ZRLh1oue5FdAp30rrO1UAOg3sSMovKy5vxjrBS9QVoasQRnk+9jAOVvyxbMJjL9teNgJoBSIvJgXrLzR67K1iUEL0A7RXooUchWrRAsJpqRIqikhCNgYpFKNKylbIcwgO1KbfmBs4RGj7pVVe0PsPglg417dJaJ9fdWv/gOPf2FiXZQPvEUMLjN9YvQ1QvuFfvKhocPzoIB+BKRszR+HVx3OCkIjeINq2fC0fPr+qrvt2X/1q3z9Fd4GaczcRXDZ0Cc+5HXQ1jxo3n41UD9l1gA9L2XKZqB9k0rrZc5gjt2jeYJxi17u3vjCyj5GP2f4G5zu7Iqu5MRXyQ3+BvKTLw3IjCJso83JGSjTho2pDn5V2F6XM0Db8OOXwQ6s1mE8fV0O+pOxp2Yueo11gjk3VRlfZQ3HNiiUiy/eBv9agc5HZ3QH8PyNpgeWCxeeWv7kT/90+c3f+q3lyJEj/qUAvxjwO+fFQwfylaY6IB3MV2qA9HsgSQ27SAIOorMHcA+YOBaHMjBW50gbVZBkL1bR5UEj3K1bt/1HTNzhOHjogBaie36h01ltELhTQBnfufGuvy8//+ijy569+1wGb2QErjZ8Q7fyXFsBvrLVFclPf/Iz8S5+cPHYkcPibo5Aiid/aoD0wAbceMq7kSpshxmfMq28zle6eX4ZUG8uySTjmHynJ5h1E/N/EvnqIS+fYQPBswVMtrl6Spv7oUImI2RltK/uhbAuX9UpnysX6mVLm6z0CV+BaGPAcyGj78hnb0DUp6LXYtJReipUZ/AmwpNbTYD2RwLchRi81ITk79nntBu60cHVJc+UcJeMrxE8FtTe0NHHJ/Xi3Kg71yKfKmd+2urUsOs+IHJ8iHzKER8DpTejtzABeNInw2WrRs704L4h8y3QpKoKla/9KltlEBv2pvLuzzoiv+q3PR2+uqSNipa6EKXkt0P7Hq4+TbHo1ol+2rPqjWcqrBogIbSt0obKwBU5xhy+AbnCph/RX7kNzoLa0P0AWP2uvoF92SaYzwoZw3EisuuYjp/IZcx3Hmg9E2pAy6KVdPwg3TRnDdtx8wUJhz/yrxf05p3HDTjqpATrrpgVi3G1j7L0kehFVmeSBsfCMe5iL3eQ4RsPSJqvJKwm6fa1GmkDXBb7UDxOVQIYuE6uNMuhUxEyrcc6Qe4AZjHsTP9VIHa2QUx/q91fFex76a8qHWDdwoVclrYxgXMwWu3n+jHnBOoblTINciG2Th588CIJOv5XX4WR7+NfeOE7y7/68z9bnn7m6eUbOp0anytw3mx4QFff8LFYtPPeNQqLnp6se7AgS0AI/ymKncaXnCafoq/Uml5FN707XoC0/NaV3taDDy1vvXVpOXHi6HJUizeDgLcc5tkI/N9abtx4x+8s4J8gv/jy7uI/Z9rLT/dye9xXtgI2PTo7/fXXDKJdyxtvXPLLlB55+Pxy/PhR+cFDP+W7na2JxDB7LBiFIdn8a1nmMo108ZInWOMkP+vYUd6QAd28QO8wLSd/ky65mDC47ciLzh0EFnBeRc3LZfj9OP+uyV0Y8sR8f++vKLzo81PJ5JmAaAPuTNB/HPgN+u69vjsB3l9Z4BcGR/HlV2XoS9RtlxVXGzL54WeVQcCmoydIt6v6Y742CyN8LBjcJeDdFl/49/GZ1FCBFmImPnxrvaFU/ZETPgtG06FV0un0IYDyDBKwkdkGUocNeFbbpWMbHvtd1jZOugMQXkuP9m8A1wANMKf0Dr5JxrE/TcPd1Uejp+wMFm3ZDT2EApKWL60sWq7GKoPolIeALxQNHZ5fyMNpwZUXvsxLaXfuGuZu4dqXsEY/QcZlFCEWK68UC7LvKpVOpIjngD7sAOFpPvJGB1VAH8niul7Rt0/IAfievhRdplMvpSieokuYqd1M18cbp+on3VfMopPzLVv91dIRte6oC92bBgHjyu8p8RrAL0TyFXKD7xriaJfF+qwocZI7wqgHhFu+wSROmwpcbmKOwfPL4H49f19oX2dwXepo/391f34FkJq2ybl1836cjPNNGHVZpB7jax9O3tA0kgpbpw7uuugOooCCBzWR/1f/6B8tf/Fv/9vl0Ucf85/aqAdZO5MunYHFgDsJKLlb//jnK0sNLn+XL34GUT/5ityuXXlFMc6lEDRiOhO5dohKdUIYV7KCO7fTeUFNOmkmfibvDPqvlutvX1cn3VpOnjihBeUr3/rCFr9T5zv1w4eP+IVJ79x8f7l+/Zp/2cCDilxR8CctLH79IFDvzPmTJ/7LgZ9LfvTRx35m4dSpE/JBi5LdzG6ZN7N9psXGf9xUE1GKWRWujBcy5wSNrwBzl9dixkXOePIlswrBJ1zxtSD8zZQ6TseBxfzQIQsyWShrOyWr0IPNMiTgVTuy0PNcwD71gQMHDnhzQN1xd+aAAndrHPYfKLo2ENpI9MaCryzQ4TsHTIiy07647DLojQBIPqpH2jy3eePnqFsx9EQsaffNbCLYEATvK0c2fRKgbWlX/rWP8IU2j1+JTvGsM2yuI0/W5Rt1RMLtoJDJ2urtDwElPY4cWgcyMCJHWyjGsxIpepSBiy6UKSjpjbZiD2qCpVfwWMA/2GGcgPend33F77Yfvi6P0y5T/AZH+xjE2v4BlhltlnHSMu0HYL2rmEHcbk/zNn/Jmt88qz4wmOmr3/CkTF1U4p4PlLB+gkEo60OXx0EepFv7CfKtKGn4vlF/gad9bdn0O/hTp3lJUNrHxoQnnzsUkWt5ykroMhAyT+TOZfoUeFEUkU86MdDJ9kcSLt/q1ybAxxhj3DI/Z9Oceoc/X7Ugm77rudlys+25rciplLLHhaH/g0Xze8YrXy3LTm/2zdcXSwVC4nOSzth/C29AEFzpdn03zPXRAC5B6arHHdgGzvEO9Bl2kt8JdvKHOrbHq9vm+2U6d6anfWzHnz4CLdPtP/cD26x+hC/mrb4z+OgP8CmAGXjFW6cP777oW/S62tu778DyT/7gv17+2R/98XLwyNHlQTV0vkfKLSgllIxyvp/lZ17cjqVzgPdzB+bJ/xSkc0TGHUf0diCVhS4wmaC7AmaAN4EcMmIgjbw7OeVTwZR4/4P3PGBZwLkqZXOCPmTo3Pu1SD3xxOPL0SOHfFfh9u3b3ii8/vpby5tvvrm89977y53bn2ZykT7KnJ87fq3y3lkuXb6ynDx5YnnsiUe14cjDTlwdw46t//gf/3Z5++0by5kz58pXNjPxG3/RmdvzDEqVWfrxCz0ffnTLt7V3a6FN3dBomqBxxQuE6oBJwL5R311R3N4VPynawSh47IHTZElzRE8mRllwngxylrUIE05sdEcPnTS5ypefZCiH8+JncvDkpg/8TFAr0Pad4o5TPe8BCJ+X4MiOyulJVml/nZGKRNr+RQX2+a17rgZ53gAabcYkDTH9N7995w+jeL8GG4NMjNhTH7RD60ROuyAEnbZhlkq5dVbkOqyArKngcankDJWA3hM4dYjMgw9wpUVZM54iXPVJXdI2Riq1lYe8cIt3SbhsUCybjShXkp7E8V/HDN028BjaPwHtbEAF/omvgxcExFoAcSVdJwXbbQHIjf4wgnjLPjIc69c38cN1WvXkIPboWm0ILV2ps9XfEDg8FqgnzSlb0i9pLFXdSB90sUck7UJ9fvkFL/BK/UHN15blo2LuqrKxUNLQ48OlgU9+pio7XeOneMKX+SrlE0oBXnsrfrej0u2Xx54ZJY8KpdFJXyDm6L4RX2yl7nwGsrFK3drgAPTQRpVTHD7SKVO3BXKwMTa5K4hfPsSDLVj4Yze+ogPnDQntJh50Um+9yY1uW3S6Uu4HHPDDuGXd8JBtv8PfxXAEynoivxO0fKtpuztB/MOPUjtB07ant8NspwM+NP4XQffhtc9v2kmy9Co1dGJDEfLxXVT6T+Gdbx4EFeyT+dO+aOTou0Nbx/Y9eJHbxCdOnFz+6F/+8fKPf//3l30HDmaCpDOLiYamYxNjmGcOWFhvf3zb7w5gkwBwa7kdo8NyC5lJmYWTjpaHFqMLHjeafeYUZ23wPoDYpPCS6UkqhWTDcsf/tXD8+HF/XYAP4Hvi4UqOdxzw/wgXnnhyeeaZZ5bjJ47mqwWVjfK8/fb15bXXXl1efvnn/idIvmLhXyTf/+CD5erVq66nU6dPSC+DPxMJwBUx71X42c9+vvz4xz9e9uuqmSvnXIGmHvnuNA9CakKXP9lYMOD5A6kPlv/hf/h/mXZcenbv2u0r2yysmRQcbC3xSFN/tkBoKpCG16dJjpNfkRmQyVKjJFdbwKrPaWfpaKn3Qa32AOJT4qTCGx0rwLbBg7/qK5koUzZonElnssVWWyftyP3TfdTyX3uTwEaIemaQ8DXCJwp+Zkay1m39sQBYlU7opG0oEyaJmxb+QG8kYDLecYHkkQ0IX/2eNPqTtkjkVmbpTVkblcgeoGnij64iDTAPZwuGdw5dd0A2Hox3XE6ZUcghbvN33ZKGb+iKih0hujYdg98YFt9OE7tC+PgUwBbVO+kZdqEVY9IA/iY2u2y0eVjCVuVi8nWeU/MpZiiwUIPwR3TFbGLpk9hi4h59TXyj35NOQiE8tkNacrZvQ6F7QRSuy+KoYC1jpXUk7XPiiafrxwsqeQVIQwdB9mhrAPbQUlcEz6fWs9ojWtMrrpRncy29qYfUKzYYc1ngIhMb6VeNI02OU2MCxhrgCBdlpTNMYPWrZFKbmmZdDV0nhm3sMylAuSJzP+1Xh19JHrrdJbGducuBntA2OUJvO8TZBChvyibMfA4+lFeoVlm2Hj979OJ3vvvd5U/+5E+W3/iN3/QbA7nCch+BgcYXIIA4V1xMrvylr3eLiu/pyo2Jl/f4r0+d0zl0lUyH0ZFbrLoSN37ViTuiOr9WwAo4XqmKpLtxxQ4Pux12qPxvw9FjR5dDhw+bDxsZELnC4iqBhQM9bFx4huL8+UeXCxcuLM88/czy6PlHljOnTwt3fjl95pT/yZHb6HdUvjffuOSvJh579FF/t84VLQuRn37WsW/fAb+SmWcbXvy7F/3aZZZbf7euTUaXxSWWPK91ZhARHz12zM9OvPSDl5avvvxqOXLkmNpiT3ytOyspbjoracrWkwJxL6g5N//9YC/sS/mTSCAd6BMCX1t3MzirpMtBRiEcxU+uREp1AD7jiz8ZEtbd9UJdyoHigc2nzVDARJY7MOgGT8A50VRnaOSuAYH+xh0uNrL00bxoCV7uSuRqKe97iC+Z0IHobf/iWEOVGTXi3+BBR2Wik3TzIOBPnQJIcFB6l8esXReZtLs92JDAG0jfb/NGDz+L3+NLEvKzrwra1sqLidWGz+QVpQzhp97h8aZVttrsBoBvh4gmpsajNyEH4DL5k5hCmb98CkAtvtJlltbRMgLmHCA4EuRilblo1uqNhPoeY9oP1bnvcMdK6Uk3OplPorPnrbiYsdptDm/apesU8CZTefDwNJC2ZzWGV5rSo3+1Hy0bPcHnTkN4YfKneBXkKv7A0+3cV6fxDxxp+CPscm/Lwxk0qSor87npBfALeB0/NlxfthW8zQksWwFa7EtnyNGnjDfVY41Y5XQavHnojgSfVUPbmryLfKXXxCZ0G63yQJgp+6ThPggd2M4Tv7816Gi7Fp3K5KROzWvHJt/aT/eBVuA4qrYDzWGLrS8fQ6vd+r/8+39z8Q//2T9fHn/8iWWXFjAWLS/ojjXJ0vCw60PnZzPA7W8mXZSCo0PzXTvfP3EXgYHFwktg0rXDOjJY4gIOtDMN5MNZ6eJtSjYaK74bqSc8RsB7773nh+e4e2C+qjXv3F2WgDXo9BUPFhYPnZjnKY4eO+L/fTh+8oS/J+d5hgcf3LW89tpry+7de5dHH33ECz4PKgIWV0AndwzYUPBMBl+9vHnpTT8LgQ7u0PAQ5IPaEPD+CPwBv2t33ivBH0vx7ng2FtTx6dNnXIf3PclOsUjLcLmuWO3QTpBP5DpIfSlYLscM1lPYUKjTmkSci1LrUgy+EKbBlcEv2FQ9QXQFirfke7M39AJKstlJGRNG3mTymWgJbPqoA0/QYhAqvz5Qgphfsnxx93OrBtd6mPyBMVEaS5yJHuhJPm7KYyU8uEpmreMCiXU2fS508+AYapHXgT18IQ+QbDDeCZHZKFTekyU+cdQEbHulw+XrrCfWEIrshGULY25s6PACwuaeMVU+mw9Wmy/NERUkgX374AzpwvfRxBFLk/WFpxJJV2ydZGJ4hYmv+07X73oAlMGfym/WoZMmhANa7kYm5qLH/UpHa4yNqgWjoqQXZeovm4e0SwAebCdNDC885Nt38G4LQejIZ3wkHVj5V51Z+Nf5DcB++u4qCzCO6COhsUlSunQSjNdh/fgz0azL6rAd3wHks0llnv46X+kKsANkUyV6+dibBaixQgr9mGs7itWGzkO1qdAsTxykYebZDuWGITLFcz/rt8Kw5Sr5BYJl6xfyfAukTklNskpSA63PcZNnNtDVBsAo8sS+AVUp8Ecm7YEtYOv/8X//v108ePCwlap161ZEOhqTRO+GARznHw496aqD0fn4DoqASjoIA4OHFHkKHCPeIPghvbp69y8iGGzKVSHanTjZMbj1AOhollnFBq/cse2Pb3283L5zWws0//q42/7D7oGDLGIlYz96y6kIat9ZuPfVl64LeDKItpa3Ll+x/4+cf2TZp6t6NkHUG3ZJU9nUEV+fPHzu3HKOhxdPn/bXA6+88sry2utv+BcPvLSJFzahF+s8/5A6enA5fOSoX/X88suvqA7v+o2P+SmXgurbg4ty2LcAtAanXba01yhr+UYwEIU1mSTS/q6JQFI6m4XcqsO6wZQdNolJm+rDovAXrwMMJArCLyi+pDmtTDHJKe2W3OoLX9ewOXBb6aANufJjE8tDp599/pl5HYTLFXDdPi495IHCOE2K/k07ZxEm4GalxZF07LbPpJsPKDc3AVKMjYm1VZSYwXaHbflhW0yyxTTZSH2oDTiK91tBYumDxS8b6evRN/yptEPVb9f7CjAWv0itY9TjzF66nGwZRxO+eJoeltAM4ESnfGtbhcN50VYXScwOANEVLLbW+hxWRHQ59en+lH4SMnXVYF9cf1kEm4eIcdHlAki6vxQucdPDO+PC1mO4+YOLhdhugA/fuFuZi4uWjVO+w1g8TWubhNQpmsOPZi/+86YRPDiVV5G5UqboZx5lc8W47IcWLVc2ialP7uJxN7rn9qwTsKafoXcNgfZzxgHGGN+g9CaLYYNnB/qAbbRZbh4n94HQIX0L/RdA2oLUJDsnh021m5LNShyaMdVyExRXroEsAAD/9ElEQVTPCiuH5RySzx5Aa/n/9f/wby/6oRYtTvwOnKdNeYKbq1uuYoFuJH+lcDdfI1AIOgE6eRkGC7F5heChO3g+1ZUznSO/lw8dAXg4pKJQ1dh8YipB0B0UhAeAZZ21jBuJjNjcqeU7//p44sTxZd/+vfYTO/Bld2xlBhaIO5/cWd69+e5y+PDhZa+u7Nn48KbAe1/nIRp3aumnLvi64J0bN/0sBQ8mHjhw0A+38T0fX7+wEPEvZty5cF2qDg8dPuQHJOXp8vIrry1vvXVlefW115ZLl97a+AqEslDSvuPy5qVL/ivpUydPqizH7G+D62qCzvcgb6iaMqQe1kkA2CnNAR/OdN4ViCyMOCkYNzMqT462ylFg0dUnx52OtABFKXvLIUO9ZyKhTfE9G7GmIxOfI/flPV7lqnZQ3wtd7av+evsOz6F85HQmLDYR8TJtm4k/NuJBXCSdMrP5WzcG7Xf5QUnABxXh0sXGE3xpdWj51uUNCXzoN2XirgnIi44QY0GxjnB3bCmd0NJ8CamzzsNuv/m0nzoYH9DK/ArFN4Nrr+QatvPYFjE8RbLM8KtkFbWeEU80xmzqKPkGeH2oYtAb3SLgrw7rUPo+W87jS/IBNDlyqg9/YNbHXzlM/YSAbyibbWSxzC9nmg8Ia/Mprv60AryVHFAI2JSkXDBZj+R5W21UwJfyJ6Q92aQQIrmpvHnwr8dBIH5x2Hf0o5M+WH0km+hcHMILG7ykYegy+yuabQFbXY9cNDFfdh7wRZYAVdG9+m31TiRiEes7E7HcPMVAmVfxAfGzYEoCseuUjxlmuU5v6CqI3P34XwVSj9v1tr7gQlNw2cpPj3PVl85rjWwD2CoJwOe89KFzrmtg6//47/71RTYELH5MrP5pV01KMPN7dYyzEeArBe4IsPD7SXLROVgU2SBwCz5Pf2uRq5+rsXh++uln3hzwc7YMdjmhsN5yomCgmASC67M7dTLySXzYrFDVAkpx7nKwcN+69dFy5MjhZZ8W+wzCDKJZzkplb0v0q1euLD/84Q+Xo0eP+SHCe9/cc7nxiwXetjXoP/jgo+Xa9Xf8i4RLl95cbmpxp8MfOXrUAwFe30XQwcaCOuT2GvXJhuOnP31Z9F3Lo4895v954OuGn/zkx6ad1CbAt7jlH89rXLl8RZsc7oAc9z9JMmjQ22UgUF5spLOkfEDqRTXC5KFj4MXXdY0sACXSBa4oxZLxZqrlo8KQNjRL5WnzVUvVrk/4PPvImeTweZwCLhcLufyzXsG6SQPSb7osrSdPkmcDSJp2YOPH10w8D+PJSf2Wvhs5aeIKCll0kydDXIVzf1TSb4qUgOuCw7QE63G6ytS0ahsrtAx0cvG5ffdVnOgl6g0reRCMpegABR9QecG8CQBtDytPaH0zjoB6fMzdkzw/4J+fFY2Y+hv8+gApV8onSpAC8h3DT9l64VhBclaupPUataGnbQNtm8N2jQWswGf3Za0QtFNcCK/ButJ/yHRZwxs/dSp67DTYpuLWNZelNwn0p4aUN4ELI+K1v8anmJttrOf2yU4XtO1NnM/Ww93E/lUQtswvda4TAWMmd860SaGPmY49ygJHyoRcy0c/bNw5GBl7CS/j0WVHp5ix1fLQ0Zt8yuv5g4SAMdvvRejATyFbD3yNx6LlLGql5U10Ac5zEs1AVPwxSdlA+7QB7ZPjHWmhb4dZLsmd+XYCygm0jp2gfYVlk29TxrTJ764vAnZG2wk21ADoFn3oLzkAqcgnvfV//t//xcX83CECPSGz+HejIcBPBLmq7o1B7/BQbj4lWfhYnLlTQMflVvkeHqpT5+f7d3aKLIRsHCJTh3SwiBvmSQW8DhGHH33FajwAbhwZyKdPnfZv7Xn4EVx+RiPBlH7I4AP8J0+edqf8/t/8jReCw7raZ0GHTyWtutBic+eT5cqVq37mgGca3r52bXn5ldeXt69f80Oc/MFT1xkDjA1Xyvagf8Vw+co16/qd3/7t5bd/57ek/ivpvL28+urr/qXFo48+ankG2xVtWNiMPP3UE8tjbA5Uh4AbTwG+zgOxWXUCTMn2qaFlRp0YojeTPzRwrZO6j57VHvbTJkbBRoJ8ZXMSauorscfJiYiQTtaAzY2F0YAvSfFcDO0GYJ/6wrf1qo1WW/w33f1LGiYnNl9MWExe+OSJTjj8lHY747tlOKVsFm5la3KF1xOhbadu2g/kfbivGiVgTBFDIaoy6eN61oG8N3HCm9f0WpxFS92o/nCp5DmQZ1PTk3+PW/ijq0Isj7yzNpGx3puA0a4mlp5KE9uPgtYzxw7y17zWFRyQPoJf8p92dblcJOsNLbpIe4MUFQmlz5FOtHN+rqe2BKkNAkeYw54FKr5YGv1T2n0FftepxYadwatseJAhJN3lyWKGr+hNW1KfURV5xm3GTeYm7AK5AIve7ofIZFxnocQedRZbuVsbeoBb8vnzuDx07RePQceYAP6kU6fpc4U3oD++MC7Sl+MrMpQ1FwIgoEWW9uu5wOMBPsuG3vh5I4ZfyFAuP9Auv+m/PJDNnVYurLps+do6c4bHmp0kSkxwSaSbiH4c+ykPAMlEx5sAD2j7Fox1G1/8tlVxhxm6nDtD2t4gMUlv6PtFAK/PyNlu8OBaJ+VdLW/TZ5m0WT+nlLVjxdNffEgJ+lcbIPRRXbpP/Z/+/V9cdEd0YxePOaKMA4XcjvX3R9wGEr8NtABpu5tOw21xvlPPw4gPLnu1cBLzVsLPP/vc6ukMhK6sRHHOto3kRBZf5J86d5kp+uojGwAAO+m8oaXzFt+kD6AM0BlYJ06ccqW/9NIPlH9wOXb8mMvkEood0599+tly/dp1P3Pwm7/xG8vjTzyO5eXmzXf9UiX+mOrYsWO5OtXGxFc14njn5s3lb//Tf6qyP+DNxZNPPr6cO3dG4azsPeC7EDyjwIuEGMivvvqaNge3liceP788Jv4uxyh/F2YHKK/dPnPoemhI+8Fd/MY1foXttpq86nTO+cjioD8IJz8QZQ1e4joTmyxoe7OdWTftC09fdQfP5pTJJ/VEG9x896YnIi+iyruPWIR2VxAv/D2RMQ7o27bFUZNpbxKA9WooEzVp4qTtTWwojT/hRSZ0AHe9ABYU2hBLZU8RMtBXu/QpaPFNWOt2Cl5OJW5AhKgVQWu6UWGAHl3ODP6BJwOJuPDq3iTCY/7wJI6feGm6xpgneqD5BEO/66fSOvigoOvTbW78Jn0DjA5hkKpvtAym7WvUDkAq9Oi3GMgJZ2F0l07AfUX9h00lCzh9CKA/MK90H0GUGFFP1sg53bpirBe52AEf/vTRzisRFuPIU3+xlQUW1vBjc/XZZReufTKYln7c7TDD4C1bLQ9Et5MCbBHw18yRZUMkdl5Gxtd/flhReS4mebDbF5PUlYLXBIgCj1HGoPR0PZL2/L7NT/swsp2I32ZbWQfETng2GbpAsq1z+wNEX/xIfpaLxIzZrns7/wybdtZ0TG2TEzIeZJPKfOf5S3Nc90PqOS98+9w4+lDPj0Cv+W4r4Tig39YFFX9At/Xv/92fX0SIyrcAgjX5OujgJTw8VZ8gw1ytVOWg1IFqEU7cMkrDb+UnfLxWU/q4k8BXDwCLLHq4soeeAZFGjz5lCUTk1eFYyOMNJB34RjCGAson86OpVHByucMb7EoPKCX9/Gsg7z/gNjSLyiPnz9t/xJBloaASr2lzgL/nzp1bDh44oIWe1ykfr93uV8upM6d9x8QdWz5/fPvO8uKLL2rxf9d2kfut3/pN8fDd+FfLoUMHtfif9ybhaL11Ul3fzyS8//6Hy5kzJ5fHHzsvfdmFN6Q8cp16mdLboXE70dY66UEQaNZfJIs/ADooZ4S7w5IVIqpXxU3frq+yq6xgZMgxGNerEEA585FHK5uA26prvkKgbknzLAl9dSz4DAIBc3NPPK5XxVBId7kAl1sfBkzXge2jS4evYGvSMroKCo7nUFaIbMohSYXUD+UJJfpTvp7ggaajIrZnvUyS+MDVKPLdz6OPZOuKXhDmSly8Mw6h5jVuG7QO+EapwDF2hbAXxeNaJUl9MBGJlrJvghd+AjYhNgP6XI4sXCwIholuOSVjMjqSEtntihKjNqHykADbrqOJ1imbbMycMXMkjKfM4o0Nxju/cKhb4+hDpqCknEpbT2l4ObbJoJ/Q+E7rVArpTzY9dGZxll66sXkE8lWSQ0+HTVjz22mDPyaUps+HxngJv9pGdOqAF0Z5LLls2SQhyBzLRl2R25N+AR7evLpfdoRj/kSm5VBDnbovIMdhm6Q2IX7dhx2c1tHOA0quWpyxvRlm/ln/hh5B+kHwkGZeYDv/TrCTHGlwo/0LWEP5yp5nqj788APfJWUzwNwHjofzP/ro1nJLMXzc+YbGXfy7d7/0xVEMZpPAf8wg8847N/2z761/92/+lTcHaXB1wL7aoRLlgG8r0ZoqtRuxdiiuwOIjmQJgCKkUBhkWf77Hp6HRw7MHfoOdBtGnn33qidtfNTyU1w6nY2egoacnXybFaC4TpBwLcMZZ4oH0d6nmiYMrOF/+Wi8Hdh50Jd58993ltBZ5Fm74UidMElvLDVUcv5XnD5i4I8LV4dGjR/wHT2wSXA46tXSzY3vxxZeWN968tHyh8mKX/3549tlnVC7qll8q3PUtN14xjCw+Ub9vSobNAQ9WPvXUE6r7TDgNc7qhcdv5nFPsuq0waJOawuZchPsGU8Gsw7HbjlT6jfXo073DqU6ahu1wzhAVzdg8zZcJEtng1jLxoCwvkuLuFnet+MXHx7c/Ni+DCD3+esP8bALYZaufaYAQ8JN670kIWMsIdTgfvIIXLIWVL/5mEG8UQx9wtVBzwFNpcZo/QTxK+Opy2Iw9m3U23mTMZnwMWyRazwSux5jSp5kLTCr6BOPuxnYZ6wKZtu6yuB7Y8JCGHzafIt311kDedeb6Sjmi6X6Ax5sDKwoOrWPDMMsNu5UXkHQdAJL3VZOxZLAPf+L2gXTasmyoHL6DwwFN+JE3X/pjFjv6GH1qXSwxlTqAf+036HC/FnT1ENsXh/Qz0sIWPX2mYZWrliK2ji5H1W/pgNYyqfuko198ZYfI9qMoafmKLGXqMgBsxHnAsC8eCam/Vp72zsKfF+ZxRcuYZVPVFwC+eyB/4YPferCLXNVbxmnGs9XbNydsKdB1EBpyQPg2oXHjzAe5apdfBq71qoro6jDBL1Nl+ioXl/B9jVs3ZeFCiE0BP9PmSp9/lu0/keMfinmlP3Mfcx11zAUsgQ0EGwTC55/nD+d49T8bg49v3/Yvu7jLs/Xf/cWfja8VaEg6EYX8Wle1dkPOUOYeIJ5A1ZC+khfNdDqJaJsdUBhF7vTK7+GBxP37KaJw3FXITwHZIFAArvZYaG0feYnHLmqikyPQsXiY6N3ohPZBCatI5whlhdXHDHAGKxMFeyCuQK9cuezb+/wiIR0q9hjs7777nirx1vLkE0/aNrfE4OHOCIs7GxIGDRuMv/zLv9Ii/5YnCF6q9A//4e8tN25cW27f+dh3HBbVMXcndu3CB9mRT8jqs1y9dt22jh87tjz/3DOynvpuoJzYnXE7wVrWpLcDqBkd/rR1g+ugbM06Rj4fg2vL+OQjx0ScI+hVoNkMVEElSa8ANjpjL30Sv+iPfH3FOySYVPg/DXhu3rzpAQEv/av7NdATN5BNgvq0Kh1d3B52eWWmrzxtU5AFm5iTAnjF3Q49wbOo+vmGMbEoLh2pm6l+itSTKGrjWwez+DxknWbCzpgF1xDXg7P3dragkuCMh3eSNX0KvijwJzFgfjYGDWQJSs7jMI7gSWU5hBqS5i1AQeXht1QSCY5Snsps+D3wDcqC8/fv7ZzibCQi5z6+qjCENXXXsJmu/IraAMtClP3eGHBr1w/Cqj9QP4xtOPEFr4dOQRZbAtWRPtp9ro2mryUG3A+qD4ygo8gFyTfd+jlKlxdihZ6/25YdFLgfW5YocwN93Jtt8Xps2UZtgsgVf8ZAaCgED78vFoXLWEQG2YxnLsaA1Z/oazsep/VnaX1XEAh9hUIPHUCS8W0niN9dVsXbeNvWrLP7X2Rid6Y37IC6D9AfvmamnTq9KqDOuLonMM8xf0F2H6s+w3rK833coc+6ks0X8x31z8aM5wDZHPDm2E8+5Y7CXUlKkT5b/91/++cXKUhXLAVzh6wC7lQgDKQQoY8rDEF3amGVyYN8HgjiZ7d48MBB3zmgYzGZHziw3w7xYF52lNlV5vWbkcukgy2ciUOxrU6ndAYQqeAB5OCNr2CEN3OlkbWLeYFTdq6qENm9fO2yF/pTZ06ancpkULAr/uTOJ8t7WrRPnz65HDt21JuJMUGLmcb60Y9+tPyH//BXflqexnn66WeX3/29fyCZE35+4K//+q+kf2s5dUr6tUHgbZOtg5ctbcn29etv+1cRR44cWp5//pn4UGUHSNMpU06BIpeVROUdNb74bIMJxYM83Lje9QbASs4SnBTCR50Z6zQ8bht/chgfheYD2leD+EPSqXwySQF0l9E6Cr8hw4TZdLPowCelqWs2CXe1a775zk3zNTABotu+SF9MZ6C4vwqRNBvd6GTy8aAzp4IHF7mUxwMOXVCRJ+1OBZMsycdMpnZ+A/DDH/MUzonCy9/0ieBzdcmVFBNmgses8PEpfNGxgu0QF37uCw0zreMNnilp3nyGPdLmrzShT76ytkxRHAPUoTFGtZ+zrTk9fNNB30UnactNfKt/bVdIyRKNhQodzC11hEln8ZsDOUFoKzgHT9Otl/pvzsY7ctyLX29IMzfWA6fmJ199qfoTgl1e90enEyhDvkYym6H7A3pX3xwZSCe0XjKmmD9tlDpVLRVPwD6WzgZvfvFLad9V7fkPXYwzgtPBt/ist31hvCQYa72f3OEqOA+/A+u6kAuv1AnjEu82+3+3xHZI2ZyqdOV38G2DLphIpq268L+SQuHLLAdf611lfjUIe8soRo1tp0/Qj/gLA+50k7+nuYs5y/WhYzz0yYU8NPmBD7QPG0HqFjnf7REPv1LEVWR7ztv6d//mTy+ySAMod4ORkRMpUBewC5lNBADe31uIxx1MRoE4gWwqLwOidoLC81UD7xTge1kamdvz3DngNjA7bPj89YP8yrBOg9gfVClKh0Zr+1V+6mNef01AjEwqzfKOw4Md+HEPLfw/ArQPPvzAb9PjVw9clSLz0K7dumDSrlUVee3aNS30p/zTR8rJInL16pXl+9///vLDH/3Qzy3wlcTjjz++/MN/+A+WZ5971i9NelAbJmL+y4H/X6CMRw4fsQ4O8rlyXayD5xt2a6PwwgvP2gYt4zJSLqoapwHhSDJoKWGjgR5EIBEFPBHocPtpc9Lt68NtFX2GoqEXZDqa0qhUomVTt0ZvxFBTz6UT3wuPbMRWHeSJzatTpJwzP2V0XSjtZ1a0IUCIXTB2uJPDg5/vvf+eZRgAgH0lIf1KKjC5ZSAwIdMGlN0TD3HZ+bomKIRaB/WHPLL23/qQzS8duHvkn7SJ6LLLqMvFQVuPiRgSZU3/TCmZcDURSi5jqOR0kCLYC/ujSL7ii9+pgI3WW9rmOrV4gfHon9ijVx8pXvUISMJqXNUVdw8KnzsJbV/JGbBTwcwTg8WUp55G+3QsNseA+SClnoa+oW4brvKjPDpgazp1Rrugr6H1lHT8megmkVWwHpPCn0/SQ048xilpVoFjk+pXDYqbn8A8iZYG1NC22XSa3XOsvy6tRdy2rBhdxMhUAiCpgE3kgyARHpclKZ/Tn1Z55pnwCFfo2FSfc/9s+aRaH35njp55Vl7SlLfLAB9tQnzvS/7l9m7d8v4idwckIc6MHwXqz3ebfcc5D7vabc3RdhNT5S86269Eqx9N6zIn72T0WcnKP5QK1ymDWCTpmDqcbQJz+n7Y0GS4j1/5zCX4RZ3xjp5PHHxxTkO5Dqil2Oci2xeC6i9c9KKROY01BnpvMjNvoQLn0w/Jb/3v/uLPLlL56YBRrEiAKpg5pyIyaSK4NqbZRAXvpAsVXSSjS8Dk5UNJOfHQ7l3+EyQ/sCh+GpqfQTLhfqqFmbdq5enVh1xArtp6QNu29GRSpEKUVvm4sv/8s89yK0WVkck7PuZqA0dSRicNuQLDMyrONiTHC4pOHj+1HNx/0IsQzxsgy8TILwv4OuDs2XOuSGSwx22cM2dPL889+8zyvV/7znLhwpPLwYP7JceCo/JgTr4ePXx0+eSTz5ZXXnnVGwz+r4Gy4i87QGzxM8bLl694sfvu977jtq/KdkS5vPBVfQDUDdCDkhw4/Kfw1JoXNg9Kodoh6kMqqM+uG/LWWjqTdrJwKCg7yrsOzaS8/MqmUTk6XAGpLIylSnLidOfGbowE3ErKu2zlp3kE4BycK10C+iB1wubugw8/dJo6Na3S7JRxAL+6z6MIffDYFwVPSATVFf8hEnz0fz2e/OWf/CQvvPuXDviTx2r0tyxXWV5YlTd0OdwQOJEyIJe+bpQXg75aNkaEuS7gRcYqHqz+kI8h3PELKdecP5zig/1uUB6btt929XEZalOwtitysim7FhC0P4hBrsjynR+2leZkD/EPRjNAT5ykDtmkHsA7r6MvPBoQ6TPjwJy2YyHH47kqoMTZ+Jvf+PjZYGl0yL7ryn7Ck7rutrEIeKnweKCOQJIvHgJjo/9BNJvtGiuiNVhf431On7CPLICYB+tE+oDO7msAPgNpcQDb6J3KDhV50wjQ4Amdvmq8OShDAiVNnn5S5eIQcq4b9MPtfi/dvdkFx/jJP2HmzkCPAdxPGdCjcaP2ZdzyHTr/qMpDjWKLLgXK943i8WAuTiigI+ta1ogu0wro97lEsrYEwtv5Ia+PMbhAvtkFrR8Zt0Xlh+wvgDbr/uUEn9bnyBB/slbSf27f+cTPGFCXoVS/KBlHOrk2VW/grbcI6AMPzn5aA+nU79a//dd/chFWJJFp50Y0FQyOGKZC0yHXhmUSjMGujGgM0HGNLxoRv8vlO2IWQN4vgEOJH1x4rwI7RwZ//7sjt+bokHS0rijfrZAuNYlxn939zFZza0tBOkG4IjjKPoAK+4TPNIySlIEy8WAGA5c/ZnI5FWgEfLmnjQvvUYDmSpUc+JOnTi5nTp9ZDh0+GB/pyLaxDiQ6LPoPHjzkn0BevnxZG4oz/hmkfcUdnXjylOcVyH33e89bFrkMMGwSmz11oY8zBmONx3cGJ69oZpedXWFoyPTgpm64k9OTGOD6El/KSAjNdNdXG8yimdvuOCIoGlnKbnOmFb35OhZIY5WBFOnYaCsGswQPoLNtWrvKx+02ntblLZXYtm/iyURM7Zb8ZBtIllKT1lmBNBs2No7eXKjtSQO0lzcRFqSMqYfYy0bDfNUPPdmJFdsZNyaXxSqXYwW1C/UJKWWVvMqGDQ5QrpsKCJlNEG3RasmJz7xQ8VX+ULaGlZ7QvNZtHPHqQ6DjSlXWPlomepyumLLRLqYStx0B/c+EnOpcoEykFA+ZrosEM3VEZVsibUNw/6Yt2j9/dEi45T0XQGiQGi8ydZBHN+qruIKW0dkR8aRD0Hhs00fcp77Kd+fogo5MFhcCkzSLKlfHwQHI5u++Y6Pl7E35hiv402PW9Y3eKht1AXPkIk9I25I3ekBnN/h7k2Wz9PvUMdzgexzYnwGR99sRtcBZT+mkHrgd3npAZyOX16NzN4G518F1loWfsnFxtbkuRKfnYAFlblvoaz+IYr/rpPOJOzhfMivdUcWVETR9O3wL2tA6uqq285JvX/Dzc9XFxx/frmcEUsWWNU/3kZUfmFWCU3cQPfUbgC9rBtxbf/Hn/9LPHMBhnvUUnEIaOQ0WQ9DTiWmYdYMQo0BUcuITPc6IPtL6pOPzk8b8YoEhy+11Flsa37tFdQx4eKI/dmQDcXWALgh4BhCDmE7GA48xga0CkrYNrBXWu0uGBWXlTY/c0bhx44Z1HdMmoDsi/vNGxMNHdLVPXh98yOBgsGs3LB22LDwyveCysNOxqS+eqOdPmF5//TUtZh8vTz51wR5Rf5SF/7B4/fU3vUnizgHPaWCb6sVHoNyxTAO+YGsOfKd0+cplD5RD2pSwAcpkkTJLg4MP9Hk8W7Hw4uNcushHZoaSLz/gS92svNHdudBarnWbGlTxEAeQdT8cZQ/RbjrZ+a/999ps7qhr43RksS39BmFrEoq58gG94LBXMTR0ZTLPcwkOzed8xz0o1U7iZYOCb3gHLzR2/imvcKKPB47CZG7PbXFMcdGB0t02LLMWymC0iJ406Q/BmM2l1Qcc7c/XSu4Lznu2qHqxKgGdQWjGmvlKh+0CpVsw8OVvuHX2mC0+dFQANtIc+AC0A9AdmQrT4AfWtLmSFIDv+g6gT+l8khVA7w1Dj1O3uT/UQ0LzW9i4yPpoG4qyQCU9+8thPDDi1p9+w8VPeGi33MnstP2ssZ3+0jj4BQiiC+XoKLsdjwCHjazjjvYhbjWtoFA7g2juqebpcljYOPoK/nfZQstaQuBBTXDUF/Nh36nqtyb6TrMK57tmisEhxzgkZnPBU/d5Xgt5VQRispt6siu5a1GV1GXcAKGCd80EpTzpcKeOdoYu/0r/Nt5v19G0Tfqsl7JTJUDroR6og95MgfdGSkfqWmUveWikkhOQEA+q0vbOmkA+9nSR/G//9R97c+BJd0ivYEbRkEVBC7aTMZCr4m4IO+MvFM2Rs3HJ99UvgC7STJhsCvjZYwh5FoGvCOgwd27fcWfbs3e3F9XWjiyLn7RKfzYI/KSDnSQOcxuZNIMfB2KvKoYJwXircYfw9y9KHzx4UOGAruzfWt548w37tf/AfuvPbpYOxGKMMB1JOX3YxKRuFPiYjzrkAbcv/VUKX5lA4x8csffzn7/scvEKZeqPxub22Wuvve7v3L73vRe8mUgniG0A22xsUqS0Sdc/0G3FsxTvvff+8j/9f/4n/4cEdzw8SCXbvEp4kObrk+QBq5Zd+HEadOb+6DZdx5jUBegcegXwNy/QixGf5CVrftonOBJ9VU4IbOrNoE87tC4GzNVrV/3cARa5OoEBnpacdXLGH+qiGVj0U6/EmsBUL75FqTrAPnj6Yk9kmQRTR8Rdfq5uGMRCOd+DmNAADbu8CEstZxxt3AuV60mAXpLgerEguBRmcSp8AtOLT1abPMB0LPbdosYp4BQRQq2vbRuHRvsnHDZM5xz56HZW7E4ZhgvSOfQCYkGCPoRsSKG3vpHmmHAD0AGu0KS7zpzvcSEUbbpdHr1j7CCm2IGj09Cau9IrDn+Dn+vMUFmDcMOOZSO3bi6Vlzw+0nfIo48QkdhIX1JAoUSQzVdoytTca/XKx5/wR1fwQOsDzBViyQbPXOx70xO4/dX24Q5E16pz1Y1txmrs42fGBfjqf+6rKYc3rKojv/GRjYPm28RbHt8Z91kg/WsQj7Ns3NHHV7zY67Kg33NOFaeBvLCFD3GkJTrjvx1+Gf1XhFmN0jv6pRPlYPx7Q6RyUkZvEFR29ysFcE5bEjFrc1ot4DN088TIWlfCeS6UDd85MNGkdkUwEqGRtdpSAmSSSkN5l6eFsRsx0B0R6XJQzqAjBcitoAC6RBMLryHOXyXfM52FEdqHH33k73+5w8DPIpHnKUtL0xl0sHCz+HIbyrfRtRsnxi710LbjCqdUl0untCtHHRQaX3mcO/ewy/M33/++/22SnzdGQLKCXhhSyRnQqMcP+LxgeCAvKtMe73aRRQUPO/Kvjfwm/6Uf/Gx56sJj/jUH/lOXr7z62vLZp58vzzzzlB9wtF4aVAd6G7DMfOCS8BFj05H58suv/GpmnuD/n//n/+D6OHb8uO/OuK7uZcAxaPFVjWlZTwAuV/Q4dsi5UxSOTut0Mxa4rvlM6OhMfTk/nRugNJehELM/+GwQDjy+83UMz4uwKWwcsScOsfbV/gBkaXP3IwwkAuBy2yrldlQeXQRP3tKJI6nr9it516Vw2YBl0wpksg9/dGUc+esdxYBq0zJjQSvdgLNzzBgsOXxZ6fJa+fgfW9QXtsykgYafPSkL4bHm8WiW4Glh1xc8U7WVUOGSxk4mYYJ8N774tuWssyD8oVMGg3EzrWKQBZ2PrrQz/rjMhW87Ld/lyUN94eVoucbN0LLbQ4N1bIpYp7hGms+QBQ9K9U8/sgXq3fxpF/etAvc98SHbbei2g99+yELxEMRSkDzBBguc3cjDQ8I5TgZUQ7PH5TsmCeAZU2RAt1/mKVlwaz4026oxQHrmCcQRFnh/3awYnnldQbbnXWj4wLzLXWYCc3/TWn8H4P68z06v8S+Glm3AXushPUA4WapM1XNB89sXYwIr3lnTG5A3v+qaC2c2CJSddcVznPCMwWY2r0OjmHuo33yNH9zaR3xW2s/Q/Zs/+xfaHLTHcZJcuxNmKRTCNJRYEU4SwknsRqwGydW1rtiRKn6gnQBnSckFFxodABd3PbS17Nu7L51DuvZog3Do0CF/x+JfNahCeD6BDtR3CbwgC9ABHZ/421Js2A2I5W8Kk6tnKFQqAw7f8YPByiYE/fxk8fFHH1vevn7df9KEXX5uiG9AKplyJN2TNYMA/Uy4+PTlvbt+kNHF1eSMDe4c8K+Nr7/+ihdqHnI0Xky8COn27U/8CmV8QLDrylcYLkQa3sWhhIXucuAjbcDDmmfOnl1uvvfu8rd/+9Jy+colf/XC654pjycpT1CYYWGLHVuoOmscyL61iXHTyy9jmx+c9U4DJiTlZYMy6OMFs0j4So40ZWhA3njscYgh6rPAIclXOrwFjI0Bg4WJAn5ky6x1AD2AyGXDkD5uxVNsvPzDJuB6UvAOXoH2BdVXePQ7Bimbg/GMQ9tSmoDVQhmgU9aUS4E0cTERJe+sy0D1RxMAYS1jT9KWF2NsTvzJpnyVWf0Uv/uWkxDMIW22D8obgLIBmKaj6yRa+mhZgtoTOeHaJ5S6nYVc68dosW4uHHMaaJ9XmW/hFbnLSQQJX8JCJhEw+IBOmgUG/FPavBGYfW66oWSsT0iXXWn3NdcvITpQ6LKav3Q6Ven6RRFl4g4T/MoaxlyjS/v2Y530Iw90ffTmtPH4AAl6sRjW+jHHunntNlHIfIncJAgoz7FC2th9vPT2MwLcMYbeLyKLrtJZeuNr0oyvHmvRhx/ZqOBP/4Sv+TYAu+JHret3o26i/+8DXe5Rl8qm3G33fp2xWxm4Swesa5soi67WvwoYzKeALS4iWfcoL1+xAEjxVmPEKS/gecz6CRmnnssKzAWvUL6wUt1u/W//9I/yQOIEraJFVx0ZiCkEIYYpRIcgeNBNja8OYJxpSEQ2HSQDJwWNDhwGB4KG582J/HETC6t3yuqI+/fvd4di4u+HMXwHgsIoZrL2VYHt5S+QqYRxFaZAFAA/MjXRp6Ohjwrl1jHAIsviCvB3ytfffts+2M+H+Dtq9MQOt3ioYPz2LwUEefgm5cVfnEuZtPHRIs3PG997993l3MOPeEMikjYiV/36y7NnTy9nz51NZ6dQhgw416fTaRvKiN3mMQ6fJAv/+fOPLJ9++on/lOjnL7/sp/rF4o0CdRWdLWsl1uFKI6+2cx68s6k/n3XCPocRk7xxDoXWKZ0zOPRXygAlZtIjLA2PQnd46g8C5UOeMlJ2/pGTZw64iwB/rjJgrfooXehFhyfLCdcAr9tIeF9RF87ll5Kuf3gIPUE5TawJjz6FX8YjVwZsy7oYtMk30eUpCB6gHopuXOMF6ler5+kD6HCN6pN6Lrqi0FOXoq54YuG6jK6vkiMNuydXdNcYLimnCS6iNiRuo8rD6/oLa3vivBdFfNEB3izoIlX8gG2R71AOW87lUwoeUoo9Hpxb2QH8Gn28dMXaeqR/KTXTFSPi+jCBCHzxwajQ9eVyNV/VtftZLViuE9cjNNo7vCUOg31kkqf9UsbE6HCQDDr0GbT2xbacD0/70v0TiCztIh9sn9D+OYo92xZYV+YXX1nOX6GWfZJiGdooOzaQ6cD853Kjy77JLzYH5VfGUcYSz2Fk/K7lB5+vESijRQbgF8HPr4kInwEj9i9tAVhWyS5DahSEyZY3DFQRGrZlDcJZKqaCGCBk2SQ0OXW/DZroc3z2pm/4Ht+8OaMNBdQTD0x321PvlMm85m/jSUVH4aTXFMVg3GZ/9sf/7KIFIcJTwrOi+BMKAUqMVXoGG0GXAo6r46dDTANgA8JrkslTXsDtWH+NsG+fr3DB06GygH49HkrxLRbhu0LSebOpYKHGUWi9sDAeM8kpU0XFLvwcGcTp2OhjkgeOHjm6nDh50j8heefGO/61Aa9Jzs8y84ZEKp2A7l4YAHb9PGAoT0RL+ApeYXjIkfcq8F4D7rhsqTxsDt5//wOV767vmnD3xJuuKicDyD7jm2yBA7DXk4eLZ18ko00Vm4CzZ84tx46f0EbrwHJDZfj5y68s77/3ngcbz1r4u6zSg2IGLnbA8aAmV+jwUK/YzK9IZFsM1S0EWI5t0ikvuOBJ+5CYFxxopq/QdWg+i070ornMSoQ33zeC42FSXi8Kzpsqa4nccJF06e26a5q5yIinJ/qUJeA6Rt6hkALqPZtMNgOIr3xRHn7TNZglQMZ5B3OknPhEcN1E2OdebNym5nENDZ7QogOY9XiypjylQ11RMbUTcJqTVMEDtLy1t4+quOQVxObFWGm6jKWkI+Ukv/pT7Ib4Hz5w9okQsmH4UnlAtYXG0Pi0nPLELqv1BAeTWels8CAEVpHbxv0jejncl81S8qRhUYCW/oC86LJjnW0fMcs5EdiWhqvlQ6y6BIyXfiUzf6WsfDz5O+gKebp1Dm9vANHJ+GRRpI+6b1AecbkPFtjXCm6AgiRVC0o0f6LiJSV9WeiZY6mLVTcsrhKluaL1PKx5h7mZOY0LO3wicOHkZ7iqf+EmavC/gTLkLkA2CNCpE4YN8zcvjQPH2GEewS++hubZKmLy3ELHx/RcfKyyk/a5IOTgrLP4i6fL/8vA/LBKfPSLkiXu+WTwmFbGt4FJOsFjDk6WIRNAHw+ssyYC9JGGbkd4aAOMOk8jGWq2af0kaQvlt/78j/8wzxxURVQ0BABws4IsGqiNXNjC23ydc2XIWHcCd3z0oLRkxyJtSAe3hvLFBVOn4gEVrrDpYDT6nj38m1e+c/n8s7u+WoO2myt5bKgTZcPAA4lUTPsc/4dJfKgj2VQizO1L09C7Z/def2fPYk6Z+KqB1/VyB4BnAyxTwSI+00j0aOpjlxZ8FvZc4fcDit4hK88dF3Txx0HXr99YvvjiM1/pX792bXnrrcsujxdxxSww/lqABVyyDEbaB3+tS3WXMuukFPXPVy0nT51aHn7kkeXChQvLmbPn/DwHm4S33nrLg4/3L+zWoLKU2yl1wm07D2bKJhy2vCGSfYxgpssNRHaqDzuCd/Aobecq6Ykw6Znuq2/rB99Q+gTY6H6Ib7ySm7dL8vAS4AkW+0i37pK1RuGIfYUm3ujugZQNKjDKIhv4xObIvkmGTQa8zithunz2pE1e9eSrIbXX11+vk90MLge6FI/6miC2wYU2gg7j5Bf/gIfv1iz00OFIup0RmEZcdU4SXdav8oox7VzjFjzC7bPrJz4Dqx+VVjDFp7IgHPrCmSM601+HDnCKkoeuT9npEpjWPikafgrfYBx82Gx8xJOfeIHOIdd8Awko3XZmQrzGDjgC7Y+CUkK67U58s6+uLfG5fELbbxKkVc7YpG+En2cSRj9T33JfDMl4H8QIlJnUIXbTRygLOP/pkXnhWv3r0PVHCF82vA2mOSWc8OS5eGAe9lztPsldgrQ/4EVb+L7rm8DinjT8AezIx3vrcxhQmCNzAUhb1fjSkTHHpig6iLORWe0M1dI7PLffKUvKVvUBrnhMwx99Vv92Bqhhod4aExiy6BckX3wr24AdUIEiIE89sx7u4+WCyudXDPc8RtKX8DsFgj/zW8ptrHFcSLGG8pzfnmXrz/5EmwOQFpxAuEQVj9OqEGj6RBy0BnhGJ1C6HdGp6I4EPSmqAZXLhEqXTyN6Q6AOx4OCpBGkQ/E0Prr9Rq3PPw+fFlc6DsWClivyFN4dRHLoNVSEH1wRtf32h0xXDxGDER/onNxJOKWF9sMPPlyuaJNwUlfk3EUwr5ix4zIpjyoGx+eff6Fd80P+swzuPPAfCvh1TRsAwtFjx5avNRgAfrFw+tSJ5Td/8zeXDz+MjbfeurS8feNt7455eJMap02y8NRXIl5oM9iymGXS8EJmfg1Qb7b2LQcOHVoef/wJ8e7yLydee/315WVtFMjzNQ6vJKb98JH/Xs/gQR9Vk9v2GfhV1inM4H5TsoB9hKdRxE0HLXvmLxzasOGExaLPQQe+QOAPmN5++21PmNjIHZa0qUPZjLnIm5Cu5iTaGrof2QZ6JM8E2WPG8o5rYmbyJC//QVLnfdWXFyulXO7fbrPkR51FHY46ymScuzfZSK91i8257OStlwQY8ScBF76FnwMV8CJqaZXNi5+CEQWRQ19qJeOHja2nHNAImw8D3edLBCKnAMi2R+BkHiDytgWug2AuM3H6Gnet7q3igEWjI3USaHn7prBR3wLmEedLJm1oZQHF0JuvwWlnYWxa0dEn/iSRpe2cHdD9CXzbwwfwqIE9NsxgKwaP6SyYubIOBTkupBivhZAP6QPuEz2/CY9IXq9L/4KXT9kyUM/iDcH+40H3144T0tcB5t98RZl2SplQa03mJ25gPJiuo9cJdOB3tzM+eSyXvfCmTi0swJ+uD8rVY65Dfj4pW5LpOiXqMtiOIKQojf3gMBTsSv92gP7tPNvlk1dIFRrwKbCTHnxZ/Wce8Vro/+rhbkruLgFdT7tYCyTgMS9DqCeffpn1lbsPR7QesKZt/fmf/LOLbYA4bsSpuQBOTXlgpo9yCKLrfl4wbvApIEgnxyY80SNOJUiCM2/J05EoxD4t/l7wdUDf/RDf2+/1d/v82xSdgYKyiNPB6TDIc/cBW+in0sqgaQ2udNFShvgEF11SSN8u418AuS1GWXn/wjPPPrMcP3bcz0j0cwYljgbzcYeAHe9Du/Ysd7+4t7z40g+Wl176kRb868urr76xvHvzhl/7y6J/8tRpd+af/ezl5fjxo8t//p//r5cntIDzh1Asfu+888Hy1qXXl5MnTiwHDx10h3B5ANnywqt6yYDKwMZ2l4eyscvOVyF8R6dFX9RLly65fo9rk/NXf/Wflp/85Ef+eoP/lOCrDX7SyS9G0MMmiasC37ZL7RgoKwFwu1domHEzvuUaR9z9ZPQBaEWPBQF4ReS5w/DOzXeWd997T2VHZyY+6xJXia6yDfAoch1ZWfkCY/vEpxQwSWHVrCDqNMrNUbzg6I/roFSeKz2ucoTzJkY4JJFDhfUUDiDviVGHF/Aa8HagC2Vq2oGJDnqT8KW9feABJsiIebI0DVU6QIYtPjhJpnRAV01ST150ig9sOHVYLLFplgm1bXTwRqRofBwKGtfygNOgB581xucJwLl+BF0OZP21nGzG51W2F8zw2vL9thlfyjNfdbmwATdinXe9T4c/onUAURaUn2jFC7TPQPsCcfCqHLDAx5zohZoAKzhtAtJPWGiZG1LuzKMx4gXzi7yMCNRoC8t3+eygZVp3Q/dpNt8imJ+5I3d2U58BSaNjBFSu9d0BwD8Y0IM/8OC7896khzfljQy62h4Be+hw24iPZ8N4/oh1oe8mpj7EU74Bqy9KKz90mSd1k3T4vw3QsTNPdM/2gG/TB/5XtUWdp4GyOduvNYmLOvosz+bxLAJ9HxqQzSNroOqBelKfpp9w5/vhh88tR7QGbf2rf/mHF8tVhckRZVUUJeRgMAWpQKcUJ518YC2QJfmMPKdczfp2v+LQQ6QBopoMMYWg+bIrpDO2LvBc9e7ThoD/aVAVeYHsOwZ0CJ5HoAOxScjiSWeRz9LV+gGS0ZsBgEPuvFCURre5iJgYwVF26aIMdGLscavfD8KgJaLmy2TytSdUdN2797XvGly6dNn/hHVg/15tBo7bNmVEhncesEl45eWXrfORRx5WOfIWxmeeeVrl3OU3AWLj4Ycf8QDFDuXIgsPKmHKwqHCFxWYg5RFJvrPL5n0KPOHP30r/L3/5l8v72pxwR+EP/skfLN/57gt+noOvNHjV80sv/p0f9GNXScfzhkK6sZlaoj9QR4EpuQHdhi3bsD1vvRXss+iuWz4rm8EbIdEpJ/9H/uGHHw37rSOCxiiKLfcv9JfjaVuxqV7gjRQ0yrYZkDUzVDlkrsoDrZfgqza3SSY2T27wVPAmpjYLsJIHJG1548zbPsdvMOGn/ru+RGNSLzyJ4GGHr+wahz4FyTS0zwRsuY9XPSEXnaTJOWl7oVc8dGdS90SPndKDTE/+ls/J8azLn9LVvA0beFwykk9wbp8JzNexPi5zUAaXCxJ+gSjdo+zIUafMIVU3RiFmPqQsaRCX+TicJ10BGDoblMT3TpdYAbyJVUHpT2LwYq88NthsstDjX88jsI3+Rt6+94YQ2SzE3G0Yvgy7SVAuaK0HsLxDxgw86GGRcr0gg69TGUq7gbrv9rG/vUHGYYpY+k0XjnTP4cGbadACGMMqtZH2YR7kwpD66Nh3TyXHfAiPn4fw3Cz5yV+b4Gj1fw/Y9AkgH9xKC8x5l18Q1CbfCvjfKbjgUyh2j2eNO57TYz3MnQR+0p6/cHZ79wWsDvjh4Wf0R48d9QYBP7b+9I/+6UUMeDK0KQURSAFxInlsJ8uZRiFTHjWIZKoZqdg1hCJnSPNR7I2CAmkcYk70FUlBKish/Nn5MBAg0bgUbO+eA/ZE5fQzAVQKA4h/9yL44RcGAPYl0x3eBsHafnmIEm0CSDctrwrFL/Gpw1leB/7Az9U3nc06rJPOiX4ach2M/E82utHzthaxT7VJ+C/+i/9y+Y3f+I3lscceU+McdwPevn3HizAv8+E9BE8//ZQ3CXyXxB2Ss2fP+k7CqZOnVPYs0tSDNwjSzoJ/48a7yy3+1vPO7fwlp3bOH9265VcLc2V99dq15fXX31j+mj+M+uEP/W9otDT22ej87u/8zvL0U0/ZBjo/0wbojTcuL2+++br9P3nipNsOeICCp/Ycu+46S1L0nlga0rabALvbRdATWvQ1b4a+U26zoisi8CAWz39Q5t5MNh99PN7lFCs5ty+2OflJm3nhVppbd6ahq/ihO3b7bgI8PRGFnU2CJlhPUD1hJ1B/6M53ycq7D2aS769HGqie1BG+wUW5GFdqC/fRlAMW+rrpyNBnLRd514sOL9L2PrQRi87EObBKdClTk02BBiU6swFRjMvgwRV02nTiiQaqdeA3sflgUcBXL25Yhwe/XU+RM9+U9jxDnpiko+AA11eB9UCyz0aZNyqIVznAPsCoD+0LHdFcCJAitI5VHvqwgThy4m/8mJcE7q+k/Slc4Z0lMp1MQvLz5oBNQ3/1wAVWYi+KzF3izwODXEmrPqSz65dipI+WHcCZ0B3Eiy4eVOa9LWwEu595Hi+xiiJfcetwiyrfQUjZNdZypOHzvC0fc7eS5w1YC8TrZyaqXpERLzE8+AINOW+kql9hx3Wk8nmxVB30GKMNcMMgVUl2CfCK3CjRjhAfxF16yAelE7GjlN/YRKE1FM8Mtt6+CSiT21jlWPnjI0nag1f9+wV+qjdwrIX5d+SH7CDrGl8fczHKHYextv2JNgcuQfkwKgXAj0aYJ0wry/bC0dCRgZ1/bjPeBehBkzy8/tDg7kQEEOgU2Toi704hhy3wDfTIuMJlkZhJLL8YyM8ZqRQ2CNw1YGDwLmoqkIfxHqBTSY+v9lysXNETbEP6sjMnSV7soRjcycBhRxXuAeSOVfVh2fiJIHp7Y9H1RYe/ffvW8sH77y/PPvvMckCNw1cevKqZ/2fgD6SuvHV5efLJJ/0PkDQcmig3v3tGDQszu0O6Ap2f8cEGhQeMbt/+dHnjzbeW17T4v/rq68ubb1xa3pS+V155bXlZ4dVXX9PG4PJy7dqN5VPfYcG9b5YD+/YsLzz37PK8wn7VJ2U7dvzY8viT2oicOY3n/mOjq1evavNyQhuE40JpkD2gOqBgFJ+4gLTbPRXtQB0YL91Oi9aBfNcRYLzFUoczDWOtP22n8qsgbH5ufXw7+ozVmfIlVYC9jrOQElPepPHF7pZQ+BqM8rltK1hfIuRJZbGIHJzkg4s+/MUmwX+bykRo2/QdBr30lN6k1zxp2OiPqhmPEWKXR2T6iu/QQbc+hFSP5s0YQt2oU8VOV3E8yTPu+IATUIaRV39xOqTCp51I40fqEcNI2oFKJV1Oib1sd540ahSCUJAuy0HCTvlm6FiA6LjAcIbIFtyXyGMFUmykPpyHFz4lU9WxN/w10wpuZ3SXfmueWdFX9NQFusMzylD8DWTTfwTwJFV49QOdMh9avQnodTtTjhaFRB+rRTB9LgEg4qeS9mvUpfpqKaXdPLfRn4TLornKY9MLK4HNBRuDCDumz7ns4BwXKO1xRpI8/mPPpLYhP2wm9qzPZU4Zs6FJG3c/k7eKjRIPzz2sGwgCX8X4AlFytqYPfpQhpGWfDoFOcAkuQ+N1ggTu22AnWnRs4vHYJowOjXLObNtloAPIrrzEzoUinZ4L3KfDn4f593oTQDhy9IjzvE/IF9d7s1YiDC8bPW8O7N/kA8ltPrkMBgnbseFM88bBAVaSZFfC0CE+49BhGcUqCD+1yw42dLfPACayVMgqhw6YwFMh/NQuT2161ygebuUn/eDy6ed3/bNDKm33bn4WGJ40fDYIvh2PHMrKrwEy5QFNogYMdjnjBZQuT7BT3iscSToX9cdCfs9XuceP8c+MB9OYJXfs6DFdyd/Rov7G8tRTF9zRkcFOBixXmNRRtQVlYKb75sHl3Zs8kPfO8uxzzy+PPHJ+OXv24eXo8RP+KmDP3n3+eoKvZBA5efKYF/nz589po7FnuffF3eV3f+t/tTz+2KO2w4D3GxQVs0l49LHHlqcuXJB/R5bTp04uhw8elF35wUSisB4UhDJnInDBBMFXrLMXLVI0dpWl806TLRxgOU5mb0slo8CkwPeKPLzpK/Ev8/rkQPPrXPIhBp/JJ3bBkgPX5okchOAA0hboS2hfUmaMsBnIpiD+BhyLlYkNOhsD7hqYR7IWRZ8+aVv5VBsF7NsufELYovHxlz6aTUHq1n0ZUXjIC5+JO3QDBAed+FBGYrG4X1I3VkP9aGNKvZgdPlKI6cAu/KBkjyl3vLa3+kcAhxRZNDqwgZx5xEva/zJpnWQI4DKubZdClU58jUwWLfDUhXVZ0GzFLUCncuhho522xo+qF0QsX6HoTTMOzYo9LzhUXQlsh6JMMhnjSpAufpOKJ00eDzkPvE/BG6V0L74Ntt8HeLF3P3HayqV9hCyM7jNyw19NKngzJ/HGW68CNJ6DIqYczKs8AJc7v/Qp5jZM6FT+AOStg7IrhG/TBzjBdxu4bDro89gzr3g25jw7t9oLJO2vs6p+6CukTdE8zDAyiAYSnX5TbD3AR/vteqj47VOuuM1vg4nI/arQdZEoZQkk1fRA6mDGtQR14v5VCswyB+hGIpEYHHXr9uI5PLUZz+txJ5oLaDYLBw7kKwg2BlvVllt//M//IP+tYGOrA7ZqI8JW5bepNA6I0LdDF8oFsZQCH+EHbZIlbWfU2D2pNS9smMcmPFQMOBSucSYDe6k07zzwdy0qvPGSpSK4yqYE3Fr/4u7dURnpcCyE2pwoaDhZV0/KgG+bK5DDruskTHjQXA7p8Ep5cNGB0WfvChiQD6pB9vslR++9997y1NNPWyeDgytEysrXCnzfz5UwPz20ful23ekDb+yh+xsvhPH5m+XHP/mJv1J4+JGHl1OnT/lhyfPnH/XfSD/9zNPL888/v7yg8Nzzzy3PPPPM8tijjy0XnrywfCUdP/zBD/16at6e2APaILvYOnz40HLq5An/9wXloL1cGVUnDOhyyfWGv+ZRGnm8dltO7bwTmOb2ll2OkkV1DFD6HAZQ8IrGQ5vcLWKzFxvwDjFD9CKWK6SUM/LdhoD5XCY4BTo5zaSLVn3IO2kd4dXJdonHJB2JAeDQ7QcUlfZEWPVHGE9f812y8hGKvjFpDgL9LX3OPgtN3EAydRHaKteQeuLUfE43HgClYx6jg+BzcLQvqJB3qFMf0Im7f8mncbQs/Rxb6mf0tQq9IDUTejx3sBB4oRedw/Ti0XF/idNGsRH+NWSMZcGKDWJO1ug8BKWn+mz5AcKTzxgIivx2X4CWNR19imNs1d1zmscGxMlUyzkMGU5OGp++qFjtYRsCcO5n0EqevkydUs/Q2Rjc04UCeeZO/9xNF3S0tdt7AvwAbAsbxeMw1bWILhrJtCsLMbJrHdhPYZz+KnfZAPsGfpQz9YEebw5UPwOvkGcyGF9syOMXpmgJysZXttxlsU8WzTxNPYCKT8mDiPYVrGs7cgKXNykf1IVNofNbBF13BZQbvjHfAticj/Ih+hRgw1flR9BBnZGmvrnw7PcEGVd83hxYvTKxhSBQ58k5kQakUJEjvcEnCI04eZMr3XL3petI49YAd0UIYpCPoBTBXfLRoSA+DiqeHVKe2tyjRleHEplfE7Br4jkEvoNnQd2zb69fDkQZXArJYs5pYmcqYDMsYVBIR8uCBwL+dgdgUizN5adidVx+B7xHV/GvvPqq/+Tp+PHjfqqUCQ7gVwEs6H/9199fTvCrBF2lsyAgy6Ym/urQQLfeMkqZeanSj3/8o+WVV15ejh454l8auJ7EweQJLzG7SXwmpp4uPPmEJ4D/8X/8fy+fff7JclBy7Cx9RwU++UYn5SeNlBed2XGnMlJXyY56E6RuBPhcOGRdhim/PaSyTQ4Ip15RSegJHMRegBSz6eKBTb5faz1Dn6D7V9Yl2UfWyfiCT2wafbUlGhs2byKlvn0m3wNcGJ3wGRMpF2lO8S34gGjYFn+XnT7kiVTBL7Ap/VzRMGk3HxFl9GaCftXykrO8shkz8bHrcQ4Npm9MoE7ZSydLd3R10iUdXMiQHvQG8A6M54xpi1D2mgwT8NUEpUfSfoUv+e4/RF6sbSDtONvwxGlSNgtIEQaggFBlZwxko9Htm++nEcJm93GLcTROLLEZmjd+G5Ug/ZUCwkc/Sv9EJpBEtyP4lEcGhOryjeAyqr41n9ESwhiPGtJA67L/VS/QzI+sju5vCfmp37zZ9KaaQ/JojkoWy9yZzTtmuHsDvgBZRe2rdZHvYH9qXnd90PZAuLoc2aCEEghtp34Nv/WK5s2M2pKFjgVvo+50pGzMY1aDYGSLz2jRx10Ejc/Q4qe1wGfnNtuXDHTO7d92aFFidFpNwQ7sBvs+EbsfYd+ALtttIJ1gOxMNudQB7TjpwaekuI51mYGtf/GHv+9fK6zNCKAAZVEYMdLbGtPJGDO0eJsqdBLRuRO0wxFJh6fj9U9iMhhVsBpY4YWzTArHrtADpzqd/Q5Reh5a9u7bYxyDgg0CCyHWPr+bd3FTIdxysW7x9e4M2w3S7iNAB0jaIoqxDXTFowt75tXBQGTh92ZBNDYsPEvAk6MvvvjicuI4P0s8VLSvvLDBw18Qs9CdO3vGkxm6WTAAJjRZUt1kgafO2PQcPnLYr3vmzsOPfvQj30XgLVoHDxzI5kCw/uSIMshXJgpdoZ4///DyxJOPLf/xb/92efnll22Ln0tSZ/jvcqjstNFaJl5Qgi8ZTPjoNgCLj1Ma6PqRCN5v8AOk0Q2PRahj6rvSaZf0gVLpdnNDKP7s0898R4ay9lW5aUDbqYg6ZCHhwS3senOmNnTdMlBsRMxtpwHfiPBTAf7gdGDPqZijf/WgMwhpPmwEkbza8R4bEfQppv2Ju76YwE2rKyCD+lPzumg6kccd+qKvxow20bHTFYJveiDthE9kwkreGYCJ0/JKo0Nl09llMItZSeRqJ/b0qXrwwlx4H5322Amfx77yKATX4wsg3/gE6UNnyxNKr/knG940ECpfLPbb9BoT9mXoXPV3Hr6u28xRal90WZ9b02loKbNNSDb9Chs+lV2AKOnYgB8gzUGdMjegk74Ciq9izSvasCn9Di5L0SoMfXKIsljAlpqO7m43+mz8Z57ip+H8Solyr7ocKZ8+n3T6rDVv2BSGIBR4KCXhM/FmPr57bAm6znmRHLqsA1r5YD99N2Ma9wLasXmQ6zsLu6qecKlpiVM37ofwKp+6yEY8fcDZ+yD4+4mj/BPge3DfoqwgPiPPpqLnBFNM3wnEnbhYbMcf6UKfApsBY0IaAG3rX/w3v1+/VmAnOgMqkFAoBR3WtlCaqAU3FRTsiNwZMFe67TgNRKO4AdUZYcEfgTtEQRcaGJ2h/PaT3uJlQ8DCSOfmFi2G+N6djs7tJB7KQ5YFFFsufem1SfvVuHRg0u502FGD+erauHS2vrKzSPEiR8NiIxPLA8sRXdkD/GcDt+p4OJGFG989CEW79OYlv7aZuwejTtGZlH3LreevfccEu/3VAF9LXLp0dXnnnRvL3S941TPPHey2XyhAhrpm4GWAL34REy9G+libip///GeSf8s07nQc2H/ALmDD9U1bEFS+dbIJUO7UQeLC+kzW9dnlEcDTIXmdxOL6m3WoDpkwOisLFQdYKHmeww9jNZOAlPV3XKG9YKIAwlHlYWNQYFWWCQ/9NHgIa3myyKf9A8KXmpZt2xJSDkLkrQMcZZSOXOWxGVhlaAudLUS+yxn72LDGYTb59EEvGowtl7X4DGW7IL44RWZNCzI+FXxY0vkBSuJffCr7ijMRE2pyAjnFDfhJltCTYusPrXnjP3rpv6KaFv1pS1QLoQ8TPfNJNgiRjX/mlzwb8vgY3NBlHDGbAi0W5mWBycKsz0awTfuic8mGFn22rajrcROCG3zUYRS6Hgn4n7qNb/C5iksu8+Ys46Ro+NJl6T4QHvpa62eOCp6Qi4FcfOSthBvtocj+tRGBddBv6adK+25A9WXi3KmouUMQTYH2wfoJ9qHs6ESd4wfl8xiRTvOUPDzIcwcAO41DiTc9ylPvDtLRdUC5up2jI+uJpJSvvmQ/0AA2Fsn1GYivhV3Rla6Ne8sOvolxhg15ZchTDsSdZe5Y+8cvAuRVOvdHbyyRG3YTd72D3vojNgcYE4HKAmvDNo5JjCc/pxOJH2brDS/xcLVOsFhnUWLcKZB2CAjOiDZhHeBptOwYt3VKZKY8NuJS8OkAWfTQuluLv1/BTEdQg/ObfjYOdBL+L4EHFjHOMwp0wAxedQxibHDngE7pLZfKY918Z/Wl33XQ/uXhq2wWEPTOF3yVFbBPaiR2pryOGccvvfWWBz4/P6G8dO7PP79r/OHDR7yRSJlRp1Ppc5JDOudJgc0Ev3aQKnd0/nOAXxqgd8/e3f71BuW0XxLj+6YM4rwf4vz58+Z5W3KvvvKKf12BHp5hyI5aerlirbGDEnTN5XR9FA602wZjJnJq2qZcmItP0BMWVe+FEmHRoyuyzoFTHfLVQreJaaVr9ge5xvvnWNosflnf7/sOi2Ie0JmhZVee1iXAtpLk4290J5+JCR7zI+dseJyZIDrxj7Jz6zcbN9o4dxAU0Ku2HH8wIwvuV6W7v6ONLsYCY6L6KAd4fIZqfPyxT3ar4xGFh0MJexjVOSlDdWVBJ8AfPjI9PmyrdAy7g5aADiAyUupstzHpxNAGTywpzQYgm3x/HJSDjzoo3W2nY/QQGpAzrxVMOnQ0r+tAbQ1LrmwJWUR7wUEHV7QPKaCjdTvt4NZQbJJj26rDqKpn44vWG6BexLBlCmUC776QfiNun4H0h+hKAYIDnZA7gfRheLj7+tBD+RO8QPpO093CqC7/UJkr95QrulFs4WwWyAMVj3xB9Fb5rMNJg/221Ywr4uDSX/ADfaRzh1S6lGduY05nju12b99I92YvOnTBxQaj3iLJGPMm3PZ1Gv5ETwO+uB7wT0nnzRtbvojz3BCYZYFkN3HAWj9FW1XsKIPeDjO4FwjnMlpm1ZsDOpuD//of+y+brQR0KWOguWDDoUDn26DzoCa+VA7anCoZGiBUaE4JMeuzTsjGCKBZT9Np+GwQ0rCZ9Ht36MHNYIka8xMyqojFIwTy3EHwVwviRzcPL7IhoNPe1SYh/6KYKwnw7ac3UIL2ncHCQy5Y7H+JbHsuT9um/GMg5ZY1OJeBjqI8XzFQFv7f4MOPPvSijD9Xr11f3tHizM9PeCOiKwRpDT4mqkwH+BabuYNQtoRko3Hq9OnlES30POTIvzJig00CfNypYIOEP5SPBUXClgdOnjxlOV5N/dZbV5br169pM/SFNghHPWmwSMFK6HohAOmA8YsrcLDUaS9g2Gx6hwHOM8GlnvoqJBMUchlsBsTgd0Q/gKa2/CJfG80w20g/UkKBl2lxV4V/4rQtGLDNLXSVAz5sc8VIm5NmskGWBRpANxMJAYHItT3VC1r1aRxnp5S3rOylvMKSrskVoKx9q5R+4omq6sRfPygubcbjE+Xw5Glal7fqLYadX0PGjymDTrrw9p0eFyi1BuqifZ11tk2dHA/TSggjnPTBg1yEJ/5M8Gt/MUelYUk+7Jz4RBdI2yraqtMi5gFn/4aP4NJnuyzh5Bwe+2tUXQXWRO9FR30iG4P6StTzFXhtFNwXwPUGQjSFbDYKJn9VZMfDL9uPHQC8x5eyrg99vPGrukwVcXIiqT4hiy+tWzLWFUkFgHTGK89kYc8LJY41X1g6UqyU+DqPXw5Kt6+tvtsQ6DT1wQVbfGHTgz3sxL9RHwJkxtxPWWoj1jyErmebFT84eDo0X9tXUqFolgrN7ayYcI+vdGtMWR6eLhTyOSVb8Qwem7YXfdR97mRFLiKrYHxErvMJ8LT/QRo1wlj2wmw0SrBZOVyYl8eAeTTX/eE//Ud+z4EVwASzNYc1chnEVACFAtedagNKBnBKpzhC7CgKwXdaEOcJ2DGCc4Rsp/KiM9DSqBlgKynKOLvCFYslWsm3morpMHylsGfPPqdpMAYy70pgp8kukTcssnPMXYSHsghbUf7gyH9yI5VMvuSZoLltz0JLB0Injb61K50Q4OyUTn2lVNXguuXBQwbiNS3Ar7322nLprUu6Wv/APyc8e+bMcpz3Cggou4s8ysYJCnkjnM+VYx4kROaQNiCPPfb48vC5c75T8qMf/nC5rI0CMvzVMf/5gCC8PMELcAeBl2Y8+uhjXjzffPPScuPtt5fPPv90OX3mtDYxvKK6bBqo/9RVQgY6dOraC5z85kqq/e1+kgm06tlA3PT86qSfmG6Atwe6F0IFdO/bq7ZVu9AWbBDajhduQafpU34IUBPNaW2iDh4+5Oc2sriq7njBlegA/vsrH9VrFufYR1cvYPiScvJ1zVonaS6dFYx3keOD/bYOoaZ+2/xmNS6LPraz8Ld8eDv0nYb060w8mOx6i+/ZaGVhpP6qTssvInjw1ePOPMRr+1indZNAoviskwBPeA3GTXlD4wjSUWSVwmUkO5eP8vbXhear2FA8AJs6eK1S+kFXqRw2fISfmJMYPXnzgfU+iEykIufFSfWckPpC1xqn7hpiV3lo1JdwsVX1PXgTi9tJYh9DXp/BK+i83Y/z3V7Nhzy4vko2vmInOaqtyXW5qPOMo5TR7UH9AqSxhw6yCt5g44dObYc6N8APEbAdJ7zAew5QgMftB6Xqj5D6TV9FBRa7LcnFOmrBUX5Q2Mt4dHlKT/p88/tsHqB1Q5jLkLt265jtdPKxa5UK5IGWTV0qbf973iAUH4f9cmbQG4wfAD56OaoYI18qfO58A3oaY38LRkqJrX/uOwcwaLEhoVM7FAXkIUAysTToRLKZJjB74zRAIw4CXiqEYKTt2pDyxsFiSipsdhwK+TQslcyuPN8/RV91JmWgp0NZEMmSpWN0x2fh1iKyf583Bcggz3f2+3S1jT42CLziGJs8tY+/PVGxSPmrB8lRN9y64s+fuD3N3yx/9tmnXpi4C2F/sauyu4ztWPmFXnzhipQ7BLwtkTsbH9/6ePn49h2/bIh/UOSPnhhAmfzrir00RW90eyda9cmvM/j+jWcsjJDvPPj4xBOPL+cfOe+F8D/93UsLf+i0b+9+fxVBvVIXbKCw0+U8o83A009fWK5eu6pNwvXlwIE9y7lzZ+W7ymYnYpb2YILNApk2Jo199LJoM9l0PfQASF2Upuo7tCOTEBs0rtKqWInFi6/QaZehT6ZoB567OKyyUqfnzp7zS6Z2yzabJn6pQrufP/+IfynCq6Hhf0KbJ9rO78SQvofPPZz2U+DukB9gtd3cWepNAOUk4Bd1pkx8UdncLwXisvOZmFIG5KFTBpdHB/6lSnQSzvVj/ugihgw+CyULaOqAvkG/c32X7c3FlSuubPwyWRNspsCG1Yf6FjL+Ziy1DrNycn+mnSIDj+vKbb7yt04YXFcmNh1W9CRvhACdrjdlqS8YWlfqO1zmtEjKxiJgPB8RhKp0JvPgLGAdrk/lSaPXJJMbl2CM+bBNfyCGwLySkDz8mWMyByW9AdAcwaPUIJNGV+6UAeVqeKFZZwScr7q2zx3rhBxZk+1rzQnCDv9KT/Cm5Ay+cNSpEC47SlsXnG4fMwpvuWR7PFLPxG0rcrnjAiTPhQ55CdsuLQ+s56QgS1rlp29yh8ZlB6/DKgZnwP4Iop9A/emsMtiTZhDgy1y33S8iCx3/Gh+dfZHQOHgiY5HEGiNZqyhn5kP6CspiizqKLYCy2BDnRDtA9eFvpSO76gnEnrFG69SODsgFOPStf/5P/7Hfc5A6VWyhQNSQSDzypMrIdugCWt92u4JGIRvnAVVopeAY6AEgqPBMnjAQebF1Y64DNfRItbXGcwAbjS0ckyk/K+S9A/xEMIvW4g3CXl0p0wHu3LntW9Q0MFevudvAQLE7TvtOhvLctofOlTnh7ue8U4Hv9vMXyO0LMrhC2gu9aJ5YuZoTD18zvPCd55fnnnt2ufDUk36/ABuS+J+XWnTZXD+Ut2iOCIJMmLxKOr/jxTdwd+9+4bsFvIXxzOlT/kXEj3/y0+Wdm+9q8O1y2XkAEfV0ZjYKbDJ49zbvRlA1eGNxVhsGHuRMeSrYfCYGv6aTUlJPOtjcUMeGblNBx8hQ52lfNkwsZDWhuEzR3leV2MuV3kofOhWwt1ebADY9Rw8fkb9nfeeEuwTcjTmn9KFDh03nKxh+9nnr1i0/jPm4NmmPnn9UvGe0YXvUmyPakhcteUBzyC51in38GBOMXYgfALhBs5/E8ZvILtOBjIpeQqDHRfJdPiONig5i/EqbZ8KhzSBCB9dXPuiAz4vQpIOxlMks/cgTaZxL3swKRKRAVjnds8VL2PRfAIt0eUNh8dYRWfvNpgqAz9qi34uIfRBWaeqbukwee9DJx5fm3e4D7UOu60YYcpDW2DJJGqLK0GWz/rKBXH81CKw8zims+IbmgdL1QPmzoYsUYzWSybe+IYs94ZSzjlFO+JS03srHdgfw0QFQF2EibcHShc74Rdr8fLCvg3EFyhsjtVfo8Qvf+d8WZNstq9aJ0LxpM2yEF6b8P4T6ArzETuMDIDnLxw/SrXP4NoLIHgcYhjVy7t9KuP9YBbbXO37Gmx/yqi960JcFHmXChNeuxR/87nIhgo3YEr/KMnQJwBPa39RD7goqaz34ayWClCF56/wlEKlApLosm7QZrF6w9Yf/5L/yew5U5DgCRWFDKSgwhc/OMTQA2dROYCSrAu4Dy5aCDT2qrCRLia2RENAoyrVhpWHpSiVmcR6dVFQqGqHKmt/6mJwUk6e8vsp+IJXOLX1uk3NlWwZ9Z4GFmH9i7BdlcKudRYJGpMHSgLntzN0DfPF36+oMTLTgd+/a7QYdZaiy2YxilhpS+c4/V25ffHFXMunQiGELXfgAbHQQibvzJDkUE5Hg4CeN/EX0/v355QZ4dPGg48OPPLLc+ujW8vobl/xMwqeffrp8fe8rbxKwyXfx3FLnf8If2r1reezR836OgWcjKGcMpf5TxpTVEwX+isxAZ9HnNj06w4toDWLJB1QP4DyYchVFWS2v2Bes4kIifXdzsMR+9FLuPDwpfyyljZXaxn/apfDgVmQPe4NwwHcGPvzgA//vBS+GYpPIVQpfzdA/elPGg56+myEblM/+l931bkL7AWlte/wGyUE/TfmDmyE604fDQz7ylqPenYveAIM/kyr83Z9aHrwXoYYSRzVAXdA28OJvNmnRD43ANwhdviqS8NogkS6arJWOlRewHQUmbjCeSEsHMoWUvsjAH1kFZIHCF/NKr8C45shELpQBn4iC8JsA4SJfOOqTaSOGnLCeAOVJDDQeXOp2qInOAS0XgNaTPuW1vI7cLUqbNbgc6CIU2gsHsrNSdFQ+cxFyjhIHs6oBz0lgOfMl74UYpsLZR1UKeMaRv0ZUH0iZM+5bl3Uonz4Wf4ByTZCEzzolDn+AdMYSAbznWB32pXCmczgukOnuq/ED1W0E3xIy52fusT7TI+O+bXzkuThpHDCs0WcdRylY1xHlMA4iuuMjMRvfYheOODYTyEcntJQtOlzGMkvbxp/kfxEMFmwpmkV+kTi6sanNwT/yTxlbQVFMXCukziSE4yhMeJ3bZrBLUzBy6B3ywk5sHqsTIj50GtNrRc5yADhoVNzawBBMncIK5DwYdUQunYUrXb6vZuLPhJ67BVlMF/8ZEg8t0oFyFyEDxb7ReOKnM7B5aDybCjYULEroS62lPKSpE3jzgFL8hCakYnIpMDwd43NlHMBBtWbJRD4I2xGdBe+1V1/zk/x8TcJXDfjPlTqL3ofCv3PzplXy98xvvPHGcvOd/CSQPGWi4lANLrKKtWlwvZfvNlv+sBBRLu4WUC8AE0zKQMmLVyF+53Z28qlT/nL1pz/9qe9e+KeaOrhyMZ8GJXIScL7LStxXwABk6zNz9CfuZ0b4+iTPm7BJ4k4Kz1RwJwE6X50ATADo4NcjvH3SdO6OSF3fZozu1Y4nUQPtPSg+XANBWEezNsoSZBCsyJLWWwGcbSbGj9whyANUfn6i6j/pTLDdHgYloyN15LacyAH8bT5B+ZV6pX4aATGQMVQZgeu/WSyX0AuhQ0hmWjd1hVM69uMDuNbZflkmIgXIFGKTEEBOAWl5En2OO5CP3VH2AmdzUlh1g1oXewKmo4e6dVqBOGXvi5vVHjH+NOAh+kI3h+N4rnzp9WGdRhvCISCB6ZLd9C0ArdsjC2k2o4xb5kbGsxdu9akqaMmRVP8zrb1CdwIc4NiEuV4Uuj5jX2k2w5WHxuZAqoqeu12IWJ0xnKqOkgmvgt9sK/CzX8zxwjnU3GmqWbNu0G+Ms19NQylBOPkNdBuFFsDXLgvgvB1PvusqYy96W77Tc3DZxctYzjoVVdDwpceuuB1vB3no0LAz1wTlutULtv6bf/K/8Z2DAThURoF2siWb07nBVzS05jMC0Fyk1vSmjsE72Q5HUcBLPw0LbpMvO6rEdWtICwcN3UAFciC1SqKTiQTZalilGWAsKv2Lhr46RCd5At9X8zwCEy+LBt9ve2DqYMHk6wn4WShYbPCFW/W9Y+0Fhq9F3FnkAfzUUAbOeoWwPMDgWL3OxDc3u6Xso8uQD0Xh7LKgCzmufHmokH9j5O4AGxY2CfgMO//meP3a217sf//3f385fvyYrqI/9Fscb7xzY/lCmyLewMirk9FPp3Wsw+Upm/jRAyiTRHwjzUOWALZ78Np3xdTfDOC6rv7yf/nL5Wc/5y+s5fOBTFDN5PZXPAYvwf5wB6IHGLwwiUYby7/sSGVbftFv8C9lyFcmfK1y7NhR+9A24Os7CHt574M2TWwU+i2W3Hng2QSV1vYBt4vAWcqqgC0cxQ/rxl+YwhoALVomhxCGrpIxlEzrpd/hM4TemLiORSPf9PwyY9XbvFHIv4jmZ1ddlyGJVjLmczL0DZYqX3Dhbz3RVcxAqcmC1NzNkbtIKO1+b3ozCcMxsgIvsuDKT0lWnBTBi0FNEeGL/r6z6LP9gYkYDHUU/n52qm3g+0oDQ9z8ykp81Rn9hrLhecsOiSJ+f/Xm9oIpClbZNW12MRnnvmKBAbGv/qOmTTp0y24HkdIG0IruJPOI5jXNiVwQNYSt52X5qiNzHl9/mmUDzDaDmFJHE7N4zCZm8N5wq6/CQZ5+6zml0uBddh3RE112rYN0ORShy97jIDkgbcjJY0F8lNu6S2+vNQ1zPWJ/DiimXftuo5DDZgegdRBl3nTOH/SEtx8y7vKlTN8GXicUm2fm25CJLgC+Dghu/cE//i/HvzLOIoAnH0FPGBGkv9IRIxMhKiJ8rpTJYPLd4bJY2LhlaqA6j0bRlAJGBQjhpAm2KojcCmCFK93IYKtv53twiyU6mze60ZmnY1sWZKzgM38w402CBkQGLm8i3PI7AljMv/jyrm+/8yChr2q14P1/GfvvrjuOJM0TDOKF1pIASYBaJ5PMTKbOrinR3bN/zH4ofKGd2XP2zHTP6S7RlaqSTDKTEtQCGqCA1mqf3/OYecQLsmbG7vVwd3NTbi5D3LgSJmYusWqwr+VdAhtUtiG3G9bmN8P3JDtaBKSrvo5tA5BY3bPXMEP8QVnzRVZ5U+q5+oCtZDPZ0GZm14TG33dyG4HNAb+IOHfuvDYMW6Yd23dN17T4H+MnjuqMr7zysl+GtH8//wq5VZuG4/4jqGPHjk2Xr1w1z+bNW62DrjJ3djZI66ZbN/mlB4sot1P4SeiG6aZwH3348fTmG3+ZHnvsMW8yuJwa32ZCZGPSCyL1YGLgz6IOHnp0ev/9D6YPxb9u/aZp394Hqa0HKx7QEIo/FMDgM9daX2iwkTQH3l1g1ziPxdr8yaeQsIHboLbkXRhcQdi7e8+0lr4Ej8vzQph+BzkBm6kLGwVetsWG69aNm/61C/VDcstfnjXBiwluY6VJZdHXV3p6YjLeZ5CkBSxgCsGGF7l3+cfOELgt+JULZT6TUx8tFS7DhrGRkI2Nwy6C21NlpLOBiZ4eV6Um9qos2XxsRAflLQu5ZZ0txxi+CuYpPmxIoCz0ZKAwpUkVq6t5g5es2jv+4JNNXvGWngFk6TMuJ6OAP01EKH9KpnUtgNIZYotpdJD3RIBe2YRI45gva/50B5zB5QrxuRAiw093bidwUkGRQaypWUY5Nrf/DKh2fUKXxXpRaDmhb09C73ryGYpCOnJKUIZM/2EPG3pkg1PkcVX9Ahe6ORTT39p4L6b6Wph5U4TcfKh6fFGeGsHltRFITLkPxuHbcBWOdhc+VwmMkpR8QqEUc7PKrVf9PkKFpw6kFcaapzQm2xol6GPtj158EUTeoHRuD0HvnjRoPD6rDsjI1b3aqFumyaIH2Y5n/1pMyUWjj0VjuwsaBw1Sqck8/0d3sRtmz/Qh+ZX/13/U5sAAM8gcq0oFxVyobAKksoxoPDCMbNpEg1YENpTYJMWMPjp0VeHfgdCurlvocTLIlhaH0kEUNMmT594yAC12ZsJbsYTe2CDPCzGD3HK4P52dH1cDGBw0JnXhWQQGDGdXPHR47fp18T2ghYsNAX93jDZ22zrLln7OuplUV7Q5wB5oIZkbq3xESjEf45yvjrjIU6/4fw46WBd0yI13QIcbZvDU49ChQ0pP0ycff+rbBxcuXPTT+seOH/MfU/3kxz8W/T1vJvbs3j099+xzsn/NdPTo0enLoyemjz76aLp8+arfocAzCPjIelWpG9dvud63b92Z3n3nvemzTz+fTpw8OfHPkFu2bJ3+/PobXnhfeP45++K2FlHeMskVGJ8pyKe54iFbtejyIigu3T/yyCPaHHziwAOku/fs8v88hH6us/2R6grAqD3LR8MXBaHDMUooeFOodsJH/NKDhZ4+0PKWMnLp3g1tHLzYw4Oe+/npqTZXXGm6dfOW3xMhorS97OzFn/+jZ9JADsF9VYErEPiF5x3A++eWimmzbAys1UeQbKyov0v4YicfxZmY0sc7HT59nQavUOMAe8CFDhkQR1smrsqTcLAEYeLn1EF8BNGzcASqz1bOvAI4qUOixCnhuMjrkE0WchNT7Pg+cF0JpoUMwpJlctLQhJZsVJc0p6vfkHTOJhgHJC08CZihJe+sj/Fl0YNjQQPHPEL7OtQf/9zW5pl2zh8EfU9bWor6XYyzzsynyUKA7/G5iY0nkbmMPjf8Jmh7gN5oLWVBizw2v/xngd8gW7LdDpLpxb/oPdcyVlSG/dAwdihzW0g247vHKkC7uA6KJU2RypQCb/skp3m7DtZtG2KjFYg+MtjAUx4bWo91CJdbt9RBvkCjYjb/lm3uAN5AtLFKWE1R+J8LUa5cbFOLSFfGS/QZrzzBt1SJa0NQJpmGPO3vf7ykLWKmwXXzF/1cXZqvMLl+5m//JDSPkmWJskVvWZRZIhB/LSHP4qiO//nv/0NtDgJGIxTJA0iXMAQ7i7EgjPpeMF4N3UY5SwXkDHAOQboMIm866PpL9YLWFTxOcHbotlNGDno6bTopZ4JelJ0vGdBb6JAwktnh0zkjx40iXhanDTr75bI8EzaDmkby4qFBw+DmVgOTOs8W8FId3yooYz24uLzkjlm6+Uo+idgTWNalAcxoF9s1UxlLGQlH+DCdZQnweLDLHzxo98gjh6ann3radTpx/Pj0wYcfTDdu3XRHf+6557Sw8R/f3JLg6sNdnb0f8hk/i/GlS5e1kTg5ffzJx364j7Pm+DyD7+qVa9P/9r/9f6e3tTk4evS4X7r09lvvTEeOHPFA5UVPO3Zumw4cOGDbGKQMENyAfZ4cJYdFlcv79KWtW7dRC79r4ZNPPvLthR07tvlKjmutvoWceIY2jE+I46/gsiAG8BE+6TQBWtpqs+v03TKLlxw/l6JycMjkTB2Pc3WJsi1bt/oqDb88YTPjB10F0HPplT6EHNdXjH3pMLLzE10eSrXtCpkIum2RY2mud8rIY2uCF2an+0wlmwgeCG3aTFaR2wtWb4CbBoCmKm6wTdS9JuLOj80446jxoucyfOhgrlCwUKN0cuYq/gFORkZa5d8Hy7GI0mkch6W2Odt6AcidV6H1DwELmlHvRiSKL+F1zv5gUmdsBPBraPA1/s9b+MCpLRyX3pDr20qiH/FBUWKCsqXyAuz3x8QFi2TDXIfw3i+HNEnyHltKIxO7Vwk0DfpYiFMPcJ4T1Frgw5e6DpBA5gMwIkcChENH/IIs7KK/OWlo220rAhSycah8AfywYH/GM22Q2wm5ilh1g1hgemUiP3W2PMWmo28rD12HEMATelDocF3zzZVExpt9VzQq52oDG0L6Ay+Y86+hsE+C4vOet2M/sgiuZ1kdGxJ3mjL8ARhjfMqCneMGcZti5X/uzQECnQgpzrZiZ3EsaQUR9aCg0EYobTIfACRVxmVKkxV60Jt/ZkGDB4Z5CUCXLoGKV3IBowEtJzFAmixloYmj3biK08HpwGThcfd2mfOtS4JcE+HYRXNWyb237B4zuXMvnvzNG7f8G3kurbFJYONgvnoYER22Qx/SCWXofeASdNu2pD3mknV+BPKrhDRhtV9B15kzFLAsgHv37vWiv2ETl/nv+J45rx7maX4/PyE5LFbwciYMLW9O5EyMVyp//PFn04Xz570QbtyYp/vf0abgww8+skW+5K6FkrcxcnXAl0xVkU2b1vtnhdQP24lZVFmcVCU3DIOBwQIfP8fkRU48OPnV119NX3zxxfTgg3unvbt32bYM8Pi3nYTc9ov9qCSTEen2qwecFYamkqvwjkWeciauTHRuS+j0oYzJMAM5iwEDmo3Ynr17pgf3PTjtk6/5zwueT6BvUFcWbkzxRKKYsy3wbJZ8RmO56btu67IPHtdQeZuX6tgXY1I1UFBeMH94oEMPMbhOJ5/bPE6UjpRl42CwQEHZ18/U8LEO6lNgPL4Sa/gjI1YpGAVNZZVA5kw3HxtsWpUPUNa66ALyXfsP6HpjB6OiT15iV4/N8Lculzsl4KyKjBHBRmbb1XHLST/oPrEasvghvRcta7I+aFf3UaBT8VlSZqmSQVs46MDMcuBzoWHYXfTfB8hIO0qW+yCOTZ1zxq8s9pcOFjX6EY52fxZgRfupx03K4Emf8BUDaEpX0wO236mUJehY5QuUbcxYqbwStAHzF5t221h9vG0mwNDpOSAHu5DEYS4rdYIZ74W4ysG5lHp07HT7QFjlh73Q8LEyyrjKwtyQDcUMlFuj9MS+74fYbWmsregSaTYLcLeFAiVSr9ACK//5H37j9xzEIAENRGzCECdrrtA1aaVN4nKQzsxKnVauEBRbpln5tLHKu9ACipBEMQqGjWEuQUA33py37UrNPMnTCL37Uk506UTQubEqHWpCAIx1ArKRzsblY/91seRl5/mAF06uELAxYHHlKgK0LJaZIHJmPWQjs+RiR2vtAHRdlgRuDyAmp6xg2W4k5pKo4n4cnY5FGITvRyuw+PJ0Pr//5/f+53Vmf/Tol9Oli5dsN5shWgzf4SMewuOsn0X/6uXL0+lTp6fTp896Idy8acv09ltv+1cRvHXxyaeemn79q19PzzzztC+3864ENlNXLl/yVYvt9Z8R6LBtigNM7lootaPOgKduK9PFC1emk6eOa9PABuzu9Oyzz7hdqW18QxrAQdSa0GWByJpxbnel0zdmAE8wqNzSlM/kJn9qwnFfFo7NIHb05cNZfvrUGq4oqG55iHG7N0tMDkxcbBa4UsPZAwGVvcEIRI5TJReaTBy2ihKHmJs8aZtggK82ISrvKxU5w1mGlNkOpeFJnVMGkJ4nHdVNtvrEwTaEPhNNbE1IG1mg9MfOZC1DwShkMqbkS/Qhy8QWLbwTVc+SYSg5yLOdRe+IVJW5QMy+msFHbYDuFEGjPtByYTDT7Iegxc/ne4xAD8Q+CaGMLCnrDD0RqT4zJEMeK+xH+B2ENHcfQ0coahc4BmOdM8DfskxF2rRL+0NXyQB8xNhMVj5ibqNPko68tH2AmPYTtXjwYV/Kh6b7HJA5JH3NcE/+pp2V79tjCSluHb1wNbhcRa4RcemiLd1H9MW/bAryy7L8RJ0+nXqbM3Hxmp++R5+wLwlNq6NpUn/yKQ/ea4GyLtEXFehZjrOmz1jSJso+jE8IPODOfIA85kJOEBiH0EUWcqIPPmtzOjZ3eobmyZUS921ip4u3bALsF+FW/vPf/ca/VugdYEN0hkEmcTCTg0pNTigahIPvNHjnSuxSOYAU21D5pFbTjLxkxbw5jlxJRb/S2OWk8bDAO+sgmEAQB6bh3dHNJwcWc3hBOlsRgqKPYgJyaMS+N80iBh+LLgsf+Bs3dQZ+7bo7PfjeJGBYn70iBx2WbQkVSg94zWEDYl9sTmvMhV3WQM5yC9+l8BpalgcL45MrAxv9Xwqc4XLGf+7ct34Qkb9/5vI+LwwyrXioE7SPPPywN0ZHjx2bvvn6a/+878yZM9P5Cxd92+Xv/vZv/QIh/vqZ5xcOHjo4HXzk4WnTlo3+W2h8sXvPHsu0lbKLFIOD+jEZodSDR5uNM2e+9saFKxBPPH5weuGF531pNh2/6lsyXEdXs/KkqkxDhpxC2sM+XYYQOw1Z+C3MYht4XgKanpgZjGzCLL0ILYOvaNHlDSZXVLRR2LVzl59P2KmYNzpyBn6be9CeFAqwBxmCuU0z8IlTlnHQQB8H3bSB1Ac7KEtMPu0fP2TiZkKLjuhpHcggT0By27PU3XQ9YQFEy3THSdMm8GQB6IkZWwymQ17pAid7LM8ZskhgTKQNlhCe8AKpSvjBVKnzmT4jzw+l2S7ZVLzm06c3FFWqAH8vHInzE8rItU6BcflGRk/Y4Ojjav/IAAFVoO8Hi0ihkuafadxGfEtZfCqYSQzefLXexfF+gBs7WPiY7zxnVkl0xef2Pf3Gi2C4ANof4AwYfObeFdPRrwYf/Ulx6CLDfbH6XYdApaUC+fMVQ3vMaYMicK5n+ShykOlM6It8BuwUstS5mHwRpm+STdy2WVeNezMXv3UpQ31bDPTUOZuGEJJnLp7HW/OmnqSZEzjpJADddzIueqwl3b63fxUQQNq0ploNtotYYeU//t2vfVvBBmAImTrSSV0BTxA9PObGiAiUKLYWHxQFzzcVw9DkTa20A0WCOFZlC5xlONMY4qRNW2nHou2GsR7wiqBzJ3AefHWoynt32RONxdSg7qB6Rhowy08Ilpin2tkIsKiyWHohE7ARYPLHVzyLwM8EKfPVhrq8xYcBgDhkOYa5FQiwGBpCQ3wWm8IQ6PoREVIemxvMS6wOCHN4svBmg5M0EwEP/HHZn18LHDt2fPr0s8999sDVBQBe+gf/J8HizyLHG/n27NnrFwlxq2HL1s3Tq6/+RHUPPbt4dsw8zMmDe5xxvvX22/4raDYenFnzAhVomYi4soH9tlbx7Tv3plOnzky87vnWzTvTyy+/6M0J7ZmamJBDYgUi19t1BeR3UXoiU85PVwvMbxoFeJRqHw9WASgPPBJGJERHD+q0GX3MaY8jkdHnxIvc+Fz9R3V2H1LYvHGTrypwJYEyfm4Yvkw6niydAlBsK6OjJpQlRAflohK5fakMea5yzCAcfaL4M3Fn0mYTxkYNPoCo84Vy3OXosGvQ54mo7YwNxuuT8Qcu5cgEwLtA8iIroccrtKgiSQ4QRjgmQGWEbBHm7Y/picPFWrvMA0m3j9APdh6jxhVd0xIiJ4uUcUQC2+l84TsvyGIx94OWyccbkUoXuQG0LZAc6gy47vUxfQF5vtFB0Pi2OOSn7V1PxUu+JdgCFfG8jN/TIjnweLExAeWhSV+phyoVQ+c+rDS3KlkIocUn0IZdjJX38zC1ibAO4Tz3EZs+ePibtzc5XR+gik3XVzrgh9e1hIA0PldwLbHD8kNAjG7rU5HbwwBBpdGvpPud8Fmo540zfPFNy48cqwAsH9o8ExRUxgEhPkZurjpDx6aA55CyQagHGRmLVQfoepxkg2AzK52N53CCvm1XoPwjWPm7//BL/2WzxERYOQpoF+AgYl8y0acnUuiZqNxoIu7O3bseXCBTRSkHhCNpOwSrQCExcYg4hJpjSOYF1B0cvSXDgQ/lEcTB+q2j8gPQF0LHhAzMOJTyag/zW2/RBGIbMZZbkvXEPzyY53ce8JE8Flg2Ddy7v6UBw88eeR7Bb9vTQlCmRD661Js63XhsGJ2/6ZXuQdrQ9QLa5rl4pouv8CPyxKMiSkPRqd4srPHluL379k7X1SGPfnliOvvVGd9+4GFA2H0fT/QMwp27dvp/Ifbu3TNduHB+Onnq5MT/Fzz9zJP+RQP/JDnkixke/teAt0/++c9/9rMMm7ds9W2E/MSUPjcDvqC7HT952lcO+MnXK6+8OO3Zvcv+j2jaVWmSohfHfOXFlSy/OR2aTt/vQ4L7d+UhzKJJSgfhzMphJMJHGVHLjz+Fc42q/1gm2bmfUW+e89iyafO0Y+dOX1nABk8Y8gt0+O220hYcJbYr/b77foB0X9JsPDIIZJe0lueQMRS9xUuJdDDx8xIw7ImcPL8CuE8yyQlJXdgEMrYYB1TbPzEzHpn4JPVPXghlg7F3LB96bOoJL5diUZG821oxBlqEecCbLXL91UGALmDWF40Nha5D5hZnLTDo4KIfSF9IX2VCjy7GmDBmCJ42AoYsRdBmoz4DOTaTqZ+JpHPZD8knPWTp46tVMAtlPEUl2npUuNQFDfhkKhIOnze/557KmzbfiJY81xe54Mm7z2jRYnMgXQRUIqPnHB7eBm9dwiEXXlSGPxtP+h59Htle5KElE9PMh49XjXfKhWfu4MSDeWGdNjX0QXi6/eHzrTDWNcuosQx0GgYFq0QeflAwgFc01kN00f/18Wgxr+R2X1TgVxTWKXvB9cYGmR5jyEK3FPbbeAHwPkkirZB+BN1dnSDdnK5eu+pfdDUdZdZp6gC6PP6Qz0e+9U+VBT3G0Asf8co//M2vDi/4V4E7R8UJcWIhbWiSKV8FyjZPg2mkK21HIjERRe2wngQaR0JJQ+thkTCQr6Qyzv5fwyA2zLrSQO7AvvSfTkiZO185z9C6lUdfQnfy/GMjPwkkzoScQc6ix7sQ2PXxxz7I58rCRv7FUbvA3Jrgd/2aUNWBVrRb5AlWK7C6+GrW33WPf3JcAHTmmRu86wRlSwGM0dedBDo6WPFDyHsZeEshP3Okk/HsALcLgAzO+NJ5xdSZKwMff/ShF7Gnn35KZ8Jb3DlzupZJxH1citkg8GuGo8eOTz/4wQ88KdhujHKY7b6rlf748VPTMW0OkPHyyy/4VgV2tK8sVgCPmSyNKD4wmFwy6QOlI5AYjkF7P0TNkD0HSSq5M1FBZUeJDjEvBZ4oyAkZn+YZDPoIt6mw5eatm/5ZJBNyP1zlCVhleZamX1dNn0t7ZqKlH0YptEwunmxEQz5lwd+fJ+48cSbveaGb8+hoesUIF+TqRG+yXGG+tj147Eu/ySadkLpAA1l4TW5Afk+cvfOzakF42VQz0UZPQuwA5qPwnRygjOgjr4QamjbEbX/qrDLpNK5YOkl5NrXyS/ko9tctIxGV5MDYyZYOlTdPcDmkTqFRafqBisYtie8NFleHAFwq8fzVAK1jfVovizNzmk8SVUybpM5J0469qAPEyCHbaa6mZpHG5vCxieDsl41+2nk2Dj76Vqe7z7mNWYwls7qoAf2xSxpEIzV8cxBNb2QMinjUwX6hTvDwMS99Mf3I/ZB6ElNX96sIjCh7X7E1GZCZ/gwufAHoSn9B18v9Q/nWaTtLrDUob25il1Vs3CQfapNw9Zo37vEj+Hkjbblld5C2rOoVAz1PpGha+bu/+WVuK/iTFAUQt2LXrI3wMdBCGucFW8HOBqGDlULQ/JRTNIxJBcGGK3aYungA8yG3+CgbegCRjhyDa5lfwhCpBF/riFwCDmQQeDcXKoWyEVrTiwMdEJQNfYTfcjyQ8jYxDwbIJZNXj7Jo0ng8sMhGgTQLbe8akdGTLffXXXfLByzIOmxc56u8qVy3EAgGdsCoj9ljM2CxVRap2fDQcW9rEH/66aeyb8V/vLRlC//ymHbwgg/Ay0f0W7QZuHzl8nTmzFeq87rpwX37TJ8gmcT1s0feZQCWf4fctn2br1TMdsU2+hd23blzbzp27KQ2CEet7+WXf+CXNdl4AXJ6oMFK7LoSO+QTKB6VZ1oS3vWZdSadcC/XoZMvfPwV2W4Hl896/LF+Ymqd2Exg1c7gim2oI2KS4CoCGwRu3bCRpP/QP70JUJuop4jbnJaJWGQQZ7KmLBTEsVc8RWtbBtQkZRwWKB10Qcrom1nUZ/qWm7Lkw5gNAHQlUmXYKG8pQAGQ7vHTYBHeSDLJqVz1Bsynwpl2HgE92S3r5b4ERc0NQiQNVhH0Lm8awHZSp+hxOcQU2Whoq4+Qq4WgCk1PKr5xwsWxhWx8R9pyKQ+raVq36RZ1aXsM2GVhZDgoo+/wv7OhlSTzjXzJNgRlGotZAPKxpxfJPgkSc8kPi+10X6AwPJTmygH9XTnJgN8/+RWh5zkWf8vKBtK3+ugrgsikP8VWz8uS0Q8YMhfFF/hh7hPeOChAC44xJqnWU1UNXn0LM1k0syHHjPRDXn7HVWBup/DQMbeP0z9tqmVbc+fJlPPaVwHqFlwVK+o2NJNg/lkrEGz5G536wOp2rUC/c7t48y0JIoA2gbrAIySM6IfWgoUgr0PXJ3TB42toV/721z8/nEqay8c0KoBjgzMzUAginFuJlAkiRSh9MK7lDhCtd2HxZEt1wmKEdgmHomn5lgeu8ZUmF/s6HRgY+IsFcLkOPU8AsQfq2ObLL+wmXQox9SHN2Rb4WWDzlkKRYk0ug9K5eAKdWwgWoC+3FLjUTufm7KF/Nsiuep3fJpizJ8CXkfGX0iXe+vxxO6UG4BMn1YuYaR0b/T3Qg0IE2I2vYJXt2IM8xil4FhoeHuRMkL975l8i3VHhEZMHueVELx2MB+w4w79y5aofXOSXDAD3y3iOoeYA53nm4JNPPp7Onj3rdyygH/sMvfkQcOWAzQFvbAT/ox+9PG3fsc2UptIh1BlQAHH7IGfaiqmvS3IMiIhv+6RxQa7GBzXDMl8C8Z+lS9dYRPpAmBUb4n+CM0EaZht5HoGfRfoWliYwHsSkbZrek1ABG90GbHOdh9gYQBY75/qGwPTOckxg4sgElfZ22ovfXAad86M8+EhnTin57mNMZHWm2zaUGW0NMTwed12mhC+hV7ppvxfKfNNCaYF8wRiZYJgzKc1x9k3sDKis8EXlY0kddGNzIEBOJuT0i/bX6N7EsFFegwM6axW+isSXEoMQ1qWYqwaul7/hQ5+L+UCLAMGoPxDUoHG6aD3/uE/FZtrCQRjGP7y9ZkBlPO2F3vt46CP0VV6OZj4oFvwu90YQnEstsPl54Vw2vGhpW7E6ej2X1SLO1U4g+p0segG2KLheFoG/1U5KwssJHZuCbisC6Q7uu52mXPlYgehcUclZemwHRIka5wcO/pQoB65tJU6/ie6MEWzkSkv6TW7p+moO+iUim6b1fpCcEwq/tMp2IqMtFEgwOZtoZOwxhZK+cv23v/n5YSbxQBiK2uBKSAKfsDs7KILLfZ8onzuDFQvcx1PjIcNguSWLgc9HOPjBml9J85QwyhsZzH0yq2zgrLcoFTXeMWjGjXWSBRFaF8mp3QGIwXkwkLLPyl+qt1HKW47kMelhKhgmaCZxN5Yaklfc4iufBWqBZBMy/vFRE713qnVrwwsku+6qP7A6lRot1s5VEH8B/w6BDU/NoXB76xs+1Uh542QvHZI3KXKf6qGHDvhsvScw6Bls+IeBARrchvUbfVXk88++8M54//4DGXTyHx2e4cgnG6AHpjOnz0ynTp3W5uNJ32v3AMEggtuSCeaB6cujx6eTJ09Ix73plVd+aFrXwebQd1Ivc6QqLoy9ikMYUJkHqets7tCbDjHBA5TxMbcKUxYLSSefnmDK4m114FpKgIIqFLgUOYoHtkjBMznyQOi2rVv9E1Ae6NygTQJvWGPSpI185Uv1oY5Mtpl4I5F86h7boPdkhs5Vtpb2jkYsfsmgD5jX/Jloc3Wg8qKJPZrIy+dS4PZGD4tYfB6/W7UP8WUgNjFWnPM0lT4JKXj0GEdR0fNBTokzfZXO5REZsxRBC1nQXUgKnvRN8xXWJY44xKdoaTkGl5VcJYvUdIMH3w+5S0g9TUxUQrumpFJYvJXMIlVpImw3Loihq9P5Dmh/E7tsEcd3zOeym35E4GTJnPQJWrftY6Ff5kWlJLi+TWAcILxT9kcqQt9YU1cVpdi4pkdG92PbUHy9KJtHdWgcgFjEdEuqxHp9AghtEbGO+cFLhYaW7/rbLtk3+m0Hd06nsW85n8ALkCM1y4M+dK6vxgTrBuM3chhHGU/WIV5uM3P7oHVA69tIqgMakGG8AhsDTkQzH/R4ixWxKD6RAlLJKJD1T1b/p1//3LcVfNmuOQRdIYhxXSbvRsUhDRk8ArEsHQGQM0oHyzBfyV4AWjCexvQZVsnxUel20MAtIDqrLAxzmoPrIPjOCoqTlrQVRoRNdASFxWLPajM+yK7gWrijyVaOEsrCBD9pGsh/WqRNAQrxOQ3LzwP5W2T4r1y9Nq4i5IHF6EUXX9RbFcmyFSjUAK4cxA5zxpYKQPuSCJQDwg1Fm2Ri0dF+/PkSzx7wjMDePbtX6cVW+NCovus6cEVg587drueRI3n+YN/efd4U3VJH98RVfBhz+nTelcBVBt6h0IMbaPu5N/nFl8en06dO2n7+A2LTJvl0GIso5Ca9rJcEVLppsDbtLEwKBLZH0H6izGkH8rHFKUWWQVtZDshEpq100wPUi2zHrYeYgW1Gl7eeB/ykOFebcjk1Y4lfdnCrildS8x8WN2qTGZl562ID6eTTRsiMfHxM/ZqmdAoR3WbKscsqJrAEZLLuib/ODuvSMf2cPM84RF4WdrsGGfp0P7c2aKKMg2lDEx5sZUzxgTQ4wUgAVR+nFKC3jsRqqKLKAVrS9ozLlLN68vSP0Ic2OKf1gSz1oCzpBuwEmidl+MroGSqPPI6zD0ytOXG+CgOMflZRtAec8kGF+tq2++ShJzbVYq9gnNslfg1f9U994gOVsWjRZ8AjABmyrc/4AXh964B+obynXstTVAu660PpKKs2rnbyeIKXjxPESsCiQJ/y8wq8clqbZtsqshA3RC6flt36Icv8g4b5mYpenC2rQXn3ufZPowmMRWIEVjwvxAHT64Bug4pcT8lrv3qd0Tzp8b/g7RTyGENcbYY3VwxKj77Mt5yAssFgHFLH8MVfnU5tG4pmEcD4ysH/9OufHvaOn0EtzplN6WqkdizlQ6Eq5aTRcriSNJbPHGNBgg7NQ0V6EoYEM1ymLzyNQ7BFBGEIFwcdS14x2OHYYCO6DGpEkSq61U4BlIdMRC4TXeyYQwPyY386jhxgXpclki7ZQWOhVchYktsLji3vnu8hb9600Ys/9YcO2ZwJ8splnvy+ePGiJ3qe8OdBxdmUJKTJcSJsrXSHBqVTj/I1KVe460f7dEcSzuVQ09novGlbJn92ovxD49dffT3t2rXDC3iuADDg5t0ytAwwBn8PNN5hcEmbiiNH3pe0aXrooYfcARkrzYNveabh7FffTLt27pgee/Qx2waMQQyt5qAvvjw2ndFGhctoP/rRK75NE/+mv6WOkd04p0pG8IHUfQbnoVd9GKhzKanII916IEce7Yw/Qjf7G8AXM0RO20BsP7mfBLounj5F7gVSifYnk2Hz0482bto8bdu63bcauGR7U5uyrgcxtE0fUHqZBVzedVKgcRZ5HUZa0sySvKwUrYM+6Q+5PGydYvWtD/kg7RkZHfBx1yv1BuZ28vwiOsD3ktVP0OEqQG+e5rN006ctQtN9s+l81IGxanTlOTQf0PpD60PJcal5vbi2HJ0N2FSFkCmPH8mTVv198iOgrqmbs4JZbvxCPa3VeetQGhz9wmce+ZKr9gqEK2DeoYS0yuGzgdEF4KMez0DzEdqHpLsvt0+tCzrsEz84bxbU5u0blytYP8dFX0EndLnSRKlsQkFB28mRdaoXVK4sgAeQRX/zJrXkGm/Vwli3ZEhWt4HbmTGnL/R+m63mE9tPPxVL18+x7ZjHMhsecG7HhS/Ip22hJ8gvXSHJbfs7FuGIIcc+b6YVzGu69AXrlizGS64wa0NTJwuU9ZXtbHKig7zbg/VZ9ca78AUwDBx0AZ6V86/FfvOrnx5GsB1FheqeO0DMzyO+/PKocnlojLaLI6iElMgIFHuDgWEqQB7q+K26Mq6YG0c8aXx2nmkwdyZXgEGWyaOdq4yNRh+QigUsj+B0bE2Adu7wTeMyuIvNMoVbviGNOJ0ZLbERIIrjcWreEOZBpABF7EZmZBkkm0nPfi3oxcMaRLZeCz87PZ5LuKNdNm6gUbmyAI4n09kkMCByqStXEiQ8MfYr57qK2faqF971Xzxj0z2/XwFAbvuE9omV7ae0GXGwgb5MiK2+ciLaq1eu+nI+l7IPHjxoO9r3doKATon/aEv4+/Pg/n3uJ+8feW86c/asz3b5d0VPauLnj5je+PObvsVy4MCD0xOPP4aFKmeg5D4bPqZfeXNw+rQXxp+8+mNtoPLfCnwBfMEVmK+//kYbLq7KpB3cv9wu88aEOtBH4fUfqgiHvZRRJftDaet3NWOHIvMSQ+e2Fc3tu7fNZD7h8TF89rsSacPGC2dZEeIy9Ko8/S9tk/ZJP6QQXe13t6G+6OAlU/zNNnW4dvVq+q2lFbROlbuPiIeNRuyNXo89Wy9O0XiiBKO+BRYZifIQlceF7APrBySVhw459CHke9LGFgXbJJlZDKgPePFYbmTzky+Pn/ZNgX1WeFdY7er6K4mPSJL3mQ9/kc6lade3/CU+2PzvlRbBQbYR9IlP5WvJ4IM9kaucAj4adphXaepWZSkFaRGOCzNwUGVeoO10rDmIcs8/ktd8jBfswJexTUH2EKddZt/Ag0n05batwXVCS8tQwOa0BYwuddr5AssRDLyy2Gfd1hc9cJiNgPxaR/iIeJRhB5se+GfZOYQEv8LrEn9S956PFYj1tXwFsshTTXx7jf6CDkLoGNMZP9D2XM9XSc9XfkU8fQpArj62iLZQGg4DWQV0xK6g26ZuJ49XaAXo7tvENQ3JBqtxnSCDh7RphPdGR3Uiz9zNpgX7vCmgfZWmzHOO+FEP0Eb2k4L9I1w2Gnlx0m2tKR6zZRw2JEE6bYaJ9IuV3/zy1cMRIRC9nU2yO7zyX3/99fTee+/p7GSj33yHodz7wOhu5BgKYzrcTRlwR2l3BNFSTiO4U9mi6PQRhcbF4Ea6XQq60i4qGw0RM1gBd2KgyoiwcQld55mt8s0raF+4RAnyHahPT1J86JjUu/UgJw0QeeC73EE4N7wa2w8tsiFgx6ZGhJczQM6G2RVe1QLPVQSAy/HZkC3slF89EaOTTotN2KE8DzuyweCZB/R1/UI72xZ8bI/NsR5wXRRcZ9F++uknvg1y6NFDA4f+BusWDF3q6GwsGYB79u51fb88enT68MOPpvPnL/rfLM+ePTO9/de3pm+++UZ9Zpoee/TR6SFuK7QViLQeflN/1z95/Eo8qHrppZe0ycqroD0xSA/4ixcvTf/8T/9i3+3YsVO+y7/KAVx284QhQi/2pGUvbYRv8aF9qjw7af7TAZmqjQJl/YuSvCWSOrMQMqgZH/i2/QA9SfIE6tS+weikoA29+Yo1b9cL0Gsis+WRajmyiYlDgT7Fz0Z51oN6MBlkgc5k48kdP4nOE4fSlmSbclbR7ZmJtfRS3m3aagXdP8xhPs7isglgvPdc4sCn0rlEmquNQrgminIgLr0ukVjqYpw1WZvlNJ3xiqvIMpw0Okjr1ydvGoQv5cY5ETkRQwyBSstngHUWQBMbOp1ygvn1MR2iq0ziDMhcLlqgTR+WksPMYsbkU+B5Ihw5Rp9YazyGh2/ROCKnRMkH2i8L1Heh7YFXgnrxcYG+1MOLmfp/w/31dyRdI297EpdVBuxvnPtODE+ejRJy6ZNVT8DdRx9v/OBVgNZ921cvZruaB37WpnXr6lYCC679FlOttnQDS7tjg6n8da1KrhElxTZpqe3bgcw9KysZp9gqpoTiiLDWVHOQaDMeyz6ReJ6xr6vOliFtKvS8TtCH+jP244sajx5z2dB77OGbqo/lS1LmtjvaHPzi1cPezoi4wcIdYgBnsvwG/b333rWA/O1uXsyC4p5E3dlrwjl69Nj0ruh5777/SU/yfEahyiCbPKG1Ur9UXjrLyJTF6GVZuSJphaIKXXWaZUj590CVAaKMzALyBqHApi0LZ7lE6aQEYOZWukktpzKqr/8BTJ80oEokmMZnY8BP1DgDTmfIpVaeR+DpU3zqnz7eumE5nDHT4QDbpWC/CmyP0uBJX7p0yXjk+d4cNNShfAVbWWg+8nTr7nh8GhhI3377rXehjz72mG3IJAdN9ANtS0mqvsJCu9bPEuzZs9ubguMnTmiz8fl07Ngx20kTb9+2ZXr1Jz/x8xkNs2Q2B/f8b5BfnT3rAfTDH/7AfdT9UAIYPOjcvHmL6/zmm3+ZTp06NfyJ7wzUU3ZiEzFV6MHVNUbObcnzrwJq49ZXYzhD8wa56oZ+Nga0EbeC4gNJsLCSWG4C58Wu8GlDiuBZ1hYoOpO2vNhuFYJsVHuhSZ0Yo/wR1mZt5DhzYaLwhLAY656o1NeQ6xeieMznbCOAvsj1omALFcuIlgKexYG8+5NxbJTwSyYs5yVznqRQlXLEGqcybDe9CSRIgX6YcZYJEnvSb8NLWfyXfmh7i1cZ420zKNkBX7nSfPmkjoD5Cw/Epvgl9ZOsiHN+xEkazI0Ml9sQy2m+ASq2bMpKwFKv0WYjjQ3KqNiyDMglX7lqK6DttJxKD5AM9Bi/gMjhMOO7HtEZ24RI1PlBXnlB62zfdJzC0swBuQSVeR4hUG59DXOaOmZTFZqQNX146T+MV+a77nfE3ce4KtUvRiJNH4M39alalcquI3HbZOuVTr5tMCqBT42zzPGxmSuwmStdEplKYW90tkyVis4BGssNnhj86jHhEo8pyhNIK6gEGS4vPLbwDgSu9DEvKGO7CH55lcpXfvXzn/iPl1bv+iyGlPMsAEwy5y+cn95///3p7FdfTVu3bZvWa0JmwoWeweXLOFVv/PLJJ5/6X/N4Y54nYJX5/QACeKIiOgDsKJVk5rgCNo2JocpGpcmTLjbrorzyqnXJKOpRDgEZf0tOygA3iL6edEyxoCEI35d5LA+sv+RDRDRgkYGeLg4tNuFLFi42CaTpMOjnTJurNnQGHjYjUObLYdo4ZIKng0mK6P2XyShSGh6ebuXFGNzCuHH9hvmRT5sA5mGAkHbtsP37AhuMdMrrN25M+w/sd99I3VfXE/ok9JV/0OE6qWNSwj8rHnzkoDeOmzdvnLZqI8BzGPsf3OsrAQ8/zD811kTXDrcwXvJzz38BfebsGdfh5Zd/WM9lZKNFHWSR0/z7IT796KOPpk8/+8xXUcD73ya14GOXBxC+RkPJQI9tVV25PM2/QlLvK1cuT2+88cZ04sTJafv2nd4oW1fV0Sb3gLQPyg8DKEk/ZnMgFoNpIVXevI1D+ogVGYqQoCT6AS+oAvtARekjK94k8HfRG3zrJZcss9DMk5J1INLAZi5WtH8GCA2uKjps6r6KnA7BZ6K2j83bG4Lgu8xXEUh3gFhgWYzd5JTHb/PmADVuLwEsS91Ol5+YqKVxyM0xEJ7KiIOJE06+CDVPyW5AWkiCg8Y4Abi2EQAPrtmtr+YL87WOKksen2N9y5zB/AizCYpJp8CElkGhv/nwDU3Kw6c8RaX7uwBB6JcwL+DFqyR9ufVGXsfhnz+B9LtZLpTkzdF8BPNWhog8ugHRoQNfQ+DxqqJBo0Wg+xibAxZBrnjTXxgL6zQvMIdC6tlPakfaAKLk+eOswXmIBZiLHQT3VcyvdQ7ocl/54OO0AgUuN8GQB4w6GNcyXWJUzx9sDpZ9rSG2BM+nmK2n46hVbFvaT7yAb63/R2feHIigFVABUsmnwixYhw4d8j/qff3NN9OfNUHyNib+mY9/8MPhXHpFOJfCmXy379g+/f53v/dZ29PPPOMJ3BW1bI5t6EjF4BHzCTglJu8YFQcvIdBB3IDgqCiovPHzYCOd+qWcFMcuj1MFyprVRAro6jxgNAc1FrtCGiRsdnrD8G3YnfckZDSdRbs5d9Q8TMIT6D4rFwOBl3D4fQnq1Ewc17XYcyXBfCpjoUNYXBFdHjLoUQe6evWKNwfkGSTo6CsPEmE8rNSLdImw7o7RCw+3O/i1wuatW1Apfq4efbeD9qBlc8Klfu4H0k+sy/Vd8W2GA/sPTE8+8cR06ODB6bHHHp0efujhdFLzW4R5cnbMfy1oc3Ds+HT2zFkt/Gv9awXq43GJXNFxpozN8PAqZ64iHDt61Iv659qwskmgf9J3ocsGC9/kQT5qjQ3gmFj43TC1Q/bFS5emP/7xj34W58EH90/bt233wsZg5WzFi5Vdsdofsy8dCWivwlkjmPif0GASHYwzfgiY6ah84TMhpt+0fC5tcpuBv+fGLDaLbBLRB1vrZE2CBT7yLQsiJqQS53L8AnsdDC5Xtu3y2ZpktC2RF1zKkk4euugLD3IsxrwA9tIGueqS9oDG9RB0PZizIAk/3sV+U6S8sHzJ2F708RGj7eUTtaHhUGB7bGDSy2AygkkiIP4IP+nMY8WLf0NmEGbOuqjyJd/2w+s9W+ztsz4XAMVnRjMXmMS1dHbYDFBmfIdAaR9xlIc3WdqkxrWMSgi+ywO0a+mjHLtppIUuQE0v6P5ulKDbL/IsQgfSvVAiz+V8Bk6IqBv0zGG+PatxCkvNMga3iwGO+JQP4DtRxHXoenVfBqBloc3cn3L0uo8L37f3/N8x7uPtfwW+TguQ7brJBktVnQc6cy31G5uDMFU5+NTFfNaBnZFtWtFYDrmyAZv9nxiqy3/9P//PaeWXP/2xnzmwUUg2oVvHUqgQFfdZpsp3aDPwwgsv+g923nnn3emDDz7wZoAXs7CgQccgxwG557lm+td//TfJuaWJ/3FfwnElo0HpMlgIcLHDKPEovbDLja80HA4UO100Ct1g/QIMABqXQ2keOkk6gaUJaRoXKrSc4gGGNBer4xUNIZtEGoSzTJXVQtNBB0sZ+UpHNZ0Gu3LvGkX427tbbQb8LgSdnaaB7/oseKP8TDkL0pVrV+zv6M79KWTjfx2sG41cwmdTwFUInw0zMLBVIXbEhizytQgUDiBu27Fvs85EWUiZ3I3GCUOOyQTITrtlx84TtRZsu+grXMqmnviTurJYIx+7hq/4KE2Am7qxyH/11Rn7mysHPHNAOZsoZPnBJH0468ceNjNPaAOCDbxL4djx09OXX3zuTRZl+CMbrMjvXTd4+LGJM26u1Ozb/6Bd+9e33vXtNn55sUmbj+qeou/JIX6MP+a2B3qgWiEwaNBrTPG2P1t4y2j+AG0BpP2ctD7qYdsV8Ddjkl/FwJ53I/BSFW4nhB41TDg8H9K6Zxs4RLj7V9tQ5Zn41Z9r/CcIV3Sk25beCCA7ZZlncisiNMSRm9s56EY7dlJP2jmT94xz5UXr8e0CF7qcOBNq5VUY9UlbkvK2WLYaIzrr5hviActs19FR0TqQQXzBUobL5izmrZKJ/tYNOKL9kaeYIlcLOpfGXpKtxxa00KL1p+tV0Hosz30IJeBpIycNrAcDTNu6I9vIBbQcwLbwKYGUjXYqGHqdTrykH6D6p69HhstIuyy02TRFPvME9/y5fUvM/JI+pvpIfnSUPYhY2khcNMFrsa9y8r3B7XKKOoZ25E0/+zO80b+s2ywjAcbQVp+semWOCg87F9LImft3gCTakYEsxozXc7JlN0TYwi2FN//y1+n/+C//ZVr5xas/PgxxD4ZUAYn+WjBzPIbhWAwivUsT6rPPPadJ6e70pz/9aTqiTQJvuOONeK6EmSdvGD766IgnZJ5u5/ZEG2kdIuxBzqKK05cVA5xXwELn9UHEAKHtUIRWnHzUFFtkwFj5Ri9FGUTXNsxHZJOcMdD0XO0Gc2MxabH4ZuEl2BYFP5Vs2fAnRlBoOdusHSYNpgANZ9xcLeC2Arx0aHa+XJnhag4yeOjw6tVcRWBHTLltkE3e3AlPZ+D95dwT70kaeu/4ZSPAAFIGF8bm++wk8F7/tevyXAl1dn30of8MPhKQq8yDCBrS9Av8pHZmI8P/Sdg/sgMfALnvPfmSHwAfgBj4sZmHjE6ePj2dPXMa0f4vBjYYUNp3qjN+Y2Nw/fq1+gfMadq2bev01FNPTT/+8Y+mffv2+JcMH3/88fTJJ59YR27pcHUltniTK8U8DESdGHT0Kmp3YP9D07lz56bPPjuqjcbRae/evZaPveinju0TwG5QvKwPgExKXC69FMeHHUNYk58lgF9OMInxp33DZs2fTOS2x+W14VMBzyBs3bLFV5L42SPyDCqnXWkPgLaybRRhi+qDgZiSvtP2YGf8Hv/HxozlTEZdt9QBieFbAu2LDvdZTVLZQPSDUzNPxga+y/gS0raQ5uwOGnS5/1p3lYkmngEPn7/G2b/FC671dR2pF5B2CLRsUK6faOGO/gVdyxdEfhSbblFmZAH4VbDIpky0ikgjL36f+Skna10FTsN6n+gGyrtODc3T9lgHKPwtOsp7LjEFuGpD096ny3L07brDH5kKBW4riBaAScxpXUds9AJpW1tO9QvhWwbktCEbAvo7cylXaJGTX9ZU31LouiMyamabmqYi09G/wJMH2pYZuhbUVbnqSwC+A7pfMT4JLcNXKdCTnDPWo2RogChe5tsEIsYTAM52Q6+vbe/+ouAxJBzPkZ0/f2H6//3v//v06aefTSs//8krvq2QiSyVgDDPICgvxuUgM0WlOdN95OCh6ZFHDk4fHvlw+liTLPeh+TmVB4rksSjxICP3bF9+5WX/JS8+wmx0SUxitImez5gkhbMuZIEQVRrDJcrFjjBDSkJOcT0Kb4mAqS13AAUlz/WjrkaFAwCfhlQA32XgjI5AH12mUDzIGzGLv8pCPcsxuwJ6aLCeCL1hYDCoXVhoeNKeBdA7PgGdik7PWSALKTwshPz0VF3PT6yzOUABZ79sGlgU8C2T7vVr17WQ3PNfBPeVDvyGHFumvOuNXejTwMNQ6jL8S1Ur7isWBhhAiw7oRSJQ8o1jw5DFxB1ZifZXJpvBFJ4SAm1elnTaV0JefPEFL+zU1xSlG39StzCHj7ojh9sZzz377HRAZ/3cnvngw4/8XMKVK9x+4UqG/C9et5v4s6liEowwftL60EMP+8rB6VNfaaPw7bRr506/sVDmC/BRDXaqJozNN7tKRES+z6Dbd/aZknPdoZ3TACKMKh6rwHdCus/wUb6puaUgp+orqcVDe/FTUgIT5l1tuPwEPH7Tx/UsubDAZ7zszYTaGwHXrEIA2tiUtgfit7Q5fRB0eAOkkQddX3lARwN+uu0NQ8YHdKmLjQuR5APG6xu/Na7x4OJdb3bKhObh4D6otD1hu4Vt3/FVHB+l/uQ98Vtc8SjrxQu+CB71hQbwvFb0XWZZFRpX7AbT86ki0nytpe2IKQaPYZcRRVDqRKh8UzfTAmhr8PG5+qnk++oc/deKSo6T2AVxeJd1AewvfTxX6NO0lCOPMtrV85EF0IfhD41RxMi3Djgip82IzLSJ218xn7Qp/k6dXBfjkBO5lo3ManORGLpeiDaNvtn8zOUA/Zq6oWTMpWOcwCY7VuS/Rb9AXDYGmT/p530SCR99iLUAWbExcvg6RVIBPehoPcSmUGHSsX/4QRnmhR5jiGNz8Nprr02/+/0f8lzaz3/yo/zxkmjaACrnisFE3gb0gCYgCiCWMlXuiy++nI6fOK383enxxx93AyOB3+q/+cablvPKy6/4z3hcuQL0DH0MEuPkUPACnIMOT/TSY50pGrYZwJEvoMy8CxyQeqXThTnCnB82VGyHkxtkpTMyQ1kgXLCKSThPOrtYGt+lLhRXM4bJehgYVBt6FqVMLtQhfHQiFkF+9phdZnhJ89NHNms0MH/mxCVj5HAVgRC9ouVKhO+35fYCt4ToJH4YDOXlM1O3Atej04HULallaJt7QaOa4SWkfilJnV3X1mcf1KDTYeYtOSTqcPrMWb8hEf4XX3xRmyR8wuDXRzICrSn8Pi7qwaaKf3N84vEn/EInrqx89tnn08cffzJ98+05P3S5c/tOb0AC9BtgzcQvGPglDjo+++zT6fKlS9ONG9f8zAS2ePHy5oAgrrLbdlTdfHBl58kLmI9JOTYDUSUE7psV4G3qJgaHf1rugtVpsGw6eWCRWzpY57NA1c1y8aPoMJEw12MJIBAcOwJtV9oStrYTsBgd4hujRjkkxD2BM1nO6dW4yOs+0/LxRcYQifRDQnQDPS/EBiHMC0Xmha5nc7XsLjcUvbNNCLQcC6789/CaquORXg2pTyj4WlX1J28CmscFCsr31SIEUkygKBv68LfcgNLIU2H8AVXSSOh52Lb7m3LY4pdkwZu/4gCFscP0SZmGdNMihzakGE7woQ59YM53v7FuH5RRkyLH/Ngh/7BQczJF7PcM+Opk9RcF62x6Bfo949o/y2RBNERn8km73hV7k1CkmOKNBbLcJ9P/46dZl83tcanybDSwS3SeN0Qi+/m4/2q97c0GkGP37eC7DCCdOtkUQRLeKNoek5nGctEpn3IF9Z//5V+mr77+WmPs9rTy6o9+eDgL73LxioIAgksgOxroEEpFVMAixC8Y+NkijuXJ80yQm12JGzor+8ubb/oS+Msv85pb/npWBfCXjr4qkI4rJ1of0sHFHpFXefOh35EDKOgLaz6zJmsILymV4XxoXMAhYNnkVRAZNqZomlB6QFdugGjHxOM838gAn4XTGJfFGGRrUlYF6VDQuiPX71q9ORiacmZNh88l8FxKJ7C7ZNOA3/ETD4dyFYFFHxkshN6wSRcfNgn49IY2ErSpzy7d2QhA6GyiAJudXOTz8hYyOipNUYqTcilFKFLeA8wCVQKjkr58ZgxFyoAzIh3X/hd4AFFYMs+e/Wo6dfKky1544Xn3OyzIZBa+4WvzjFSlRe0BnDOVnbt2To9pU7tn777p0qUr3iAcO3ZcPt00PfjgPl+J6RexUJ2Ee9pQ5M+o2Fjwm+nnnnvWm4Ms9jWJiThmYRdx0ok4ClywyMdSHSUDW5V2sC8FJag3sBRC5ZpZN+WRMftdgF5oq9i3cxTzs9G8wyQ/eewNAmRYil5PeOgoW2dIvlVQzPzgSVahYbYrkM1wArLnCbXTKRubgqJBZl9BaN5lGnt8tmUt6ExMufXrq6Qh1gRHWcavkYIkJJmDAZrWtdzQdTm0wkaePrGnQDjKl/KW7WcexFmuSzmMyBLv16lgHMxLGDxACE0lWutDlz5Jzrwte+hZyDE9H9vrWqziNSyyqZYPA29eJ4RivkGF2zR4Fs3mg6XtAVpX41p28tgLPxuBnJC1/YxD5lSf1YOKAvXx7kOT+1aHLo+6+GjYLUiKeQDeojVxcKgdfZtxs4pX8zEf1R0bHTxPwN9BdCWn65wT8tan2GkXWSZ6opfNc8YcskH6QwwBPPArzsbDpNP58+en3/72d17LeT4NzSuvvvLDwxDYmVAhoMDCyBJsXBzlJy0VI5cHw177058k/PK0f//u6T/8h9/473b7vg73w//y1l81YW6cXnrpB36zXg8qPpGt4Ai5cyd2mSGJVK46jT+BeXNBZogTZCDYoQXW61AIBueCw0mVmaZ9UkfEONXMzQY90ZBb5YbYy4HG6I5AcKnt4+w/Vwoc10N0bbY3b6InNNDRuSXAU/RcGcAWOuH4e9/1G6RzzXT16lW/RAlRfgmHyl0vbMAeDRquHqQDx67xMCco28CkkHh5dB2QU5jYoIGuhaWdZXlK28dVIXfK0mFu2Wli6BTYdISyaJXr3bXZVM7PadkcMBiee/4Z969eMAwlv6HRPuPEnwwc52WvYgYfb6DkYU9+Xsl7Fy5euDx9883X06FHHp62b9uah/6oj4I3bffWTBcuXpzefucdbQ7uTocOPTw99+wzkrHeD2DSjsMn0jNsqpjIqXFI/dtWg4lMYLvjR/nFPmtCfJxFyBuipicgzxMHk1HwJcLA09NsCGChT/FMkDf2XoDz0y904q/05MiKn5NOwEzwbbLSTIzUexVdeOegUgW3g0N4erEAum6RF77I5XYDv9OeryzkmQvpw17hbKfaNrpr4XFIgg/V8pjwXCo6EBRzELTdQNsNzPiqkz7wOi45S3rAabL2UXRYcsQLwuf8zFZ0hSePHGejTwiTL2kAdCQskIJV/aTsW0VHugS5DpZOJhHg0iJflptewbKUd1x0LRPckO9jcPQz2pK2Visr6OO2RlDovCin+YWuE9WeH4TyZXr1acaIZYGv+ippmXzNrth9h/6OHtsFHh3VF5XOyUl4Kcvm2QiD6SsNtD1Bpa72AzlHqWtCbtNwgsYv+rxhN6d4hIdhqUvoOsTHnU39YjNsyKQAnElKP8BYcN0IGjfvvvvu9Ic//MFvqb0t272h+umPXtbmoB2cYHVWFiMZdBaswG/MXRlV5Kuvvp5+97vfTSdP8nvzafqHf/i76bnnn5OMGsySxWXudzR5cqb7wgsv+L8DkEOXbltLdA7iySJqBNlB0ItjSvRRPg6hOOkldN51qs7RwWKFd6Or7gDUdqQSokrauD4UqLzLAmYwGDsOCuhTyrYo67qp0bwwu/FgtUCnwjvHtAH8S3CzAOJxp1q7btqgxZGXetDQqGKh41cO7Jg5q+WnjNeuXbdevypUCwGdMT6KBt60mAk0nS7IKjNN6uO84uCcM0/7xLwux0TZSGc3X3XmKpfzhQJP0JFJnI9plC8fMcTyKUoVfvPNt2Nz8Pzzz/opfPzRvFBaj0H2KZ0Bfs+bJHzgukKjQJ/mKhjPEtBfub2A3VevXJ/OnD7hWxfwebDKLqnVBLRuOnPmrK8cMIEdOvjw9NSTT0jfXcv3MLANhO7vsgCf0K6SYzv5kMYddnHoKUsevmA4uI6iL7RAad+fDb/bQSG+KFrpy+agA9LSf9x2tIXQ5Hnmgl8fselkQ8Qf6EQHfAC8dQSHDmNQS/0iB/81Ty/6ts0APmVjY6Msxb0x6PwcasJVnFsNzC/8fJpfzTCJUx5ZzBXhQZbaV/3dAbtoQ2PrgKKRIasYNtL6hMeEQlfBgPT9pIqf2N+5zFBJZGDfaB9Cikxvu/VprGWUvM7D4w2iUF7EwrSKj5zITEMgggyAxvUUDHldx5aluEPDavmRA879p8icLxmQdl81SofWm/aa+QAnKbfO6AoufQqgCLz9FlGWYw7ZQRm05i05cLgPKk9fAfAfJbzJt8+2RWYe5lGfbOjTdnaAiQji9hl2ENzv6OfS5Q/zm2htqyjZzGIHsum7t+s5Gm6VsaHp27z4zPpqzERf5g02D2zkvR4itK4cBKotV7CJsY2tKSN2GTaCEA9+OnvmzPQ//sf/8D/ucsXZc7K+Kz9+6QeHXREbgCS+1SjGyZHQMkD81DaNtOJ347/x5pvTF19+YUN+8YufTz999ad+O1wbQSNQ8ffee98PYTz77HM+w/PgLn1pYBS4lrmIqiR6XF4fTwymgHSmj83ISh4AFbmFEJinwDyIqLwwPi7IDdBREjx6mnKOU9YUwVr+EoatPQlmgqKR8CUdgU7iRlM9XG/K/DIjdsJpzDGYlEOkO6ZlMKHX/3erg+F3fkWyZg3vJNhknwM3b16feJUwvoeOYLnqmMhwWryxVoCSAtoAgKZ92ThSGXBze1GCrbRaOnrZroLwCwePUO0v16nKOFqeEpSHVxkF+L/99pxf1MEgfva5Z/JLAXEwcMxNRr7kk67hFMLcJznb9KtV1fc9iBSD45XODBQZ7bNmv15Vc9JzvKdDG1zM8JUDlSPz1Omz0wcffmC5Tz7x2PScbLnHfysobxpoUb8K4C+sTU0eLwRNXhEIqq1P+yhIswVXaPiD42CUhVmPZYKMXNNW4IzJz6+ojboN6ZNMPlu3bvUGAf/d1aTmyVIK3A+1GVmqQge6I4G6W5Hlkl7aWsNAgGGUVZoYlA5mp4xPVYoxgo09ufr2goLf+ikagidfl6Evsm2LpTJmMrGCY/xQ5JqYMOXoBUUMXfO7Xk5Brtxi3my6pm3Cphl4AXKRxdd6neCYDwANAK9BWfMpS6CNoqTKAcr0Ca8ydc8O3ZEjvCLaL3qJoAtNbGzaQOZ/CIoWSNbziGEmd0HGcOYSoOsOP4G855nCI6DXA0RmbM0+dZ3Y/ELv8rY1Mq2UvMuVNy5lrusCLE/4jP2sKZZRYkhwBcF9jX6+kAdYRRPTtsbh8Xygj97E8Do2UIeksiGIDd60OEZfztpT18IjY9GPeAYqz5zJj6JvO8Mve+I+A2KiE36iFBilA/+/8m//9m9+sRv/toscNkvEKz988dnDJNZ6UMzGA1Lryd3pO5k8L1++Mp3VxuCvf/mL34DIg0wv//Cl6Wc/+1kEMvgUSPPB4CNHjqhydzVxanOweZOdOBwqfdYgeirJgFWyKqFC7KnKY9+AovFnoI10gK2dQuwkMBMLxwKcycAduojcMAUyp2y9D5a0+saONF5TWxM2OgTj0uLJhotJijOa/PrDnBCHRMk0vjcTfSaGLEVe0CEVDj9TwE8c2QzwPAIy79y9pfaYNNFv9hkhk+cVdQLuMXElgV2qNwmaSOmk2aki3pZE1yoo3y7SjqUDUhaNpHLs8sgOPr6OnzIQjBbET1BRZ5jRUGyuJ+Kx9dtvz08njh/XhufO9MwzT6p+POgaevwNM8fIY7SAygaIsr59Aw7b8MUnH386/dM//7N8xGXGe74P//Of/2z6z//xH6Zt27eZz89tlAxkf/nll9Onn3ymBeeB6dlnnp4O7H/QGzIGtDfTorQNCq4rH9qLAupHvAroD9jbvd1OuI9QacmQt1xEvYcPFbMgUy9wsPUkTkSwHyuwUPpWiwrcx8QHWKYCdeH2FbK8qbqls3RuG9mXkQtQL9qs60dJ8gLsEURn2sCTXfGD98TGx6hZbtoy+N5g8slEmDybAcfC+YEyzVPMVY3rgJzYgM5hFoIdZSNDR0YDdQodIXYUUF76kUmnRK43FoqXtCNtfTV+AaEpW34CzEU5ecB/wRPiV0PJcv0pU16ljoWsfLgIA5ShOAtN4QTxSfe3skVf+2N8ileH5EwqO5Qji04H8uGgv4BPn0In/oKWOuIvaNPXrQ8+u1/tJlpl3Uj4On0YGWWfAJpehFPs0W9x6AffkHQ2vvSFnLVztQAlBaJJX5E8BdKwdQht5JpO+v2MQlnEmDYPpMUT20jw1afUoSPPN0gi9VYwrwIVJx+5+ojGG14l8E/Pn6YdELoU2QuFFQjXNkiJa+E5RjbwL7j/+q+/9dtmb966Lfn9XJpOtF569unDK0i8xyUUGIWmvZRy11f21s2b04ULF/0HTDzR+M5bbyv9lR/UevmHP1R42e8z4B+femKzJTAr/kwGXL12dXr++ef9LgSgNrU2gob0FzOciIw+m/E/qKkkZzjQ4NQ0jp9tgIsBam70Uo8auJQqD8RxpERn26TjXk3YRseo+d/hkgdio6nI/LswJoCmUdpJ4po8uoyIPINkXPJ0Weqj6VhJBklNqEWvg2PMJDaOMgX4V3S2y0uB1q5FtqToTBa/8XM83pdAJ+MNgee0QbiizR6vW+blPv1zGuRwTIqBUIPIPiZV1jxQPsZWirVAJk+GZOgBYsuDlRR+t93dwd2qqYDwkKUbhwUfcPWp+a/w75AnTvgnsk8//aQXb/NIZz8TQ71klHmTbnn4kysD2LfGVyHeeuud6bXXXveEgZ3bt2+dXv3xT6af/fRV9e08yd/86EcXOj75+OPp+NET9u0zzzylMfGg6TIBM4HHZG8Aqx0HjEzsLUrbhA5ijhmsKlNsC9w3wuz2Kp8F12n4wChtdPyN5f6oX3nCECb+iR7n4YFTWdJ+jmXdBvuBBzOzeVK7Ue5NJVcfNKmoztGhDzGqEangOlDO7Ih4genc4SFKX4KnQ/LY2gE5TN7QRgc48tzu7M1t8gSeR7jl0HOA5xNvJhIjwIvx8I8Ac3yQPGKU2OezXV6shPOYzaB1IZ/4MZBFLniDIvKA6cjXxynscBw611ElmQczIjLHlm2CSGtIDhrkWEevSILUJ7LvYwy9Puii3IuQAT1Jz22htlG9e06LPAWLjw7TCEfeuHQog281glWdKEM38rCbmYC6QmsT7PviRQV1osy+F71x+Aa6APleuJWxPLeZvvQLypY+oJxNJf3GGwPReoOptB8WV//y2JQ+sfpq1W2uWtEuintMeNG/nb4G2FYpcW2V5qojKGQi37fphbOvVYBe5FHG7by+KgbQLgB56mDJYsN2cPEh7ZH5I7rEA794bQNzuXH8Md2F6Z91MsTPuLmizP8pUEfqgJyVl5575rAzZbQrYI9ZtZ3DRoB3FXz80UfT5StXpt17duss6Vn/+oBXKnO5tRsWNhsp7k7xTvvLly5Pzz73rC9V1jgzhM6KrRtM5GBTCNwBXI5zOBvOS31i9xrl8/pey0AcsNBhmyTMnaFh1Fe4MijcKHTWOhtSAu1CxvcAMhZWGMh1460qW8giRT3ZudFRyKfOXTpHA5RfdnDkpY5B8HtkvwdhXR5wdCeW73iREZ0ZfXTAS9oo+GVBasN++RBqu0+s8ptg1BD7+DieIRZkIWze9h14MHgj/g2nk1CVzuQ5iJooCANtzubg2PFj/j3uU08+6QfpWkduLWjxr8HtS7BqZ6ykn96+rc2S6Hgehv/+eP3Pb0wff/KxfMImiP992Db94uc/m55/4Tk/ILSmO6xs8DyrrG//KPnhBx/6Z5UbN6z3exP27dtrAsqwwaCMbROECzM7haxOQdX1j18Lbfp5Ig46xRCvlkFgbFgvY2kBWYxLgCALQcaXGcwLjlTO/pB14cIF9xden85Dxd6EscjqE78xFrE9drS49OngwSGTr0NBxvUM6COEp9OUlOxxRC4TciblnlSJ4aOdyRNDg51Mqi3hfrnxbQzLRk4yNU68UImky0MTOqfDngle+KY3iWLkuN6gIB+4hggwPoXmbVvsh6Jf4kznssBIKYKu8bCMzQ+BT8UNS9lh5DCXA9ZZYF2dXSQNzqc/zHqKyCKZ46ufqw28mVfwvKfQ9Yg5ytW8T18Cgo9t8Q248Fpo5YE8OBhc+4y+i77kk/bm4T5aB6Xdd1hUBdSl+1L6D5sJiMSDHJVhILyk2axiie1RsG4EWb4TKo+ubAzC442tdaTuplS5U65beIgtUKhu4waS2MmQN16y8CF2kv397343vfb6n/0yN9YFkLRFw8oLzzx92JJ7IhN49ypCYhqMsyIeUHr4kYenp5562m+Z42VH/D66K82nARR223YBl175J7+nn37aP5fqyyGuHM5V7A6g7CWdyXKfkzMRdvzo7zfp4airWhTee/99n83wO3Ne98iT+XHU0ooCEI0se9qZQHxBg6VwTgGVZkXQt4an8YOo5DgfYkejkYouOR2bD2geM6gF2BhoYcvltjlUlwiIllqmIyjbToaEMniCqb9y5l0Ha/0CJB5OvKRNGi/64XIy7cfv3HkXBVd2Ll2+7MWW9yBwC4LOOtfDwm1qw/AHeLWfNUNgnkrLd+TAOZWMy8pTwRuISwd9wrmUjXoCksWLi44eO+qfax469Ij/YCkcWKWPfNhv9Gxe+g+TAH2JAfHXv/51eou/if76G59Fwv+I+vhvfvNrX43wy5Akx1fWKC2b2jL6zvtHjvhNi/xCgZ8x8m+T+MITGf3m34H4VUEyIq8heOsaPtBxlaimT8yx6ZvQaSXTT7DFWOvtNg0PfuFXRfXzJW6bWI4JTMtDSlw9ZFPA5n6T/6OBn8yyecjZuZ9b4SqN612+VvDm2+BWGfo7ALEj9AlZ3Gf7mC9ik4/giSy/JlTxZ8LOpE3wmVxNsNCxSchGpu1u+pQ32E5mVKB0Odk2gFOAji9gHvkZmrHwGOa0J2YlOx8fOBkwHhzjOwuJVYZ80Gczh82FLyOIIw8io4zzMQXWzWfwpNh5yy580w0IejWUvaZrYwCyjWuZyHMgSZw2bX3NQ5nPiiEErTjtL2hZglmOE8ZSR/L0ed+C1Yd845ftPGKHSqvd7APPv0JwsPjSU9CyIs9mWRffludy+p7rCUE2jV6ExeQ2Vn/IPCF6lbkvshm1bKTkxIYrpm2D7RLEnrkPAJZXfaP7tfuR0ul7kcEbY/mfmX/6p3/2rw3vlF3ubwL3FaVXnnvqCf9ls5XpSyXbqd3JeV0uD3zxdkOeCuef6GAGOINHGJXDqMgNH9Ko5KlTvAf/K28s+G+G6Aq/Gw7FBe8f+WB66623p8efeNwbABeVTM6EeTENT4cf+fADv6GOf/fz5gEivhigoKNtITaUTT2o0gFM5a/nMOK2xczZMAUHgcUEnC38SM81MaoMcNqJ+LZygvAQyGMTjYleJoDcF+/L4nPj9mfYb4gM+1ZAUQZgNh39ACITpDtBlbMYbNTGgbfk3bp1w8+U8NfJdKYt/AJAALk7K6ItGCzaFOjcAspjj8B1KFt01u2JVklsDi+0kM1tj/WpAUB/qhRtYLlBOKUk7xfgygF//vXQQ/v950oNS19xdYBFgI0RcPnK5ekvf3lz+v3vfz+dPnXK/Qnb129Y6+cL/v7v/1YL/C77jMHnf6GM1vkj/QRsfP/9D6bz356b+Pnf89oc7Nq1U2XZHCzbbuma1CIynaVqyHSasQddGIZPrdcUAvquj4qZEJwxNC849zV8wUfGeqISAZ/Q0g4Zo/yiBZv9KwvhI5Oyu/45MpsB5gBPOKLjaiH/g0Ga9vXlWIkln0mm7OU7z+2C6O56NU1gJFYB9qUMHuTChz4m4dTLcqBQfaExz4KOkCsHbDzmty32BgL7A5FD7I1h3e6Lz1oHx+ShIU59FKyzZYSKA+Vd50DxGO9s8dF29JfMwQDlSc3QsiK341mHUo5tt78lgUhhSQs4XzwN1l+oIa9tctpJy3OSQ+MEqxYbs4cAGQSPC/kvbZZi2gY+fN4nSYHQOe/JWmA5Lb8tlP/qpMi5ZrdsDpZUqOTbHj6to2kA81WWNIvtuAVRMs2NDPpThXtsDkRrPH+PDJ8C1Njl+ik3Ngbqs5YvechOvxcFROhBkZNJt3/NI32AbVcwp2KuolJuPaIBd+ni5elf/8dvp7++9ZZOCq+H1vNdZEXGNK088/hj3hyMAYhgEXhjUDju+7VgGi879DQgTgLnS7lMDDYyTqZWyOIs7fTpM35z4q5du60YWvhtNXkb9MC0bev26a233/aTk7yvHho/NIVOyWIh27lzpyv2zbff+h/8eEofsCiER2AFZalPhyIETb2xwywNzePDHOyJchEAWVzeMDdI8xgc6SC8+QUVBa0IPPV02vlItiyF+DYdiRpADw3E9mFBdM8xDwdSzmDxGZN4vItUHp+SZ5KEPK9nzv8KsFDwU0FuIYHjJzYsrrGtAmlZFBN7IKJ3DraxysIH13cBOd3RLVDgllI6tQ4gHzK6JfXh1cWXL13xYv7QQwdMw6DyYuWzwtx+4rmEL7/4cnr99demP/zxD9PxY6clh6faeS/EyvTCi89P/+//5X9R/3xMZ8nXfcWBFQ2/8/517rPbSpmSdqCtE9579z0/j7N927bpheefn7bz7IN4sVNexmrbFUjbOUWi61o4qkwyvRTfJgDEvbs3JiSDZ9bSfNUvVIi9nYG2oUS7L3Ronb3oQQQee+krpPEPdjAR4hsegsXXlLe2jNv6uSgNNhRjP/IZd7PVxjubfkNAZs8nLlF5yjJx8vEVH9NBQ4jd2QREBn2CPFcZ2Sjm1kImyy7PJB754Ijjh16k0N95/JQ8MTpVEgOjfkC80bQpdB30cYlpk3faCx+J0A8+F4cGfuxYQmQHSM/yQk8Mvv2e0GWxxXkzLYACUBWbXmlxh7bIyX8HTFq6yKOg6LDDfqAdSwb5zAO9OZCfXVBB0P0OsuZzH1GGvoYKtHXbjnkFiOpV4PpUTLCt7vvCuU8FwAPQeByqjDD3Hfoi+kqnYh3yKdlsDMjz7TZQQTYaCuBdNgwNjYMLIU/fJDYKUuXT/zOWGZNc7SfQ79nwQ8ZzbUh67733pt/+/ndal89bBM9esSYwV/dYt6ynHzt0GLk22hCD+fjsQeDBJxzOZ8JEQECq5MjuqBmo9eCgeJEL/cWLl6ajR4/5j5d2794ltqowHYQPlXMqr7Tdu3ff9E//9E86m9swHThwwBVDdwY8NLz4Z/30pz+95jO/Rw89WjZgO5akDo4FkYxOcjoELSDRnTx2ADkKRiIMOLahhlOCBVfzKU0ZopAbM8Lnju0U1MLNmQG2oXiC1lFfJigP7PJtFwGz1OInX3MHZQyy3E+bfDkeLFcK+FUDbcUDiwDyeTcCv7WlXXm75fmLFz0Y8Lc7V9WVkA/2RBllUZ9y29K2SmeSwit2m7ucSYLi9AFTQMi35EIbb+Bb5dWx4Dl58oT71u5dO6aDhw6aj3Dhwvnpgw8+8q9p3nzzzem1P70+ff7F5362gr67fdtmX8F6UZuCX//m19NLL/5AfT191W9ClA4GOdrpVj0ZKcUBw7jFaNzb77zrWzVsDp559mn/wgHzsZlyQnxWvIrTRgFSycd208JTZQiwLHIhCx2GUWySpsbHpOUnfFR5SnwlwX1HwSXwIWtuu4ZsDJIHz+Ti318zySjPpOtNUqUZlzzbsmXz1unmrfkvr0Ux5CdXKSWWbUvoyRabmPc8VgjGIS3QdOilzPOSS4IzXjjzl23c9mBD0LYyobORyfMIvG78pgM4ypFFHFmRR107ZOFKGPWjUmWJ6UjnC8ZHYFSlYlmZBOB2FFQ0ymb2JHXw5WM+JTC0syzj+eKHosEuIPUhD8n9ZWpbpypvIU46Xspq3oYhw4ROhs42UFB6q++AUxOGTh/4aDPT6BBp94FlqUR8TWObKp85NkJ9pawBmd8v8Xuhxw8f+KyLcVFynJYa9znpTJz+lz4kEEmXMYd6c1D9ycWSSdonvioPGtlaY923Sq+pq1+bLvw2QEAfZGxyO575i5++j/VC/Mx5yGAMnzx5avr9737v5wDz/hKu9OEnbNEJkXhsozArjz/y0OHRwa1U7jCx66ZDcLmXQUVSBil5QiYTjExlehdeEvyKXv7libM7rgYATMRdScuttOruDcIHRz70swpsJriaQGPQULk8/ID/MIZX6L6rM7ftO3ZMDx94yA0qAyynDLAFyA9Wzuq5qiAdLbRAksKVHLI0D1nK0lmAHFcBbAs89BFTHd8ICoyyrwgDqhiwHNNU3rTY342uoI87XI0waNBR4qO/0u68Ckze1iNadpbcqvHkr5h2U4E7kzuaArdsrly5XK/UVAeT/+mICHeXctszKBnUTFgUzfYYbEdbgv9ohJwJ95+QtN3UzWSGJPqYS+VWbbqvvjo7nfv222nP3j3aIB6yHGzjOQRuY7ER4soHfY4/Bzt48JHpiScen176wUvTSy+95CsF3Caj3pgKLz9xsl8kq32L3zCuB7YnIPUbJoG3337XD0fyp0s8p8AiSRWwN21GWrlOFCx9A4R2Dt8B15m2rwdWHegDaKKYiRcfpYPTJdwMsnP0CHhA8XFh9GbCoTUzlt2O1LP6leuvsrar24s8feW2FlVoGZO8whuf+QxdwRurcCm0noDbXLSxp/Impo+ULuuMBCA0sWc1fi6zjCpKv+/JF2R5wLRp2z77y8ah5665nBg7Gk/f64kXSFRtolSfVFUVHAclARai0A+5khaYs+kpVrp90wCNdUBXtK4TJBXZTj7VdgZEmyl9dzVEnvXDR3nRm1IH5FFOGR+AvHmK1vRdN5CkQloQvM2AHhqhnOVIQn21ZZluwQ9N+nv6NzTj1oHLSn/UOICPjBIEXuA6FMo4st1vBuALHZd+XCSxBbBPCBQyTbg/ZT6JjMVGU7L45Z03waShrQ1p9MRA19/cCkr0L/Hi35QH4hNezsaVX66Cjr4Ht9LdT9lw8JK3N97QydJrr0/nL1zwrVlssDwF6pD+ERkrD+/beTiXUTGY2kEiqDiGxCgag5wrWgIoaqOBkbayTLA449NPP9EZ3u5p/wEu/3Zj9kSRSsZhk29BcNuAB+e4TMtZoZR7YuThCXSS5g2Nn+mMkIfRnnnmWW9c2kbssIvL/LawrDZ4Y4BeFdqBrmulF4zBp/PxSVlBigKmrbTiJOP0+xvWedNErhkpGgIKlB/lArlhnpzIWMwsewTyCuwEJcDl3H/n/nFsCY6FkI6V1zDnfjPthXzuK6/bkHcvXLt2zc8icIaF79eJB1+7T0vWqIehLRKIOdZgH6ZgXy4Z9llCClUv00W/fxpX8lInk1gWWImwPWfOnPHrunlYFjoWKp6JeeThR9xvuFr16KOPanPwiDen+/Y96L8rZnMKLX0QPzKosklA/tzO8aUWQfxoW6knMS+VuuUHGq9fu+EHEZ9+6iltNvKSL+yljoGuh6NRLyB1q4KOlEc/3y4j7oHuMnApcG74qiZPM9O/oSLZPC2v0t+1BX4Y4oOUgw8afJ+RYY8nOE1u4NlQbt+2fdq6bZvL+EmX5xQBPG5vMjqUGQGrQxdp+d12QJRiE3AcdEzkwUHkydZ8TUM5Z3L0JRb7lEMHDbYBbXtfVcj4uDl4msbzXcmwWRxsXHCk2+YUVZyk+5YnbX2xC76UVx0UjTobZYR5jBfG5D6oFJriIe5+AbhuJLtc38ihDWCc8ZEXf0NAZAxk5PVRDVO+hIipcZN5CBpoqyT5tsGo4KKzbDF5EPEvZOl/8asJKtKcgS7k0t5Fwwc7Wy5x05nWH9D5hKTpU5ZDxld8SbZpVaxy918l5r6Q8pYzpIvWOk2TvjP6UOGdr6tXN9XfvHlwv7C2yBF0HQyWZ0NlI75ljpn/WM8vyrNt4CkPbY8/5lPe+vov//Iv05dHv/TGgA2Df+5oivQday+9K7s3rzuMM92BhmExBOVZgIqditvIZG2Eitth+W1+aFg0rFxpzsaOHT3m2wQ8RMiCFNlrplt+MlVMrvA0nTt/cfpv/+2/T19/c15nIpumF158wc8VcMUgO/w8PEXnOnbiuG9XPKlJ+cknnywbqJxNtXwyNIoKHMAD0AbQ22nwlYDLbAy24iv5YwAKiKpbWI75UWXMLNs0QSZGduFadkCxv3M8ZEg3dXIHZkAq5L5uztznwe+j+ZYqaQf+sRG5DkO2zrjZfa7jL6Hr3d5i4Cd8dCo2D76krM/FSxen8+fPie+u7zX7FwEILzkxoc9Ak2eRxD63uXHRm/5ihvQ/BAlPf0qaYh2aLKQG+gEbz5OnTvpnjAe1+FuuyjIBa0Con9lu2lAlqWvEIB8VQMcNkVJQybadOjLM8TWbg3fefsfxvj17p6eeekIbE34KGqbQl87SfT/MvsC75YPCN4DLpNVlxrovWIN80W3P0bwamE2/Ks635M805rQIH3ykzGQ6WKSTSTQbEX2kJyn8zc8/+SUML6bigeHxgir6AGMn0i1rvhJp6e7TgPu3Pr3wG2elyS/D8mqm6ZvH34oZH4Vv2+lnTNDMK5ajPBsFJuvgcwuCuHU12DeKg09+9qXAhQqN6tgi5kz3K4dgXBJZ94cZXC9A6F6gbYslQJsNPun2KTD8b5Gl12lhPR5DS51iamgMxoXXcou2YekfUp4n74PmGLylH9ZsGGhLfJo2hS41gi481lOq4oeqM8UUlR3EXnSXtKU2YC7LtWy+jq0tFEqbr+Ril+U37SpbqAOzA3QJ/kUMi7/HKH0pG4X0NfWz6m/ps8JXX7RNtB8+VLvEH7IlZhl8C8HzG2ZIHpta4WN7ZHD1jnmQd9qwMXjzzb9M16/ftI2uBKAo9U4W24CV7RvuHWZAoEgaxiTtOhexdyQ1sBQZ6JBY1U4wtC7HVC4IeE+cPGFHcSbHBGLjJAPHMECIr12/4bc1ffnlUS1QD2iyfXL66auvupOxIUANaTtVjoDuxIkT04svvDgdklzbgj4dbBH22QTnDElVgxPTd8TQdV6QJk+lFJfk5JEJLgRV3znvckF4ZqDR3AiNNl18CK6yAeEijoLaoXeZoMUgjzZrJHl3RPs1eHyGjr63CgxbBF1/Ahs3HvrsPzJiMwGeRY/Jnw0BeB5m4cydNubPivxAi42PzHSwXObHTuoSdfE95UzAvGoY+7GBS2xr1mbzA0MkLaRKBnT5TNO2rdumM6fPqK+s+CoBZSxU2MtAMZEhE6V1DzsopN6RGbsaQLZW4WuwQGYubFC4oU0BrwanHrwQ7GltUHn5FFSr5Cqmvsl/F2KPD0P2d0BExiuMdvOYdLK4O+aYusIz6H2Ah4kkeijLxJNy8iMgY5Qk1WmLVJKxi/8zUeH7xuU+KH/Rzq8c+EtxzKLvEPAH8r2pxb+WFX30XcDzhxDUE17AdaJ/K+F+TqgJdwnIgrl9SQxNn2BQnttG4hNpj6HQ1W0R25mNArxLfjNF9EKHo8hQvaS9EHxjC8E+4qOE51vVk0+RzukWeB+YTzwUY+NQg2x9sNOsCz2kDYpHGTjy9TGYzocB5heT7VnINZeFCYgqCVjeIm8eBZ+IjrGInyIDMWiNrrRl7E49C5E8SWc5ityqfChZ5BKDC1toyY8gaPzqfjiKDbEDHNjQNy5tFbwXd3RCW7odOcSerm/3J28G1J/AIRMc7zdwu0oAvoqJVR9BTuYz7twPdLrSmwr6U3ABfoLMOOSfkVlbedCcMvcRxQ4lF0hZ0it7Nz9wOK9EvSUj+T0kgjVwxOCXQmmSNDNpKXanUDpOTRnpHsiuiXjIM7AAZJ45c9r/EHjo0KOeMHjNqS8ti4eJ5OLFy9Nvf/vb6cMPP1bZND10YP/0n/7Tf/KZB/y9wKGLqw0MUv5S99Tp09MPXvrBdGD/AelLeQNpGgzndR4b08jGxFbhw6dgGuxPB3aHMX242pHEDs4FxFU6haXA4jiEPjoW4CLR67PKhmiqkMhySZZO6xBAzaTMFQQWRvupSuQ18SXP/X02BmyyKDO/9SvGNvMIpIcNAh2K2wx+j7c6IZ2VdvBC4DPEFW3mrk0XL1ycrly94p+1wWOZksFVCGzhdgQ8JVzaUlcG4zXxfX32jNTnKsRabQw88UsX1lPxdPa6sqWAue7Y4kEfV4y4asDGAmDQeMJXG/qyPv6q0APNNiBIwJEQfSRIoWv1ZoejfSYfeDIXHX3w7bff8Uul9u3dNz3+xGOqN7dmaqIRE/qsEV4BPvQVE5dhY+JA4fm4DHurjDqUTOoYVCYZaEDNcoirjUkJP6dtjeVFj9EFyVieQ8ZcA/QhSXmAusGTHDRc4qQ8Czg/I13jZzF4vgM8fYLbW4DbCxUtRJHXXuuo/hACy+48drVtnZ5pEUWds7h7DghaAG0m0uVZGrrh78XfGwOlmaf6+Yl5w0D/kkC+ii3LceQ3YH/aew5VUnjasfQD6rNLQO4SZn76UdqmN8H4BvC8q/oZJ3pZ5TJYW5xtcQxZLVLwFESPuYjG4xH2VeML0Nf9dBnMaKhYkUirLOBNlmVHJv6gnPZpLOXYHdsjGwnLsWE/IbvKKXMoeR6vBHMWfQHpZd4k6JNPGtt6LAF5CqtlVNwHEGFJDH1lUiSk6YwM6UIe7eFfMLjvhtA4+p2AZ8S8MdC4wrSomOttpPhua05kjjx96vT03//xH6cvPv/C/fnmzbpajz18lO6uRzprn9aVA9vWHYaEDUJXWNOoiEW9Zm2cCoPy7swIGnRJGw/9AlDqjiuAlyfIz5+/MD388CNacLJwUGEeHuNnZn/4wx+nLxRzL3vHju1+6dKhRw9p0aifKUoGAwoeBil6uWpw9quz0wsvvKjJOQ86QtdAEjpba3wcYcuVpZEkFYT5SBtHWsG8ZqCOxaYQGashWi3UdGhtWUD8lPQSWk+XFbU/URpex8EaoHepDk6rDcZgUPDTriqGnocQb8jP+Dp/JZw6pzSdESh1zqOJjsUZH7eD4OGeLGXcegBPOZMlE/0333zjzsvv/bnVAJ5BznML8HT9XBel0czrtm/fvK6JKZO4r2BpcUVXJojUsY9misnJYrfy6OKqBnQ+Y7MKCKgFZ6hMTCql3sqQnwWRB6N8oczffaHKsHu0kwWssV95Jwf69z/44PT444/aJ/KgRVEP+mwrNSt2kABLnvFl3LJ8bsceqAblxyaJUPbEX1mgGgY/dIK23bIpR69tKzyfkCLWsMybBzrbCzZxaMNAOxPc9vowgdEu8QHvS1nvFyj5D8J4sFjoPmNjYUaK7bBs9ZFepKtNkZE0QYh8ne6Q8kymgPmR7fLYljL6YPGU/vTBJf1cJwIbhwTRKDYOHvghboMsXR+1izfsXEVRfWknj1P5YzlWOzR75y0T11UQdqSxvfNZJIw0LvxKS0cb1PVhEdCXQrCFj68awCHH9AR0Ibv6jHVZriWtBlAK+HPZj+m3g9xy4Y/MPJmfPszYiWzIIwz9hSpeYRHX8iy6MsZXrgngVej28sJPP+EjYVCnbdIuwLwwF0iU7SApOs89gthWCgo8DvMVYH/FRdL1giL+mbnbZGTQl3Pb4dboY9jJmMoV0sgSyv5Nn5IsdIsXGjYZv/3d76bXX3vdD05zcki/HDaJgTpYlg7+VL9ZeXDrmsMUyHMmQrD/lYlF08oUV+eBEYhyJwXwhA8NfEhSMchTxh/bXPODhrx7nnuQvI6V5wX4nTj3QS5dvjzt27dv+uHLP5x++ctfuiG//fabac/u3VlgVEnOQFoug5TNBH8CxV9B7929x3piIxZUXURny0HHfONtadkLjDSFgEVEjik6jSBoK4SFsuTxHLCqTF9LB1cAXXAuLhkzmF0HOAiZYL9Ll4mMzpHObf1q/OWAw/dXr1zx77wh7sUEzUNHxT4DcsevegvPJWM2CJzdM+Hz8y+o+fttJvps2qa8QOniZcvij5/816N8YnqB9EoHNNw60vm35XHmj53sdrGdDUiZKJsUx6SA5VFvIRDub3VyioVz3ZXuiZgCBpj7TwH8HZLnaAkOfIhxPWoYcImRxVsFb/qZA9rgwP790+OPPeY6waavITIC2AUMvU4bZUj5ghlYEDABOFe41FM452eZtrx1kYeu4gEloxcGikxlktBBknIlkGH+lJl+IY+kpjMz8S+tkDHBzmfuLL5sOPM8Aq+o5n9WeoNJu8f+8Drtvo0R1Wa2h0OyKLV94JxP5Cw6ZQ/ziGUpT5oQmky+XKXK1YJsGpredZMc9xdiykpGriDk9bbYzgRMWfSI2F9k0P9yNpeNwuqNATQQgY/t8bHLl2nFVRy8PmxOyEdEcNGpWH5TZL0qNp4vY1sSvSADc9umb7ED8Hxiv1OOfxWrznAg23yRONIuFGCD00LhJ8ag6+B6F7+/sRU90NpYCxQO3oVdBpORwR5srPIC137UCRlmGNC4bj+Kw4Xqah9lqLtLlBkyhE+9W65i5egv+KvlNjEkPd+M03Hz05bUm2zhRUy680M+sXFlswI0zMOMl/U858WyDL9o2LiFPjja1T4Ritue//rb3/lNiPjbGxcV2GQIzIYdZJEWm4CVfVvWHG7nUOSzOHV8rcbTGpQouONYmoBkUq57P+1ooRU3hTu2ksjnrJXLG7x+lXuQp06dmj7+8CNfkj3w0AG/epY/ceI9+byZj9f9njp5SgvG1Wnnjh3TOs40BK605DGgvzx6VHJOTy8+/8K0b09tDmQPOkmj351UeS8WqgK7KVcFu4xLY7D7ZqDbQbY5MiKTWx/z0/N2Ana4hWyRMYEuU0yyWOyXyltOi4JWx+6YSx7SkObskYLkSRPF/+QFixjVTEIMmLtqRy7/8zCiWlcE1Ikd9GISNB8xykgbUbpIspBzO2Gtf6rGZo363GazIedydceddv0667lw8YJvYfgBNV8l4rZCbEaW6yMdyLh65ZIXWX6+ysM1lPMCLC5Bh5yrAeLMN3WS/fanhOSjMuGgpV6uwmKy8C78TtoRGk0HivEp5eI3afLzBIG++MrtZWZwFgKF7X73nXes88BD+6dHDx30wph+gp7cTiEPKjYrFntGUzAmFz2y4QIZnuKwSnQWrZLGm44EydSPQ5mXQvwCQUHLtU9UxtgE7A8xWh4HC4F2kXVR+LEUUqDLTCjAVuRBA47YfqdPEisw0bGxdN9Rv+KhTp7cjnyxMS6pEzL09aRue2I34NsGEKO/g8Btpg+LdsuxTJuXOvrsUWXI9YKIXPKKTUccYWwxFGVhgSYPLcoG5IjkO5ugihtI0h0zjgXli4DqaNcn71ih810nKyJQrM8qHcJ12nOeykxlWoXq69al8eog+qWNTQelfa4y1oKY4dJZjm0pP6mIesXu8pl5gPQRylx36kzn54udKu12BRJ3gAxC2aSQ9NLm4rEdSqPDdJz4uEiAXnMOsCzhshmChxg56WOW66LgG0Z7DKDd6EvSrz4R8si1RonpeqEzuhSpbUJrAvvFNoEULH2QfifZyq1dyUvqfMIl2q63y5GNRLHRP61f4dtz56d//Md/md57/4jHl58zUkmPmVLptIMOlAPIXXlw29rDnJFrrJbRDCjtirRQrqFzSCATiB3njhUjEIIyG8OZgoBO14MIOnc1xexy79y640vPTApcPeCs4eChQ/4nu8cefWx66MAB/8QM57LosNAA/ASS+9mUUWmclEXpAW0eTk6nT5+ennn66Wn3zp2+nI09WIfDWbBoOGqVSRAJ6eDr16737z4BHKECy00jVScR0lcrLEONLBn8i5Y3GGZJHcMjANfp4eYZ3IAmKoQg9GnssaCZN3iGDp0+0oQTvdNJOiYEB23wkXvPL7rgPRO0S09IHF1s2UUrAchg7PqWUinwhKF6e0Cp3uvWaxOwYb07Ks8joJOJkUmeTQPths+5isBlLM6uNm7YNK1lQ6E62k7JulMTD5s+sPgemQTO5rjNxWYhl+mlZviGkPbJZFXectpWrwLrrPab20YgFG3odiy8+4HlKpI458YkLL9LjnlMNWlzcH169z2uHEzTww8fUH9+RPaqb5QV7v8CWytGfGtAAcF1yngingN6VEt0tzbGllLNa6rupuRUjjrq4jYL1iFE8CcHBIMJwlX9ANdV4f6+Yh+hw7T4KH02vpljIP7ERmxJTD70MlpxYzP3rHhjcOXqVS/olq2yfiaAitI/MnkLKMQfyCudQKe7zUZ7RYT5kg+lA4eOwRfCmwQSVFsp2oJ+3pele45DCrbFPn5FpbmOKwm2NfLYxCDHiwQizSdQGShLsb7otm/kf3/Kfy5LcfyDnfoyNrnyQHaU69PQC7dVKjBHp2m7N+hovujxx8TIp53hQUbPcyCgF8DXaVet6oAxUmITTSOi7uuw0z9ZcMxRInyAO36dVZkhxYLZTzqSdnCBugR8CzsBygzhIp5l6mM/L2F1zn6G0zIDJPErfbflexx1XDhYTetDEA+oL8hCZ+2HYS/QMf2vboGIh/Vm/TrNr751SltT556XlFZfy22G9AtiXov8xptvTf/2p9emb749J3vzV9XxvwL1po1QZlwVAGX/yp5NDxymILt6q8Ky1AxJgvw7VJ4fiP1QIUGBPAOHzUQ52qWw68NOh3vVnJmf106G+9O8lIaFxP8Vr8UgE1HxipEynrLk8iPvredlSDxwCD0yvfPR99jx474CwX82cFmXQekFXPFnn382nTxxUpP2w3a0QTy+X0jejuhBn8kQ3dhj5wtH4zPoLVOO5XYLONTjMz5KVtAHkZ1HBoQL6Lz9rU7hChtR0ZDZHTh4C/x3oIuaNCBuyaIzcKmes3jvUN3GCvY39sgPEgDO9uML7HYpHV0dF1p/4RVShWzw/ICZQr9NkYmcYvy3ZcvmOhvUhH/lin/ZAO+WrTy0qE4sOhZ9+gwLAzzcC+MPnxgwXHHglcQ8m0IA/JfLC7A9lbLBZBQP+zkoeIHovBmcC5g2g6mbyiSIJF84NkXY34NLGJfzSw5eRSq0+tl+/xKHvuJC0wlKsH2nkBhfVg1UnNs4oBn6isVjdh2YbCzBpBBjb2hM61B1BF/YIV+Q93mUHIHLHJRBJBNyilqS+4vLTUc6ExnV8eVm+TXjqqUCsa0O/gKxKZTy4GBhPFi20p7cigEf5mqTrBEN/ZKJ0iDeHs/UAVFjrPElLrDewjmEOoWC0FZZ8TXd2GCMWIH2h45g2tD71sIdNge5UkE/8TxD34NftPZ3TeDtGPqqqu9c49Mu8Tey2yeGTkogY472YPxkko+NkVPykLXkF03rwXbizAlpW+jTF5fPAZCb/ayk+6TtJFNpyiwTEnDMG5RDpTzQ9aF9gyO/GkD3PAWYArmCQlmsUa3LBVxNKQPIGVdrhQl1xEbPB0WjT27pxP4Z4kvIoLUMeIvEOvG/eClnz7wsR16i2TZLkm5i17/86yJso0QHxiL6vLlUDDtrKH8uCA/9CRy2x+d5to8/PUNu+tw9r5n8sdLnX3w55Ng8xe53ZVuH3tzED0mv7N3ywGES3PeF3TQwi8adQFlfRnPHZ4BaRSAyqkNFYYQrLedhKDhYkMTlZi4ZcxuBBaEvbTMReIPAV/TtmF44Pv/sc/9zIFcYOAtmYWHw9eaAl89wNcKTt5zH5MEm5F9/+6/TxYsXpe+hclyecMdEFi5fHvfgJ2RSQm47mQfOuEfKvXrut7sjlBzXm4r5mJTTSiCv8fFg6t9U7ZPvQEjFj99IBTH4Kk+ccjpRl6J4psUO2i0PoVAPJiYmAXirnQiSA8/QSYcd0BqBmd4DSoCc9evXehOHXNqwN2g8sMitAgYEv1LhGRP+q4HnTbjiwFsX/W+ad3IfOg+p8jzDHf8zJxtSv3GPzZpkuE1Kv/2XhO1KH5rtdnmROBCZlipIhqDzEJAmeIA03tVtv4Czl0STgQ3dcnPAnz/xj45mLR094DxRLkSLwFcT0OE09GaJDU0We3qyFMI00Ba9k5UwhNO4BZrx0DY1YFMmJ+qktOpEPaFCyuwffJDUwHuHRKB/k0IWqcDQpQif+VsowCKE6HGOPDaXXCnKexG2Tjt37PSY49YN/RfIJk02Vp9vGc6rjqTxpfMZotFvK51xzgCdg5KiNypojynLtczQKeE4kjhCkzJo89xC5NkOhaYZ/lGZZRXEZ+lf1M0LvdoECvMXKeVejIgrZAxmHLdM4+87eQGahpzQLh/CBeGPXKcUM57cPxZgOvG3bEkdMnNQRL+Cl4/4IydlbQfAPAs/sMQDRW5I23bZXBD5qwPQtGSNdzqxQf3dpCaLBW4vtZ+hCKt42NahSkxGexhnfNL0v+VcBJjLNOHzIm8cZfEjX3xHmg8WR0c2yj0+TVc2QoBcypgv8Td1uXjp0vTaa69N77z7vk4O82Zbys1QPEuIOOnDDPnbOSFX9m9ff5i63LzJpM4lDHUwKfH7mW2YnMfkcpcHhrjMMTcqO2UWbRYhOqsXB6XZLLiTy4jbWlipFJsL0iwS/BKBiZ9Fwh1QhowByWCSnAZuFcD34Ycf+TW5vA3xNnT6fPX119PJkyenxx57bNr/4H7jXHHZwsK/a/du/4SDxWmfNg88Kc2Cjz3rN26Yrl+/Zid44ZFMX7FQuX9mpQJ+OcEGpjcjgDt1+ZbI86RTsFRnScb+yIBOZ3FzQy8S6OxHo8LXccr+HbivwOoNke0OVICt1BH/UcflBgyydLiyxT6NL2Q1SOXU0ck1vT5MYExAysZmFfDaTp4R4NYClwu7DuuU3rR5k/2KLh6K/Pqbb9yfeHERVyD4CaYnUA8AHrihDbiKsN5/EczGwXUqHwJ2gXE1sDCGw4iXgQj7lRDtfFbu45x2faGgTkaaB59RF2OE97+XKaa/sMF8//33bf+BA2wOHsmkjQ4Rp93FC79lzmA9IF1EIbrwK7joMxNFxW57qty+73LHTiQ7IHQgW2LDnG9bE5YATRa8kiOAgno5FMI4faiTUS2nokVCydjNh3pQRkSb41NfedrEP0Bqjti8RRtIfu2S5wfox3nAGK5sKGDmI5KII6/gfNbnoi5Q3huIShOPUvKFS30XpZZLgmQ2Ar7toXx8lBMnPlwRA2y30gQ2vZ7fLKcEFbS/HGtCQQaQOVV+XsSQQNeTeAMSwJeoyKo08XJj4TIXRoZt0mdZToAHMihFZGrjbYdoqpC0DsZ780yZQtO7vKBp20ehig0NkNgm+5W2rL4u2pG2mMQB8TtNuZKee2veNYI4tjgvcI3yjf7CA+TR47XI30WhkyqnjBLKSygxizmA/e5ryGql0FImdd2ElFmbaUqTDviz/y7A5pkudvoEtPiR7/VJ5ayzzEmvv/76dParr71+0e+4Hd4mjJONaPLRWlGCTImmfOWh7RsOR+FdT+ZrNfHz//V8XHdbRQWlvDs3Cj0YVCxjrmnxZUH1ZG/HyCmi6cpkRxxD2Bww6Dk7AKBLp8pu2AOgPpTxe3kWitNnTvt9+Y89/rhpKPtam4Njx475BTjcdjDIaGzkP6u5TM1PQd548w3/Fn/79h0+G0EezvRPgPSJa9jY6OxFtn7+xRfTG2+8MW3VBNUv/0kDzBMTXwd7E/+QBkFCFK5vYvuXXPkgIFzQZkP+EqxDYF6KSjR5t0Gh2pZZdsfaHGgy9X/xa8Nj+aXD/nZoOyPTDypFWOicDA2esmiL4KCgfE86/T4E/MWvGAAmROTxHgYeZCRGDy9P6j9BWrdO+BVuTWSjyOZis/rHunomhOdabGMNdOyOrRgzm5NBvBqXA/4nmToGut5C1wilLMGlrlf3S/DtKyYcOODDrx988IH7IpsD3rfQ9/4wB8L5KlKOyCftjYMWAj5o9KSq1BKgo076WiZxgLToK2+bF/WfgTy09+HJu66xaoCNi2+bJySx3/LC6oVxXJEo8XN/cs5qwmBEGC0wLEmGng24f/KnmHurXEqlf2zeuMkbTMYz/ckbBF/B7HblMENUyN6eeds4EVLmRb3t7jJFbQ81ZRRYhvKjOqYnFJ3lq1BRy1PtB5+6BJTuG/l1Qz2HAC8f8RMsv3UgQQj6nTeZSrstUrQa6DuUlc8JWAQ0fXG6rK+6EIy2+VAs65pyUacMWsojhK8DOH+N4AuyeYlpe/FRP5cFsLUXbID+sihWGt6gsMd26WO5JTtklV8GCjC06zFkgwBXwRnwgGTLz9QXHuPRy8dtg2yhoUFeWAzkaCenReQ1k1h9NlD0FggTdiBMScUlRrCQqzaNDeFBPiwhji29uW7ALh42xFf0Q14n/8c//nH6/PMvpiv+P5zIxNeIh46+Rew6WzZpkZUy1JNcObh7y2EWe36C5Z0qBRaJEWHMrjgLI3kGZzo7u5U8yMfmADnzb25VOcXZ0fBNx2Bh5o16PKRmg8tIdwTvxG1tJssY4AfguMf98Sef6Ixi27Rj507L5ZbBF19+Me3XxoBnC+JDaarKcz+cBfKdd9+dzp8/7ysN/IEQVxA21wOO/cEh8DN5UJ+PP/5YsvOswwbZSw2yMKFCHA4odFU5OqyetPFdCQZnOkH5I8nE1Dt1Lnzp+A5EzX2wQMYYA7tWHuzjagmLFCXIpF1sgwJtkEm9Bis0JWPol09ytlWym9fJ2EkZHZUNIn7n/w1oa79QSX2CNy6yMWMTgR+5PXTh/MXp5g3eishDjrnq0FdqrEb+YELt9kQ7g482CqC3U7O/yvrEPqR9SSMHOtMis0LXHRwpb3qczQRPpuXjC4DN4kcffqj4tvrgg75ykD6SfhwVKA0v9TDSWy0XWs6w25OpETYbGbbPcclySfqiZUFbcgwhTFplyM4GhWzy6FBUIXnroZ5FR6Fjq4MGquShHWUNFOeQskqPWLRdq1V8VQ4Kn/u5EyjRUXTcnmLO4OoUV624ysCm3/XWN9bpI36jHDK5xnfpv17E5WPzFdBn+YCB1v1cfjCJyYp2IGSvI8UkhWcuIlTruX/SZ4hblW0wjucn5o2VQ/Vn7B/zR0QJotdZl6eoF/sGUq4J/bjw1tl1tgz449vuw+AMbDYqnerVXKQM9A1Oj3zkAX0mq55ZuJS1PvO1KvLEdTS16DzmCCGyjcFnk05BlQ4g33ooQjZ1tmhQtG+xYALlJi0ePvmGyJ4qf1mGgH5k+W2T6YIHZllJ80xO6uJi85Wo6EIes6eQkRWdNpA09C4jpq+Yc/SfzNetM1cLoONkin+hfeedd31rgX4mQ9LW2BUxSka+ERXaVAAUOlYO7NjoKwd8qJAnSYSKO5M/pJW3QdkMcDuBGGBBwEh+xuZNggxdPj1JxUnLKz4LyO/lGbiBrqTz6LHTU9q8W7duy9mndLE5oAPgABbwncr7X/lKn+2UDOy7eu2aF/rnnnvOk/enn346faJNBlcw+Nc+dHH5ev474skbB3DvvffudLIeeKSTxS5oMvmLIVklpdb1BkXaSENkgmzMAIqgtwBIlArzAPIlwTIcACOhd66Kmld4T0DaHGjSol24LEv98A1UIY1vjVfdCEwKqWfJyzemugwZ0EHA14KsL4sLf8CT5xD4ySq/Z+dScXbUTP7r/cAif/TEBMcrs69fu+6ftLI5hRYbcxWHl3C1PbRtbDCgKlY5pD52iiA22UQVxC/xo3EKHGZ/hU81y8CtyuE/AvohnQMbZCb3u9MHH37gzQHPvNC/7E+ZaC+LzrL0RVM/GBj50Uq/h5Y0cr3xMY2qKPnosE4NaGxBjomVQlwkE6nvESnmrB4/4XN0MaEsITbGjozp6hMp5GigzBMLJdA5FX1uE9PGv7GTeSLyg4O25IVNoLzwrgvlpY+6RhfFlFmyyfEJt5c2+b0a2nRqHqCtOGPyS13cL6tfGCIT0ZYl/tiH/Jzd0Yctn2/pBUjRGlkgSobbGhkpDVCAbVUm+rRX6MgDsJBmLsoGojYT3GYon7UMZLbNMGInSXDUT9Gg4yqccmnbKveEXnQcQpvAtN5tbpTAaYgjclXZKjA6BSaX3NgFk9GG4FVQZcugg/GxaRWbIDwg6XOdFqc/30krEAPY5aSL6MdW4rp234Y+vArYaBplcQp4pfEj7WEe+zCyul/3Rs9yOCJrpHvOsHi1d11V50Pb6lOlNWZJwRcJyjhBGloLaRCStmVscKK77GN+ADaSbANr2+uv/9lX2P2cjhQgafZ5dA4Qmqzt0MFF4NCp9Xllz5a1h+mod3ixjZBr7RhRSKAbyukY1FcFcuWgOzTFoSfHRImjcfCKBnQuj/GVVBHAT2XNCpu5KCBKpQdUOTy9KSD0RMAlc64csBA99+xzxuWBQ957f9MLzdUrV3V295H/qveVV16Znn32WW8K+E/rDz444rcs8vzD7t27PYDRwy8luCfOBugvf/1rvYXxBW8g0iBtt8A+EmCr9NrJjaPW5J2ivBIFlPDzG/O2vIbG6esOW2jra/kt2xMdkCM42oAOclObNR6oJO9Jic5qQ7DV5KvA8jTx0gkzmYmy6mUePuiVTl9pohNpouL2D6/15DkNHjTkag95LhFzpSZv9ZIMyUUUbcPtg00bN/vePbcaeFiVQcBVIs4Uqb/ffWArJqdZ5hio3qDog0WZiGPXAKXDlaPL9ekUR2icNlop8zvjOncAQlmTgAL+ZNLgtsKNG9oc7ONvofmDsHq41pbBGHrMiB8jDSDPvVfOkJsHv0c2f5iSscOYymk09lCehcWimQTbryr3lRv7THxNp3Za7RsFiSPKIs2iDsLeGAHAt86POgRvJLxlkwuLyzQ6xGeM+6aLACLq2CyUGcBLFjozGeMva3fMuKduvIWTqwgENppsOH3LQRsFZIy6it/ykFByrA8DnLdV5gFAU5Z7xmkrUwlHGWBex/Fd25l0xhb2+0Na+t2mzJdF6+cnap6kbT3OLDayOXHKszsxk3rbfn/lB06s8Llt4EQsmyPT6hApAguo+cP9K+2BLD5A581vGoH1Bm9QZJllEHUIn/rnUNYg4nzDT0jlAoWzLsTpgCz85TyMAxeIrvDwwVbG//eB5Qja9kjOJ6X6tD1EIRu4VfUuMsD8QqMfGHWDno+KW4Y3Byoib18VqUEJqEyr/mBe4WhDc9OugOnDWxkD7e15XCH9h75zdzp37pz/ivnzzz/3CTqvSTYMxSQrLUUkyTk2GktSRgIfr+zevPYwiwgdVkuCBl86Gq7vRSmOqUZRUJ1SOTUQBvJEJIMjk1J2xuC9QVAn78ULFicMyLM5rjBlo+Huo2sHMijy64Fb1sci/6U2B+yUNmkx4ZYDEvvSNBMv/1v94UcfTgcOHJgOHTpkic8888z04osv+n8Bvvjs8+nDDz/00/V+R3/xYvcmLV4ff/zJdOSDj6f9+/f5Fc25whBbV0Fl8c8S2vEGIm8dq05GBNJwwXjDMOf8RX77aAalo2CBV+dTA7F54xYKmyR5TmRrvElgA+SJSsKQB1vS4V9Zw2X/eqiQ/iX5tkL18n1gbhNooWexZ+FfX29JZFPAJJ1bCbwyl76STR2XhTdv5rLwJg9w2pu+hZ+5neBbDWpbNmM8v3L9xnX3ITYJxNhD6A2p+xQ9VDKod1VjQO23KnAUovqaa4PPHIJxcDpS2jeOlee5B4N43L7oNc1d9w/+5Wzfg9ocPJz3HADhXABZ2xtAHbKs1hB5+IzLfhoVju/d5ZXVvJGSiYQFgbMS+cRmZ0MA7/p1nA3nV0ecYfDuETZT2EnfmvUIxNL2p45tVQP1q6TSvbkAFz7QVZfiVzZ6TBdmdJpHsRfOWiC9WJL3p2iEt2zKKzTwN+2379zKrQTlWRjoM749qDG6e8/uaYf/g4VbDvkL3L5FZVnIF58l0jnKdutVWC7yrojrj69jX4jJL5LYrwQ8rosL4ES+kvDeF8BDm/rDd8dXProcu3NyFX9Sjj/pE2GnLdIHI09pgjcTaSOXYbONSXsQGjynk59RTvdi2+1gPcJBK4w/fE1sebHFdpAruS4SLnhoZ1+YTsEnjKQp1oGSLgegARrD3AXdONE0Y8qGbL5Dx2wXx5bXYDuhaQ3qE5YJWHTkm67wzZOMEQ586Afur7QbMlUUPzc56QVv2eus6uY2pLzrYloIQmRUySB4Dqpy+tPVa1en94+8P73517/4J+D0Z+sRLcmGYYPA84ziGYVsR46Zb1f2btvgP15C0VpNKPxxzFo3RjoMAuPEcNkkHYgpZwDmP9DvesEIMCDV2YVLw6oyY8ZW3BaAEk1DFo10AAega6cogzAOZMK6rUmQhwcvXLikndO3uV1w/oIXMDYKnJGyi2Lxf+ihhzR568xOEybOZWF63rcaDprmks5an3rqqTheuv0QkQYnMtmVHdRZ4eNPPDH050wu/ghUV+vyBkgrJtWfYBXAd1nFg67KEBeZCRwBx5XpQU2ejor9bAzYCFAnn23gP+jCIiCdiRHwQr4ui7vbrfxE8FUAXw3I3/IS8CW+9uV/8XfndeAjJAG7GNj0Dx5Y5EVJ2EN7UzlkbNy0wbcasOnaVf7Qibcs3vKZYf9XAzqw0RWoSqTDE4hSN7uq9DtNTNS0ipvOC4PsSFmg8QOchI+oefH3NH322WfTVdnLbYWD6l89cFf3geI1JNG/mkAvvmEj683BA9STX/zcnm5cuyJfXFK4PF2+eH66clk+uXFVtBqv/HpIgZhNA68Xv+eNVDZkCMcEj737ILYnYC9tZZAtSZeNxRus6i15kalcsQDtu9S98kWrb3R13yMtfwRvarxlfzsfVscDhOi+Ejt0xlRnZ+6HmsjoW/QVriqgg/d7WKbY2z7wAxa47v+xP1eFoo8sBimxYEVq6iGkyvkAjpW3GsqLrjfjyGXOIi71LkM/MRu7lOfKLAE6Bz41N+LHLN7xndtDn04HoM8C3/M4/L4qMpMIVtctdCihCrGf4rDUseSazgi+SUNtDr5G4Y+Wg93YwAambIVGZQZHHKAHHT5LL7uahPbJXKZMVMcu+nPJtY7i1QEKRdG/HBekWz4QnZGXRNKuM4uq0lAgZyzqalOAPCdRbYe1QuI48iKLsrah6ll6mcdCWXlASfozvFwdpA8B/DDg+PETucJ99qzI6L/QqZA6Wk/sMoqgQ9tikOxkU7cEndjv2bretxUe0FkIk9R6Jn4cIENUPRPChN13GdSK22Ti3GLIJOPdeu1+MYxy+OfGSEfpOIu9BoDrIByDtA1XMk0feptBSrYZo5gzCn6tcEcT5N//3d+bj/suvACCxWz3nj3+GSMLPK9gfkiTN5OIzyzKrt27dntT8Nhjj/qviociAS/wee/dd6dvz12cfvXrX/rWgyzJQqtyfERMXYgHVCaeK9tzWB0yegx2y8ApQK/AxwKJcvAxKUpKmW1I56Ew/qUgbUbH8kQh22lnJok+I8QXLPT4hl8PMOFSxuVNrgSwOFPGJEwbx4DSY9ULGzoNjUrpqOgDT8uhnw3Cho3aJEgmV4G4DIeujcajX51f9LQdkzybTF9h8NsXVRf6ifyUusZD0RYIurGJ52P6T0I+9o36kwHR+rTnIyv9FwzVsx7aSYVcxuNtkNxWeFgb0OhVECG0QDAca7Aq4A/6YfxlKzwO7t29OV299M105vSJ6fjRz6eTx7+cTp88Nn115sR09szJ6euvzkwXzn0zXdJm4dqVizrzvKH208a82gzIBJY+CnQMoNshptRBkZPwp3xMblVeFAMXfmKF+qAp5a7+CBwqsoxA5IU4+TFHsNmhoQVwDjkC5LfPMoa5EpVCNra5JbXR/Qj/wuhYQJ0A8yu0/avq2uaJxPY4H30DYK98fK6czI3c6l+VxzZfYdDHc6Pm2q6b5z/1Zc+hSvuWJbTiyeaAK7CzHsYeY5hyxpEMRDWlCvETaS8E7gPxqWM+tlX2efywYKhMdAD2eX4oX5BPfVATOQ22pWTybTC9QEVokSyuopV8lUVeaFou+WAKb6mkGYPJG2ebBDp4Y2C+tCF2h67t7/YsbsrJlxzrFSAvKSB4/O+cC1JanM52uv2LHwLkidIniWNvzSWLMpJ2Qw4jZP2jTiY1nfmUQgp1Rl/W3Dxrw0P5XDX46KOPfBsZkRbbIProl24kWt5M4GxBfOOU0ys7Nq4cvq3dKhKpE79ZZzIfvwcXYDMbA3d8Igxwp87uFlVeOMSHgZyJw3MbP4vYL7h5YKVckAMyMkjSwAQUIrc/BqIyGmruK/L2PYixm7N6Xsv80g9emh599FEv4CzqPKi4e9cuX/L+VJsDniHgfQjo8c5dtgI4nDPXfgcCwJkXA5P74LzkhjM3/gyKBx8BHg7DMNtYZsq8VXGDLLfto2RUKwn7UgE6oyAjdBqo2C6yL7ogvKNcHw94I3R0m+Q2iMs0ofjnpnV7gPYisDCzIFPvMaDFRJvOtwgYYJiVTmq9VQciNHqyC8YQulxRotyGIEHxWsnGBq4i9JUH6NmY8MR6vxSJy65XtPhyCwngFgWv0LZOybFcQIlOx0dJI9NpDgrY54BtEADNCKxKK2M9XffwDD4hT5w8MZ0/d2Has3e3b10xdsC7j62SpUm98u2XXtz8AjLh+JdKNgHHvvhIG4Ljvlpw5/bN6e5tjac7t6YVrozcZXxdmS5fuqBNwrfTpQvntDm56Ac7+fknG1wvQpKH/7xw2mB8EgMcOzkM4isAHzq3d4qcXy4OJRBSlzkhsHeQRTrJGZwOXdthEH70GqHhwf6epPFV+LCx7dQBm/Rx+3qizi1O8r6KwM9hfbsqZ1ldtrQXsR4vyFKwLn17DAzS0ulyUpD1IoINmrPwM2m+gCd6M8YfAfrfnMvC3/WKjW47BTbN3B7K1YR50wCHx6Ptjn4vOGRUmPoRp16xIfiRpwLQLPiMU4IPKGRargJ9N+0Pf3gI7Q+wtswLm/gol41+J4hKY3f8Qzpjo2TwsZzwAUSUOVH5AVFpWdFV9VSAzOkqM23hDU6gk+rqWOUl0mBby57Igmx12xqQW+WhVWRBJdfJkmWy2OFhxRpHeypmKaEk7DBmAwB0HkAXaGI/p6SY28Sff/H5dESbA95CK7ei0u3mKgzJwoXZMoA2y3mXEYU+/UnrwrZ19w7nshcL/OTJOr8+aIHc82v3zI5l9+JGLlzvbNks3JTR12/emq5e06QmBzDZYwA6epeHfA52kqcHpKSktQWjNMQ6MGhWNODZlKQBJz83cOzY0enJJ570y5U4c+CpcZ4hYGPgzcGnn05bt23L5O0FkAUxMVKQlR1+ZKIH4HLxu+++603I3/zN3/hsxINFZOGDqj1Tn3Kw61fyAsWkkq6rI9NQxxrsqay/QGgTzLVKZkoGiCcdK8ENrIXXVwQ4s1QZGwQPXDitZjHABIhPoDxl+Mb+cTl+Iq42M172GwmLJMpH8GGLY+mMbzMxwFMe8vMLm7fwN768gZIiBkfap1+CBCl/OU17cPmO+sCHPNtjSTa3DiMqaG3xfSxJzn6nHwhhOSJsaoMEpc7RYrqm1YGN6dfffO1N6UMH9ttuCqinF1h2BBhDGHJKyOIsgZ8Snz19avrysw+nq5e+1QTC7QXR+LaBNrDQ8r8n9zhj4CqfRIiGKwc3rl/VBuGqb43x65T8qoeXS6WN4EQUmgOxgzakrq5PF45EwGbqQ10kxROaP0XnBcYpIHjfIql8ymYKKts526CYvsWY68UyAG98D95YHfBVy3OZ6xCITfg09q7bwLMu3GrgZ9O8RS738+fJNzyRXcKdAcjzhTa2zGWQk4EAG+VnbHe2OCw39fcDpGoL0nOdshlwG0FrXDYGHTPH8nA0J1wJeT6BzQsxspYL/PCFDrEjbWv7mw5QxDQW4lRKw8B55MLU9fBZulKZn2I7BZQ1rWOohMTP7vfwF71ZKg+ASx6uhT76GDKsCznQh6ch9JGXRaxsMsz0KrGsAUoP/SXDOH3IzzIEJb/pTbuE4m1gZDgL3nVJsbODuWL0lC42BkFX3qFkqTBYgLk0m9/uL7QnP81/9713p6NHj+aZQfwuLpstZvtRSYdlfVSICcbj4xAUDW2YE8qV7Rvu+fXJzGkbN+gMms2BdWiBVOcE3D1EbeXqLAx+jOcZBdsj8L/RyZhbXA7T/H9T4cbtu94kcFajOmUXr8nSHaYMtBMkk4wdQwfBWr4KkDB5xGoakqTSxKLl5UZffP7F9Nihg9MObQA48+Te9e7du/wuf5xJOfjHnnjcVx0iA2dTv0xMiATHcwqcgUHDGSuXbBiYv/jFzyUjGwqrF4GaTG5i4taZNw4VGrxlKen6UFcmN5yiAjcApSiAxgOABEz4MHXsEFINegvEV8UoLJ8GyxR0scuUYQDRRsT9JLtxEuiNgmI4ubITvyroi550xOqMKuGPZchjsknRgkLRefJAjpT12TMf9NlMzJEfoDFrAey8BIkrBb4crI1kFou8dXPDBm0eNLnn6gMPoV6bLl26Kp2UbbQ+10FC3Y9EE9vSz7ywMHHPp+060I9JljWKx6aqyBwLB3UHwL2Uuqq90X3x4iW/pXP/gw9OBx5+SP0rV53cOmJCgqU4HV1ZSJxT+s60Vov99SsXp08+em+6ce2SkNoAlMKeMO1n26Y6VT1dd32oB88c3LpxbTp/7mv56Ip8w59j5c2U9rpjcXnSoU3zfEKsa9kNSGV8xAhy2ODJRjyk8+AcfVoSbCN2iFiBKG2SyWHuS/jEnsnpgAgdh831uq2NuGnNp0D7FR/QdC0PY+yPKsc210UBG/hXUE4U6Fv0RW86fYuKV3tHDuQ9rt230SJ5pNEPDZNvCx8f5dPvzZG809hLG4UFHNB1NxV+FC716FsIqROBNL6gWuQp5yrCTBPe2CCd+AnZlQfyLoiZBp3QAJBgge1X2gsC81mKTS8G46AMW+TgF9KMGejJkubjOap0cNLJ1Q/sbZtIw8Fc1DIxwLxhc7+EvHloX+vVGqOKGkeeEHnJz3xzqMJKNJSfnEJkbKZ/u/Q+He7H1c7WY97mDliC2sN9cfBFb6iTh84nW6J1mWU1tJ8il6qlesmP9lY9ud364Ucf+ddSPmkSYfuCCDFtp0UaoFH/iYkGYsusPFeR28crOzZMh2lsrtRv9CVbOUHSNeSshd1rVFZD8C1m9Sc3iKyYHlBjy73qkNoYqFOwCWDpvX37njYHNzVh8f4DHiDKZWpkLhuTQiZKDPWcpLyqYUeSDcyd27aIj8vNR7/80hsD7vmyoMSJyE+anyKeOHnKk8Ke3Xu80LDgczYtlyPN8ugEvN3P6mUE93OOfHBEMu54c+AFCvtUxr9kQcj9eCYc5DGhuz42kFBylaSRKISfOkSf0kLnXxADzhOTCaNz7p/6uP7g8LuJOJjI5Zm8ewC37kqTkBwmSS65ui0k2BOjGKjzbdXVV2aQW8zYSpvT2WgzZCPLeiCxPiaW1AtWZAGUEcAZ7/IKQq/hlgLlyuBHni3glblpm7wzgecetm7Z7CtDkN68eVtnyzc9QLCdRZBf2fQrbJFHu6OCSc+XiYWLz0ViiM6kFA88EsRYQJrbH11OiSy1DvoLm5rjx4/7atVDDx1wX2GA5fmI1LE3iNYjFHZhCCLVQ4W4PZ09fWI6ffKoNpE3gwMk32pnowWxDf1ItCx3GuXURlxJuHLl0nT5ymX7gPeDuP6i9VUNbFEOG1l8uMIAWEUOjt2yIoyVc+wHC6Un+q3c+Pi7PFfo0R8MxJFPyj0MGn+aNhS2gzL5zH6jb0JDmYh8sqDQNs2ADPAB6t12YS/9iJ89c3twz+7dfmi524lbimwAXDfxwgMvJ0LeFIm/Y0I80mksU1p28rHtZeOANgqocsYZGU/YDmV/0TKnJI+eLNz0L64gcCUNfpfpY32C2JMYnG1mwIIzvoO4GPcuSnnbFVHCOa9AG5gktlSpgo58CweIOzzuI4UU5L035UfpBUyHkuQii1i8ziKgaaxHZCUU2z1vlby2AVrbtYD0HgGykA149120/uojGQmRDT6ghP1iY5JvmcCgi0yva/gccvG0bObPwIK3eExn3cHeD94gSSa3m6DjP4XeeustX7nsPt6wlOG1HLnSEfRqHaRtK18HCmPryrZ12RxwFYDnDVi277LjZGAo8LAhXB6orkcqYlPEZyeq4blqcEeT1O3b/OxIQfScLFfdvfPlb1n5ZQMoGpffcVtWDRLrkVDrEsZO09E7INEzMDDePBhDoeKTJ074FxaHDh00HWWupMqxj7NRnuQ88v77fq8Bzy2w+LB7RTcdl4mTyZI6w0tj8EdR7Mwo+9nPfuZGt+yy0ZOHbEKeJ15sFU1PXqGlWjQInnWGI8UB56s+xBxHoYp9pD5VSlFYDODToKvBxTqsKoNW/ggPl6qyYHCJvs+quLLC07Z0mEyOmbiy8ak6AKWXyQe+cW9XtAvzTQ9+WSfAvPYZE0Xai80XVwO48sMzINv8J03rVRxebnn5JTjCSaQmyGvqT9e1Wbhhe9kkIM9+51/KJJM0n3gBOZFFG1YCY0SXSaPNrJbwlz5kOVVmtMM9n5HySwWuVPVmlzL6hSdmfcynUBorAS23HjQ2bt+cvvj80+nK5YvigZgNedtXMsGAUqCutAWbgryNLT5kySXm10dXLl32z0IZd2x412sj+MA97Em739U4tW/NF7CtirE3/YY8GKXRKTXerCtE5cwLgC9mx/FZ05c8SIrW9IDoO+2JXvEoV8iZlvIebwlNT9x93Dg6BjjJEcugo4/Sv/o9HJwo8EI2fgJNmo2Dx7DoOUOXNqWpb+YHAJx12UCjBGWn8C6DrXRyrGRilylQB06gFhMkPATXUxjaAnG5YsBthvyvBP2KNCdb/XAjVwg4iUO/52MbGFvwu32qBiNmU8gJVOMa4Gi21NEWJM/BAcA6QeHb9x03ni9AfXv+Rh90kNofxCFDQLPYP7ZdOMrbN4PBMhIakpzzTiqYzokqNaGlktOxykkzdyn2eDK9PtZT1LbBiWGT7dKYLUtN3wyjnUXTttKec30gzfhNecsXLJJA1r/MUZwUvfPOO37QvjeQQGyNvS2Po5OjLnM71JC07LRRbCHtvuIrB/JFHkQUAXKoTFtX0lWdkXVsYVECtTcE2kgQuLWQgWlWLTxM1DlToWJcuqei7qAlA0J4rKYq2zotRACPK+acysXAhMx7Dq5fuzodfOSgF33koi/lKzrr3Drt3bvPv4XmZ3KffPKx79OwYcC5PeHwQp5RJ9nAA4k8Bcqk8uqrPxl4Fk/fVxUPkwo4OkFVY9hHwn5SMjWpQmWqZs5T3bEhUqbL7BeBGz/fSjcemh7gsa03Ji0EafkIJM8LJvgxELJB8AOlnPFqEfFVBeHSaUUr2/APHbsXf2pFuScb0WKH9VBmPWWXELa5gLTzokn96IjZnHEWmwcj13iTsnETG4E8X9CTIGfxbBA2b+Itluv98OvVq1e88WRipf2Rgwq0WoUAna45efuPUkLKSMauigucUn5seoqOgD7k88wE/07JJIGf8AN9ED1o8sYKOTpA78UOqnv0oTvTrRtXpy+/+Fxp1Q9i6TK5+SLDUPrnQAl+ztiFD/l+ZkhoNglXebGU2o2f+K3wULDsY+OE/T6b8wyBXWKAufpW8lHD0W3K/ECxghc2xR6PQrr9TUw6MmJ4MUQQkob/CDPM6TEWDNmkzhj4iXWQHmSgwbJKpn2GSqVpI2hJNy3lTdA+2gAA7JxJREFUyGMmwVf8YRhXFNgksHBe5xcymquygFqa258YtdGFDQGyoQp6tlXgZGNjQ0p1FIM3WzOm+tmMG4tJlUGfKwYZb9TvtmyFDmibGdcN5H01q06ImgahEhfFynpRcHumL3jRaFqDCDupODWeATJvXBXS/4scWXyK3O1g4uTbFvJGwVdlgP1t/tgGvUMLEDQumTkfPxQ99QLwJyKlCBmUtS8B7I9Oc7rMRgVlsC6r6z41Q+u0nqBc7rb1J5B0y18l3rhVeWXYFLJR/EJzxdtvvT1dvswtSH3L7rRfLIkFOiqfujc2UcpcXOWE2iQoMNZXdm/R5kD0/IQRM2lTBgjMEOZyUKSEsRsnHQc8v0rgSgEbhFvaHNBPmd66ctBTuXY+l/DYIHB5DH5uSaDYky30phJAbgfTcL0zVqnw0OAUGpKfvJ09fXo6ePARDfKtYsng4VmA1rl927Zp/37+Oe/gtG/fPi/4/N8CP0Vjo/DVV197k8HP0qgXixJv7GNzwGXuV370ivG2gbprEiV/4/p1+8VXIfQR1nUCiFwFMtVR8KsHO0GzP37pMh+L1wUOycKXNOUdZgj5TB9AYnREtlCS7/YLgfMQmLd0U791WmDxkX+zq4nFbS1I24tONImNVlrlpYLF3mUC75qNW9Ar9tmLfMZPKPuqRRaf+JWATblakDM92oTFjTMoznopW6dFmc0DV6T410f6FVUBh0z6DYuL7cff6g/5xFXdFgDHWN35rkP1ZqODS0YLrHyDDssUqqvI1ST3BfOEFq+z9qIv/tGG5/bN6dqVS9OJ41+qT2n8yUYtRTKVcjiIBRYRW+nTeV6CBUIU92gbEVguGBY+noWRBjbk2hDfkT2btUHAb5SuWbPWG2PfxxUMPSpFgjGy0fUyfjmigdhms2qMpebp3wHSmFU2gyKNTMXkrdVEkePbmGwGCtdgWtmD21oefC2n02osciDc98IZn9g6HTzx0X8p8VyRDVU2lit+CRe3K91GiGQxNm/GgEUuQYWUc4w99xM0S2yMLBbslekOt8Lgp78rtslQWo45Yodspoy8NxQKbNBYMGhHwu3aJJi+ID4j5IoBt40HIK8VLgF+voMX+5JucHrOGlqS0VXmk61BmBiVLQse1xWkbWENqv684GS+8cYFO/Tpkw/7h8/SPkWke71qHw6dvUhLH+Xg24aQJC8S04XHHE6jz/OZc8FhTetAb89l/kSoKZ0mG5TnFtozfTU0SS1ACMYE8dkzp/3/CWcU+1cso7+Xfn9KxbDDxYYh33YQilb1ib8ojB9W9m1be5gJhaelqaArVgECgjQoJo/idFKUegLXxw8huoJcQWAwJaBVZOaz40GZL5fwr+usj41Cv/nMHQk6E2Li3CB3tenAJrLGEuvAB/yZ02f8zoLtO3YMhyFPRiUWQM+Ct2fPnrwUSZsJNhT8PSyDi7dL8d4EFnwuFXOVw1cOtDl4+eUfyke5D44PMICYDQV/kcnfSdt+1Q/tts9aE4/nCqpeXnCKALsyIARF1ryAvd5OESAreVWPvBeK8MTLAHYIozLjLVBlim1/AWn7EXzJLdEgvICzoLA48zO5/m8MLuHzKxQu8XshVptCy0LfgTp1yJWBKl8nmSzsa8PrvmbLY737oieDMkTGsQjzhkVkUAle/qGjNwhsYCJnrTYHtzSxc7vhhsrT3vCwCGdRVXBswRz+H0DTlz2KsHj0a9UvG5CMCSZo/EITa2hFDXTUR1+y82R2V5uDy9rcnhQtz3XED6bJlANLwAmVUAiV210bsSmvlebcEf3Y5NehkxcxtvE/JDzfsWXrVreTf44rAjR1+xMyUSmtcmS1TlRC1//G6jIBVyW8WDkXGgfSQYRPNgRH3gUcnHbgI5qx8HVb+bOgI6gMeS5IJb4Tw8/CGcyiP0lAni2IfKpHAGgP5ib/fPYKt2SySWm82xtCHcaiQmaMP5dahyd788anpFOUGsFrfvAQlREeC5Unpp72HQuaAzTqY3VLAZXUNbcbFIT3bQaF3LYogBa9OloVOgRRb2UuCJXo3D9DQLl9p0DagY9i00aiafkMMEvPvaThWegEb1kF7vtO1BH6GgPmjSyg+RtcPuiShs/+XegG6z5GJwckE5qcAARch8ETSalW5JKXewziTNmStmiCd5HzlhsC09q2SgPkh84lzp976pOXtdYcGbcTfMtfUKSOO61UZFQI5WqYaUlDz2whpHxBe6/s3brG/8rIbQUC9IjKk/npnJaPBDuRjjhXiktcbA4QqilcBmuSkr88Uao8yjTRKLZyBpLYkcNraXnAgl8zEHPZE10qtMJ2lsFpBkImEGMVA9xTvXJRk5/k8z4DFqAMKOllpyx5liVyFgrSlHNFgHvbDz64X5uEQ9Pjjz8+Pf30035HPhsC3pfAnzZx6+Cll37oCcJyJY9fJyAHee++9542ER9O+w8c8OVJyydQUddb1tZkmvpkCKVBjFVxdfwgvgvCw5MaQ6O8dMxn6TRswHRWQPiuvLSJEvIXvMghOE955w3la9FBiz5vGHz7oV6hrIUwGwad4XesNsGH+BgfQdsLNWdpbLSQRVtZl4I7pPwgTc4PfPUlgu8Xb9wgq+iX6Z9M5Fu2bqurRrQtD6pe0+buqjYF9Z8hpccTKXJdpWqbgqQpC87H0g/ebMWLLa2f/kA/87v9Bei6dfO26pkHWBlscLkOqh9p92EVcTvg+rUr01c6E/CgVJ4NchYcdLRdDSljHHnuv8fmS5tW+dLjMEbqywBHZ7ftA9Oly5d8pcYbaMpkc+hLl+tJsvzCV7icpUkOH9eFGBSHxOZU3NKW5a2/comLtghDgw3QKc1kTYwZFJE2DV/5W5T2pYUQ4IZY+NBnUWWRHJfcVd4LjJ8jQD545FiRMopvaIPJFcS8XyBjHLnImxeo6KI/wZo5MXah3/2ChPNVZvus1gc+OXOEthYZAXSQ9s/Fgw+v6+SrK/Tl6HCbKE8aHP2QW0p+jbZ4eh5HZ6RIfrV1TEJfAjZBxGbc9sJTZZCCchB/isvoMh4aCvh0kaNBZwrLc9q0yYMyH77UF19nXpx5/EG39c8hffTfAauZaWyzAhbRJ5zSF13QAaTbB56RFFPiPiTd2cjidwbhDE2Xo1ULV3gnIttl5G2Ls7Zr0C0Af9CHuZ3w7rvvTZcuXfb8AlnmptV6yLUui666LsH9RnF1W9WJdSR2ZZyoDzy0Y/1h36dXLrvN+umJFczK04GtNowMGMXsrvs9CNxeuKkD/nIlxdeOJ72q4oqwi0FFZ6dDX7l82fo4s4SOCRQaN4T0eKEHhKThiH05XzK26+yf35oz+cFli1RZrCDN4MBmfgdORagzRmSSjl2ErVrc2ahAzz0dbjsA/GlT39pgAcMm5BH458E3//KX6e233/bEu29f/oOBs1j7Tzz4lDpwP5+GRhYPO3K1gqfw3WFFm846dyBiNyTlAsvBwQLKSPuKRdlvgF5RZxs/aEY53pmh6TxRCZwveiCdJjxd5rwCdhFnUOW+P4skGytwXR80txz4zUe50ploIyOU5GMCQVkfmNi5gsFGrK8KicJXEPhNO5uT276cflUbT55xuaHye96wQIfPaL/0hfB6IlLAHtonOhkTdywDeWx0ZJE+8TdltrVs86RhfvwHFf3P0lFiVZQTrABayWWDwOVC8rIuwQPVxoWeMSW6lsVVAN5tcP7CzenCpavTVfW1ae169znq737nMctiAjNj+M50/uJ5//5/x64dlueXk0m+N7Oym3rlJWPZFOEr+Hqi5hkJT95sRmOW49greqUppX5pR+yNzRTIoqQHxGdJig6zyergj2K3F7sZaIu/pVKOzQTSS1nY3+1Kn/GcgQ6RMP6Aoh4yCDzsx9jvJ8PHwl/ltHseDoy/hs4C56XG9HyKz2WWVWYUXTYysw4guPSjGUf9MhcC9Ek2MNSlN1Mpr589qt24isCtNmj9s0LJxB+MN/TZBKUJa/y8jzb/SkeW7FEbQtq20qbmBYf3Cg/KMQcF0AD0Sxx6OPEEILEoM5vC+m2PeWKf7RCux5rT7m8psx3CE4evQEnoWn78KSjjrIcy57Ert1AtqXSGE/nhAWEWdFV5lYREfNSBAvXcFJhWKPfH2bdDB+PQY0U2qm1J08d6HoP/66+/8nMGx3mgXm1rnZiFHsUERLSc+CUw9FQw2D740S+fs1muMsYJ8lYe3LpyOJNAdqnqW6ZBiR9yEqQMC6IIIAZ3Wzy44M7dnMkQsgsRL3IUe6IyUw7ugK5EZAHo9kR89YodlGcd5opCnziySeM4SXeeRcj/CaCKqbqWnIlxvgfHYOdyuN9f8P4R3zbYuk1nmypDPoE//4EcGxlU3FYA/4MXXyy7Vzz4JNx4iDkj5gVL586fm15//fXp2PET074HH/SZMzzIZ1OA07k3Do76fvvtt9N/++//zU9M8xt5+1+01M2NpvT9Z7muiePknR24pJcD2jRVtgpK7hLmCWOhU2lyzV8liatgWR74jjb7qu1NcfoPqlIX6kr/iwZsSEpAWgGtnuzlx+4H+JJB7YcQRUrbsMnlvxr4y2jyLO4XLpyfvvnmW4vjKgf2mL5sYAElgO8zanzvNpfOb77+RnKu+6U60FPu9gfI52AYLcGzAMbp0L4F7zQLac7ueV35+XPnpmtXrggLQy06ynlhkw2wENDphVx2r9/AbZ6NvjX3zfk708XL16crV2+rr7H5Fd9a/MOviGrxwALJ4I9aNm7O0/ryXmxcTH7kPZE6XXhB9wvXX/HcnmV1lccv8V8wobc8oJECt7PyiecC44hVz3SJlJsEOdat0CwdA0Iz4RopOtvprPIEsgvbAcsV4KebOlHhthSX6IGQcFA9ixB+9xWFpaghVzD0CvAEydifdrWNfBc8DbQvff3+MuvX13OFYsohIZ8QPSkvnMaA/3TNl6Izl/Ohv2ejIRk9Rwt6Q9U4+nPXk7k84w8a2h07TWRbjFd/5QTKvOAkC6LYmmAGKsJxlU+LXgA2luYDYMsAoZZ9Jnoq830gUlSnH8VPZljWtWwjii5o48f2fcsILSSR5VurYTQuQJk+Jb/ldDA0aQF4/MitA3TwzNBnn33ucEkn0BgwWGwMMfVHR+Y18OjkM4uPDajNbW6VuS+kv/lEn/mTjSRr8J7N/FpBkwgK5QQoqQeK6CRxDJfXLDfKKm2hykhuHkrUWNK0pjwGMcFJTjnMzjCH7XZ5OyeVEE4yeLaABZrf8bqju5OVThqRDkBaAXoSlKEHefCEQMfKE6OBTs2A57I0tyI++vij6atvvpm2bd3mBcNnSFTefPzbJI3CH+tc9eLD/Vomal+SpE764EQ2B1w9ePrpZ6aHHn5k+vbct9Mbb7zpMxDu1/PTPDZMTDyZMPlM0959+6znH//xH30/nxfpuMOZhgpQLxYDV9RlqRlFncI7JjUQj06rHKnONXT5wIuJtSGdS1npyy6YLwfJGWXkSSc4WzkRcSQxp0WQiYX+lDD0uLhlS1YPQOWHTPIF4Q8fExu0nIX0LQ3agX7FP/jxJzzbt2/1VQMeLmOjd0XtyOC6of7lZxTUpu5PyCw7UEedoys7eDZ2/HLl2tXr4yqPbTafjNFhtjITm8eOa2CCChzBaYyQUdK+UfKG+trF8xeUF536oeWqRN6SLKHUJpwFWq03L/iIPr1Ovrg3Xb2hAS0e5vodOzZN/IEav4bgHx0zUauwbL5+87robvt3/hvWbY4hto+4UkVLPzA2BrnQ7cdXsdsrtSnAF4wfdOeyPOXY33VqUchyWoFFyguZxyuFUqBE03rj4Uz6kOXwMU2InNdngG0kQA9d4fgwzo0vsPhwM09gBycfQ3bFJizo+s9laROnolLfuZzIY1kxvHxCqACtCNArNxi82BUeXrMqNqj9I6M2sjUerHbk41NP9hWoE1fMLMZ0uUpGnYmRb7kdRAa+UnAZnz6Qtkwy/XjmIze8EaLKYR/93nUDWzzgmMdTZ5OGlY/57wPT2cOFCER3wazW9AszCrA7tiPLkIwD9G1fAHzGAO1TnC6Z6UqOAVxivq1jWR/6ov1BGrxIwDH3QH/q5Knp/SNHppOKwSEo9S4ZpZe1sqQrT3t2Hr2aG3Tw+mNe9cXqa4kraBIJjisHW9Yczs9bpEiFABXHxg6pbDWelZKlMJPObRXfks1MTmwMWiGlYyHAOoFlu2PEQIrR3U7h6Wkm/hua1LlE2h257xlbTsmCx1LKnqBVOSKAPGai00RKSxcyWEg2b9kyffb553797YNaqFn4YYKeQYQjv/jiC501XhDPHb8jgf9ywFSffYre9wU98aXD87DjoUOPTjt37pr+8PvfWz6LE43KJD3/DTEDYY1vhUDDa5qxyb+kqLrysz1f2rTh5SOSrpSTwRXevhE0HbBMB8jThvFJOrdArLCHPHIoSmklQKt9vwPw0YZKtj33U1mf6yydamPTC0eXcxtKeZlv/DLt/tIyFTuUBvqFwzp+4phfMHDVgKteXC3gFyecPbN5gIc2ZSfOJoGNIpfQeX7CVwsYHGpLNPXE6k2nFi7K2bDyF8GZCNVPxc948CC1vfT4tq3TQGLqBBn9k9hjTgkvotJ17ttvleZsoSeAEGJLHq5TRizUAZ8wztDNxvzy1Vseg2jasZ2fgDLGsA8hmcjKg/LNWm981yretpX3M6y4rEakAlcrQu/2BEe7q9i1ou1oEzjo++BMFlr6YdcVjNM6ZGKK/blCVETGB9djKSCcCQJOSWBsEhQfEJkZ+V3ufuQUwPwV+5xrGQVDpfCMSy7X4yPO3tDMfDYDafHn67LBL2ibiFyDkcdGY5yPHCJi2UrZ0JP2N4/j4Mp645sdn3W/ZX7NRisLiwP52nz5Fq5vOUSor5jVIgSKQ2TPIetBVVbg/k8fAKWDr2xRCMIp4m5vBWNDG5GZY80iX4900WDrzNe6qFuZpE90LNJkYahyAB6HonXhwMFSx1rHXG8BPR+gbwO95tGbWpI3Bh4D6XuWDWB3yYEn8p0VlMaRjxxf+eTkkbVE7U8/pS/j1/Pnzk9HPvhA69CXfhuwx32NEephUIyPdEAFNXHMIX2z2kJpuhfmERgunQcccSixKwe2rT3sewwIGYOL8ij0wl0cbqiFQbQWLPx8kQnK64YMVNuaJ/bqgAHFg67eMNgqaJSPm4OiHHou7/mesQfo3CDQY2vvinnOwA2EkOJNA2FzBs+wW8BgyE+6uNpxR4vzZ34zH79ggI8P9GwQjh875t/R898KyOPvnz/97DPTHdi/3/poxOjsjvLAtGvnTt+S4B7RV2fPTp+LBz6uQnCFAH2ut+rDn8T86bU/+b0LlPFvktQVuwHobL9lW2UdUmabKxhIO1YoOmDIAYrUHd9eUvk4UDgPQAO8+hSb4rl8qFBslQM/81t3x+BdlvKc5ZAKN6EHJrSenIoWOuqJny1C+AyqnAHx7gP+3ZGfo7GR85+AMQJEh88ZiOhj0ueBUzYK6ODXE2wAMAHZbORoGy7JQs8Ggs0qv9Dw/z0IsMMTxNgwEbsT2jugU18Xmh5czAEpGo/Ou3525sL5c+ofPHeTiR4wlRZ4t60y8MMOP+8r4IrUjZu3p8vX2MyqL0o9Vw7y2AC3LaRDdaCP5hc/6qvolHuvX70xbdm6c9qwfqPGkOYATJEMty0TDSJ8QCmFUmua1MPtiKWOxAfelTOXbY9MJOpDmjKThKbT8RMygoTHExpZFFhJIDLCb3anisxaK6P0XEZ+MX8JEJFnGWaIPPSnX9K++I454zYnDML1hBtRmSMB17OC8yUHwK6l7jYz/lLGfPCE1mVqL8tSMH/hibHDGOZn0DAWbY8H80o+tG0X/2TbmwHw1KkDefhjJvTJo9bzOAnBcmG0NZRXWcekJKFSQMZFoGQLRrtDiy7AsWhRrcg0CzS58CUNhMYI8xG3foA0uVUbHaerT5AXReTWeuSNNS6U//An/hGk7uEZ7QNP9QPL0TEnESRMUhD6TALIgo/NFf0t7cLD7m4zhS904shVg281N3jOE32eaTJzzCibCSCoKeKhx2TfPiq1rR6AupIIMX7kBSv7tjxwGKE8iEgp8mEC6AQs5lIjnK1wbCMquINxKQIG0eMWgpKpuGgYf3EiRIrosJVHDM52SCbvPVCSQcjPNbhPz0uOkGEniIbdJWduLAKWSUAmMoyII5EDwIOTWJx5PoEG59Lydck+fuK4f+Vw4MCDHiS+bSDAJh5IZJH51S9/5X913L59h/8Bi18nsGl5uP7Dv68GANj4oXZ7f/7zn63j17/69XTw4MHp408+mj7S5uLEyZN+RoEn75l4WHiOqANcunhp2rV7l/9dEhnI5IzXg1bg+gFdx/8bgPr7KN1+dljywOw76aqB67zQJvNhlkY/mAfffVruo10FQiPW7UiY2FiRziDtKtL2oQFPAEs+nZ5+QTk+d1ld/8ZXV9RXuFrD1R38Tz/xhKhyFnbwXizpu9qA8ppsNqHcauLKjidL2hPBFt71nO2OXsoalIZMuK5D+weyTE76tKiiQwK9hisdfrPh5fPC8yBrBn4DMpg8SDywEl4/CKw8m5ZLl5ncJUd027er3isiuKdNATJE5z7NLxv08f+BrFnrzTdXGzZv3aZN1fx35fQFzEQHwRl87xicJi6TxheDj3HthSlMyFnmoYs8HYTzR2n4+BhE400BvO6HKZFGx7BmQQ3IgsQ2o+wh76O1BuBTlGLsiA4gaRJFo7bgVhL9hGdMiOk/3Jqiz2SxCMPoA/A6lCwAe4iSm0EISiDrE4BmAVLTOW4Jls2n/IXuuR8KU5WIDUpXHLxsVpwFo06sVKcO9Hli8A3N67m68jp4E83a4HL8UBV0hC36qkQ0ZBd9JGIE1Q+SDDhPnUCBrAIhfAKjGJ4mT91DF/lOpbBhgcMe7DVfk7mc0QcCezPmyEFnufCx1sg39PvobZ+nDUmBy8ZDHENPZNgGi8qVGvut62J6+oF4+Ig+5ff8LgOuKJ88ddproG2BGDYUlfzGec6QDPJp47QdXaxIYLFe80OrY0msULRKruzdsuZwF8Bgh6NQwskziVqOGGI8BmBI0hhxW9KgvavA/U9XVGkbYGZVng0ERhKUN1YHz4FFA1BBLqdjoCutL/2P1zJf8s+LNHGaT42hwH19fpfMAEaO8bYz/Iigkdz5ZQCTP3gGOvecmVg5Y+eMkncbcGaITORwafHMmbN+QdIPXnrJi8fevXunJ598wpf+z5w5M738yiteYHKZFbtW/Ec8/+v/53/1GR33fh9/4onpxz/+8fT888+73m+/9ZYfRgTPswyc0f7pT3/yW/5efPHF6eAjj9ivTEzjZSwCcN0RwJHu+LuwxEGXGKfDQ94UxTvLSAd0VzVRfJi8ucMnIM1xhhaaKOWICNIxMtSAHohQeNesvDehqctsy0J2Lf6pb67+2CqTcAbPonLXizy3EsDnqf017hv4jkuqBpXRD7gFwfMJlPHLBl6KRf/aunWLf5ngXzOM2mZjcfXaNdPTX5BtH9lOBSLItXLiQRDx2QyMGUsEr0I23yyg+ICrWRcvnVefvGrZAHI8KSluH3mCEa8wqrM2B+qnV65p8lIZY2P79g3qn8ppcyCvZDzwPgTs0mDip6c8i8FtrHMXLk679+xWnXmehtdmIzNtrt7surh9pG/0G4I+2EJbZfF3trCVlt3DdgwTuH1lf/py+rTbhoXJ9JFhOhikMLTOjdhUEalIiUo3f9LRi83IbjvdVypteh06IAffeg5T9bmik3+5zNUDbDFfa0EvMob+GW9/6dO0RSKwxeHTZ9jfBODRDz/GL/GyGxv8rgp0KRBjb/ORsI8p40MMn3zAWSckyLitOTH0cz6/n884sVr0N5QpXqzpn/AKQT7jGfLQI9V0tp9+Z6uGPvD4rOkNSmcTGzyBtvLVZp+wpQ6WUXojn2/6YkPzM9ekLHzZ8Me+QDIuo48qJm1eFQhTvLQ7+PDwyyiXorN0UZ7+gd2xzfgqg9QbfEPGFCKygc7JJfSsTcxVR458ML333vt+HxCEyEZG/9oj9iAbPfRr1urQsd5aH1SK0WMoegA0wfyWAT51JrmyfcPK4ekBXqKiSUdIzkaYRDBUppqbRuVrpQpuMJUjmM0AMR0xGwNlyAt7V+zZQIiOBxP0ZX7zk9SK6V+A+SrwHw8Yhzx09fSMLNru1i3+cOd60WqCXrveT+Jye4H1IzbLJjnHsWQgL2efuXoAL52bToAONgc8rPb440+4jIXB3hHwkqNT2rk9+8wzficC934p3//gvunZZ59Fsnno6Tdv3Jrefvud6b/81//q+9NMLD/96avTL37xCw/mTZs2Ts9IDn/Sw71r3q/AIsXVj9/97vdecH76s59Ou3ft8oBwZ0d22ULjEcbCoXLjXMPkOwQoD19aqQO0PlZOECcZw6B1msJKDxhJbMnCbjL7NyUmKsFtI9C2RjV2GuuJl47tPkcjYwMD0nECePg9CQrPpXbescAAg48N2oWLF/2WRCZCaOkrnGWv37Bu2rJ107Rh0wb1yzvqL9oYyoXgN2/OfzmAY4Dyh0X8pFYCfIWJM2xsSx3zcyceDKQPcuWIKxNUt8FXq8ruTJjlxwiofMpNSaHw5NhcY9ely+f9W3vqhR8Q6fFWfRcZvJH0gRX+dXHFVwAuX+FnaxlTO3awOeDKB7yiU4PmEjWsGo9o4+qDUjxzwfsgdu3e6Y0xV2TWrduohQLiTEJuM2xGf7UL7YE85jqP31p0GIT3JhYdbVZ4gBJt/Jun0yIQPwsUdkNeUy5q7CO4rUtZRi4BL9qTIhuLg/NC2Hehd1ooTbW58mP/IS+8phcw5pUb+dJasQBat2Ni5HDCskWbxp07d/hZJW7D5GVD2dQQtw2xS+mqB4HxAWTBNsJ5aB1gKGJbIzrsJHapaFKXClaQNsicRrtYor/uCOLJm2tlowLtVIPblL1hQD5pNgaE27Vp8JwOr2T7JFE85C1eB/dv0XhRApGv/QUQD7slQ0n/XNIbC2Vy4plywL6uMTP8UuWMg877yoVkBD/7p6FtwSEuk0joe24BOIaXFUMfaJGNPj7Shx7SiM6ah57Qeb7Tx4iyA6k9T7nPrKofcqJ/0HqOrxGgMv8sFb3i5RmDd9552yeR7q/Qia03FIT4t+zXx2umT8IrQETlzSM7FKGbbrD0RSA2AZQQtDl44LAHqpTbUDEji18vEHCVup6ZKEjFY4xFQCyZFkuWMhRjtH9DrQGhyYBJBDSDauk0+FSsyph9WkuFFVPR+XaFvughqYj7Pze1m8qfOPHE+lotxtfMN9OVfNeHRo6N0BM3HcAZ4zmFp556ejQqAwS4dPGyX6/8zDNPT1u38Q93mlw9YHI5jnval7SY8GzBH//wx+mvb/3VOB4s3H9gf72N8YBtTKeY/BAitxk4U6NCvMTn3/74R99meOWVH/kWB9ahC4uxdV58SROrpOSNmpBXYTqNk4VWnXGwIPVGRvu/ZCg/44yxANIdWk/TggktkFSZZN6OZ5qG4EKBrZJX+cgGr7ZXx2AAcTaRQVQ+kZJ1aqMGyC+xMdAGj4WH/okdnvhU6D6pmCsFbPA2a5NGmTcJKuAMmqsMtBEDkasDvGikn2dhk0B/YDePfvIo5YoVPwsE2AjabvuP+qCzJzpHfI0HMt5Ea4eFlg0km2P+cvn6tRueKLmSYQ5mL4NomYy1odcK74HOa8svX80zB7hnx3b+XVV1r/HMILL7mB3sECWZOkhWX2ejtWPnbslmwuLqhMqsB/JhdexGKTnR+Z69smBYnvDr3Tu3hOAtkSvq25emY0e/VCHPhGTypN/n3nfqz0cJywTAocKTnfLUo6ufKHNU95WwilZMloW9wnscUASAAKwvdeJL2phBKCjaEmufIIt5AT/xF+KMUX6qzNU+/IeAsXlDtG2r4FIO6ZfOlw5DKjAg/igaF3FgzBC7wELMpoN9Lt3uS1aghQJfKJ3+BaStoOvNhDcqCpzw9EbHV6WEQya34/pKwrI+mV+QF9reoHc5NqaPYCf1j73Q0KdDG1OLyhBecw8cNMYkER31Ad/1bKAcHcTUwWUK6Uklw7zJ5WqaSWQX+NaMLPBQpY7NHxraY4bMMQnOV9z6G3oe4+SPMd9tB8SuB7QenfNbd3lQ3W96bXZi5JbscNAOmeu8zrouzRDaYVOjOv09YPGVWNm+8QH/8RIdpBubanOvsjcHMPQDWgmaNHCkHUtHSmfyqzA9oTBxa5LR6T4G91UDnM87+31WjAEC+pD7kYBKuIH0BdcvV+rJnfeCYxPeuH1LG4Rb3FLI/zTw3xCxDRnYp0pZTuynXv5ILuqEsgNoIC7TcN+Zl+ps27rV9O5g+jBoeO7goYcf9hk9NjJh85pl3lb16aefTu+8++70wQdHvFDs2bN3ev75F6Zf/fIXvv3ALQYG2a5dO61nDGIBOvAbP3187U9/8h9DvfKjH01btIABVVUbTDskTRxkL/gQpn4zwNvgkipMR0loOwCTlxyInVd6IaZ4G/AOVgWab0DLJu50w5A7Hx0kPxNHxW53tOSMBRx1ZkKm33WN87pb3o+hScw8LHApa5PpDyz09D9u1/AQKAOeiZ02QA+LPj8pZRGgTyGTTQK6WLj5NQQ2+ME+9UWuBHErgDeLdi1ibQYr6ftqXkCfxM7Qtq1MdBLrM5S8Be2mb18BkGbxE6xho4lsNh+cwU7+tcJdjTfG7Y5t2ujUTyKhik0VJAgZkZSxa5mSt1P9ex1/Rc7YdTEyFIfNcvAZdqcFW6YigFj1ZqN+VZsCjf7p8oUL06effKz6XFR9rtt/XK1AtJ8tMsvcluhJihjZ8aJV1AGaxE44bVN1MKbmAPKWBV3xOFaYdShwtcO05IrAhiA0dfaiRpD9PNTpDeX6jRbA69a5PUnfRI4XEliVj88yL/FB5jDH+RrDDS4rAswBSI+8SxVlfjPYziIums57HoNWWW8MpM8bg/I57d8bg5Jg9qb1r7GUppC6OS3w+FRF5iCkytM/3ATK6qBM/IrY7j9Ke5yCSYw8wJTDEHEWgvE0Ciw2vN1uzltpSIxXgMZyZLcpF7LJsEY1TzYHyjqK7C4E5Y2E8WY1NqSxpceGvsabeyED8G0FFXqNghAbLC80zDu8z4A1hZPWQWOJkl1+C3lwrtf/v7A/bbrsSO4DzwskkHsmEjtQQKEWVFFkkSytpNhqk6bVZhqzbpn1i+kvhG8z/Xa6R28k07R1s8VNIqtY+4KqAlDYkdgTSy4A5v/7e8R9ngQp67g37onFw93DwyPCI06cc9Oe2nRoDQ+yh5ekravkusbvdqWV1F7jzzzAOEi4Fk1wIGpcMd4xCADyVQZ05RfxCWpMUTIKa9DkRMcwSKME9X1JNojuP/6Q3wY8hod1q4vEopgpLz2x8pqAl8UktZSrSyloa9cW71HZgn8bKwpKH4zzQ0VKMHkj0M/Xew/OHa6/db1A3nswRFl4Z/pIkwOE0vGsgQ3cfUVuBgl53nHwnd/7zuH3vvN73WXwDHkPPgbWEw4mkl2eEumMw9L8P8P3vveDw8OPPHT47ne/O5OQSsbhT5C8t/xXVnE1XV1WvK7x5G3AIgC5IgED2RRfgMrAN0B1Tf97rgnV71hxlbm7HXyTtyHHneADA9NExKtnaVvXrsYHsnLYA74XZfnnPDAMNYadswPKD+7hpQPywruvdLqvfrYj0Il9njwwQHZHKx+Tl7bTJ9yb/+CDDzvh0Sm7C4w8+Fo/era43HU1GDe/icOLxtvtM3UuU2JN45ofbwfJDsiNGAjgZrJRXp3SMTM52S2IKZFS94bHGEefMO71U38ydj59RX/e5sPUK7mlqVWixR0E0SzO4L5w6XJfQ51OHLDZlaBhzVyh6uXGUXZz3YOShHs8kvnW4YUXnj988P67NXY+Txtps3ffe+fw0cc3apDZ6j5rcsVXJ6+U7QC+cPqUVr9SAzehKcMrokRSRGQ3fcYr488uvcssoPhdbkijhyDaG3fT/Uxu6zmh6Zdo2HHC/96Spw/S+ZYb8LgTfdlpxY0Odoo3gRA+VaT0mo0hAZdphCnSYgMTrlfyfISqi0Jki37TQA4st+s8C6tJbFpDu63n9sTUUV4+C5arDuRrGGieegQuQbkJa4uhI43R4iq6IArK43x+VwieI65x00YrIZfysmj6rOSmt/9URj4rHYA4tLJPEpfD84SGzALAimjCJ8ZA0l2lLlUedyJDbngbg3FwbtiWrE454/bjH/+oi8rWO86l3BOZn4R3nqLVyxV1qc/PpsENheVPpXN3yTKuoSjlmQcv3vMc6Dn0MRlWH7Y3DYQj2FanTFgNbETS/DqQ2PtZqpA8g6j/i2cYfH4nEMm6H77QoGpT+qQJO5mveyVQ6yzQ1UAozOAw0CjbfhdH3yLPlv/05ieHWxmE9hZYB/oAojGN0hJL0IMHre4wJNGugZzrb799eC+rnatXr2R14CU596z/638ouOfgoYnF1qK3IH71q08fHnv88d5GsNXob4a7M9IG+zxpV/u8vVcl+6MnuwM3rQhjVKzW7qsxf/iDH/Uxxj/4wz/o5NN7zItZcq4iqsJyeJ9r0k910tkxEW/BL5X1qwVWaHWctnHcKBx/4o5t3WvwrPh2p6FPZ4Eb/kcnvux2GhDhHfc77TXltGONgnxaj9VeVjSMzZs3P+2qlLxWaWhO6he9g0dZtyeEe/81umkAZ7TZSZBOd3RQcyiD0RsEDZZ3MpntnQTnGOZ9Cmc7gcMxMk//WfJptYMmwcXJXOQ1CKYhOjJeWieVXE3MDgh6I+OHH7xfffpcR5pa5evpGHhmEndY9+MaB2OEMw70lVQ0+Eqm/CjHkeXmp1v83RZ3BsN2+UMJMW4GN1d4+hzZMHbbruFVH90TpiSGgd2KGx++f3j9tVcOb19/s38qde5c+kvkSUwe1Xwv/eGDD270D8+cc0iNESk/pWb8GKyS0/f9JqfXCY8bHVOuPp/RZfJNus+Kc1vWg0ee1MEhiT+Wkde0ydiT2zhQEUGEbIz0Wm76oJjJk8E6bpCcpgsduBqu8V1UFWrBTqRwDbqmwNRj3BifCSRvJ7tuOXD0uG3VcWhkYVyFbhvNqMlXePoWWUxZuu2q7OByjXGQunXRFwXUL5pnzA2u0f8QCA7lVGkbG1ORJCWOlui0FTd06pKE1/U9ut0myu+Pbyu0LpVv0sY4kzkZHWYBJ3/rEkbNKeMSXviLxycBYemVzUCd/Erjj31WebqIzBEx8Ka1VMP5OeXEwbt6rPpnP//Z4fnnf9VzaGSsn8+CGw3tPuWP/OVTao1PuHnxRAC6JWQ0vj4ViqvEQmyQemkxDu59zsjhJTIGIYaBKbVb+HpzSkA27CGP6DAJGUPAKqb/EFXMSe+AwSUhAUy6/+g+sRVmeWnLROFSC15lMByQOjpLMKCUx8q5GisTBi9/j3kWCXYR3GqAr8ZBYB1WdMUnXHXouTQYfoLQDoAt4kcefrivsn3pt7/t0wkmCRM5OFf1to04uypzwLEvQ8KMOoUWvB5LY0RIt4vgD5xee+21w7PPPtsBxa0GcvX15ivGw+NPPHb4zu/93lG+OqHrPYQxqNsZG0EkP9LwPwo9dWmFCy93y1b45Kp4QyvOKc9vdzo8bsOelOFKN3X/u/DjNk0On/g6gT3JG7g9GM30QLbVyyVv7ersgHu/2tbhwcG1cQ6+ym3F9iqFMxECG+OLLt1z8H/+bif0T7OiUQbBXXZuNc1bER3c887992M8GjxN4IBmgFz6RUGTKK31zGeRbrjX8jlOeMdd1dEw6wkWB18ZP7dufZo+lXYvreiZgDq1p0rzSuT510kivHLZS6DQnQHbvAau8l1tUflEBg4s9pZi0s7cdzbGwYOH+zJhw41OOVs/XfWqqxx6Nsl10JKdEufO23L3WubPDtffeuPwsX+EDMylSxd6CNRtIOeFHnn4sfSxC+UvtWhbDJ4gpU/B1skADXKay5LThLnTMuRAFiYfdVhVXvADdxp+uxOdKRP1LZofacKKaVsTgtsL0uiXg8W8ielkYnUdRMW9GJlwWiZ1g2+n1yW+WVO2fGbGG5iB55RfVVlucGxZbKNg/OQXorQFTmDlAGmZeGPlTEz89Af1Mdb1T53Sh8YIit4k364bA6ENGXwda+vVW79FNlSqb/Gd7NAtF5WlcOF6XRNyywjPeNj09ttV8VyO4eU2HC/rBHb42a60V/5ui7vcAt24xBOSUrwSZmGw8ue7fuDtb/yqy4ZLmg83uBn+np673Xfq/PjHP+4hRHyRvSLo6I9t8/Yk+BeOHT8ycOIWW4uXXBNpUIbIchsTD3aL4sy1GAc9KBSrwCBcZiJIFTJPt0gKTMVc41UUIh/K1I4w6TMpz5USODFt1+BcBnQr4tYzaQaSlg++oFC4ZRxYhMdORGRTR5fsZPS8Qcpg3qRBVoruSiepvHj8j+VFgE4Zz+QZV+bhyMVP8luvXDWOVSSFv3btWq+vvPxKO4F71ba4bavByUgwuUyjDT7hUVyySx3khFHb1vDqaD/8wQ/Lz+OPPV6cZIcfb1785S9+eXjiicf7uKPakG6NHDRyLa3KqTVJfiikbJVkWGjdW59Vp+Giwbhp+N2OyknudQCW+3J8O+UGxzG/CHw11EkZNDadv+vK+dFt2NPwHVTjuVJNHoMqgchs0umne3JuKTAUtNfxzEHbJXjAlr+RpfwaGmlLdYBbuOnBb6fIa5etArU740NpOxe2j7WjdugughVwjEj/i4E3L1EinG735zq60eL9qbSX3LTTbHlze/CbsFSreTT6SOW5s6nje+kLsyNWKJNS8MNBb/s2v0+dnUjZgFy5sowDfKSMQaU0UoZ8Bkm+YdFfO/dgbAef+3oo8dIlxlD64OJ3Bnh8TlhZOepZn4Rew6OnFPTXe9LHr0SW5yJT8nVbgXFF3g9cezCyvHi49uBDjdOIrUNd7ZZuJVZa5TiRlVJeRhaL7vKThy8eVy0ptaFdbmBO4Js/gZFXrif5M7hP+oIhx8Q33QTLmcUFg9Ffi89YoD5TLzTmumqRH3peunzyF8mm3Y1/5w+Ami0EvfjZsLMImjJ4OK2HQBs/FkNHIMEmxCUuvJIbqZGSD33TlvrVkV7iDG4GpjGuRrI8HziDaMtr9HzClaVv/fC63V35fpo46Rgf42MzvNLj5+yIlOHNp/n7uuicbsuN5tgv4uTt8sW9nD7RvBXvWKM+wj7TNVoGDBwtjS6a0k/xblxRXppx7Cc//cnhxRdfrOFcwyD4PZFXoz+wCAyOVZ/Upbuh5BvYzS+/d042rxgRxmddIs0LbKMuC1j/VfzMQ16fbC8yndNg0mrlajr15IDzB50IiySRXPcfMrEkCaQkk6Si+7RrFSJ5YO1CDLNh/54oE0tUqeQb0Pra1zQsAfRNbcmzVRqZQV3cvSUhnFyYZG0DgqwyxiweJm5rz+BuGwwvcJ45LdxcO9AlbOKAs7sASTNg6eR2Dd7JBPDWW28Wl4G6k1ThEer3aJxMo2hsfMqYiUCjueVgMvNfDV6cZDehLoB2FH79q+cP3/jGNw7f/OY3j7IuPnyCC1J8jwKMMlSxZEUODLHSCsxY5iOLwTUdVOfd1+22MvEnjI8Dy03+iez4wi/YFmvxybvLyViuZbZrOPgMPKfK9ZqsrdxT16mbMj4B6or6g6zg/TVzy58qu+WwO83wv3yR9ts4x9DsQJ0P2Vmxu9XAkLvDQAha6QwAeT1YGni65c+2TNCMDlvk2/DAygwI6NiCn5WxNPzVaJW5eMfRbs95wRMczjicKV23zfpoZsq0I9cxoj87fPzJzZRR7+kHly/eX4Mc7qP+bCriZCtRfpp46MIbvb96Lbp5rbf0OiBJTzi9pOHyDHWLjzGz2xDPeubHn9w4vPrybw+vvfry4fMYWfoubxLxyPDtdPgzNZovpX6MKjj82do9adP3wsfQ2u25iK22TLiJE95t2Hot3+ymZdwBt3VgZRTtggE85VYaXgKwYWY34wj8JVfGCgu1/sLAZCTYcbIj1VtiATB+mDjhK/ypcgidpiE840gBj27Hd5/eDrwc+kK3Nq62azJm92K5tNndWAMboJaNl4nOGNNrbAzIlt3WJzA1CqJ/cpU/4tH/fMAuXoZ3WjYf+fSr8s3Hl0vNp0yJ5NL0QLiu9JZYeDnh6nQcOvLJz3hf+OBptjL4gFe0SegNnPxNu/z1I1m/bUdJTPbAoyFFzSZLvWYcaWzjm8ipOP7WbnOcM3MOtjub9t577zcN7jHKFDWOmYNDt3nORPlb/HPdYbSw6ViXPG2IPjmogTZAux4EhKccfto2ZJJwF6NpP5TOPHzpTA8kGktA2GbsgcQA3ndkZgkhhGflhnA+GChe18UIh4HVWGVo/U75WJ7i5BsvTEauAzrMmqgbS1oZJZyBOjo6X70PTMaewoGHRjoDgRXmxTicgZZjleF7C3sLs0bLke49GbzmkSVpnk6wUjSYXcyqR+PaToOnAl68wVMciY5cDMBjcNiR8OSDnY2nnnq68Bh+7fXXDi/EaPBExNeeeSbwo9xkfWw8ruyuCsbBL2iy2M91o22ys+WJh11XHs9TcLgtmoV/+6A45U6U+bST1k/zxjXtGD9VbtHm/bhs17RV7jSukwLaaPI6+MQVNldt6vFFnUEnw7sOQm92G1ZvI0uYOjnjqwPS6minaMI7k/cYstrr3DkT2MUYyRng4Q0dxqFB36FFMH2cMROex1Gt4N1Kur/30VOFQT11ScImd9S7nYD2qfDwPMaHyeaCF3wl7ZMYAXcyIOtrnHrgx1a9EdBUTUxegGTFbrdLwshvuEFmBRuZ1T5eU/qLew8XL105XLn6YPLoCj5H/sOrgtpwJo1KOddqIRztP3fST94+vPzblw4fZqJnvNkxULon/M+dT5+83acxPs6gaIfGYeAzGYDu3LmVfvZSzyTgV/9DH+5ely8rueJ7eJs2a3tXtgPXga6wm+siWm4yBtc4+I4u6UN2AE6H606H47YhCi4cVTfsQM0bFtVvv7Zb+82YUDlmoNr6uuU8ssZPJLvCp687rA22YYb5tkMcXZI0P5z84WuK4nPKbBi/8o9Olk9B5J7wIt5dz8DjveN6oscdhsSrH8vvMuDH5zf1x+fu3zNJT7j5fH74wvQz6S3Xtk4seI8wywszDLbhMeXySbzAyzWdvnwpPVVY/E6dt34NjwMy8RVZdZvW32GXVb8Fyy+0xU+G5Oc9Ox5dnJ1q7wNJX7DqjTNmT131x3u6s+ktvdWr9A+3w+EwLhzHwdLRErjYPM4lWUn5IvIJb4WILibd/D9+jjk3/OiV++a2wirkGlZm1yBXadPhDLozeaZKJT5b3AqON2YN7KzC/Z3zKNEIo0qjzvqsNqlFQsF2Wthqp5E25dogSdnvPwgiRZJCGXEFxkEsyiYrn9UYg+fzGgj+yGkmULsTc4ag9/0reIjhW/WCHI0V1iD+78Dz7xrQStGJ8vPnL5QOo0IHoQjDm3rja5R4Jpx5U5+B0POrHnl8II1MTq+/9nosx1/39czf/MY3Wg5LnezCM7TT0OPIGYuSChmAYfmePgLjDzr674E1TOc5/rk9YrU69Sxf8Zx6tq7L7Tg+ilie8Gm3aS837T5ybya/JrGjWzhW7Qo78F926EUV5MXjBc/TOecJhd5ScC87+a1HrtXMwNXRgbQ1WtNNfKYt9sDEtXrxzS3+Vd2UN9FfcB7BrYMM9lZ++5FfxoFDqW5pqAODz4FFK2MIveSqfCVMP8AoV9mHzpZ3f/1gJ1dbo3s73y0p/Cjj9sXZc95s6Okc/wcx7adPjSHjjIJV+O0UmG2EmTBTs1aVFChlUcdN+j7DYIjwnoSz5y4drj34cHRl/qiqejcIhv8oVSc0vPLNiUukehN8nux4/7135mxOrHaPjULDKLjvPo+LXqx8GAdeTW630KHFO7dvHl577dV5Z0UMCu8RmD7GyMGH9sH35gdro8Pab//OT1z5wev06xOv3IJdTlpdEuE81ms7NHderoVffJy4JC7cnPZhvDEwDeYMPf3QLSMOlPEoHJWv7XZ5TvrpOnPC1fPkzcQMA3zrs/InPeVlbvQLz8iBbJIRr2/kp/D9So8DvYJ1IdcykzZPMChz2hgwZtGrLkxaihvettu7uNxJ6tDFrzTZrfvxs7BIW+nD+8QVODlwiDu8WkkPnunfkzHgozstIeF4ga+ox4HtRUJ8MvZB5zqACa9Y3Irz0YFe6yUPFDkZYxjJ/oPHmbQbHsdux+q3OwL6dlvnXgdfz8Vwv9p5w1gAh3HHeECnKrtFa9oXnhMeV2+uD2ktPkZAAm4e3Ccc72roOvPYVcaBwqNsqcrh/kDzBsQOMANQQdcluq0wb3Vrv9VpEjAgY8orXfNdbmCqRMjsVOWT4WVHymB3qhDh7RWv5DirgHnvAmwqrywhD55aQvLjQRxd404Rf9bH3/o/7VFeQq/gITi61F9jGlDhyJeQbeuaKDxpoMFeetE/ZH0yTzQwNFbpKqLyp+jrpMcGD67LVy73SrYPXLvWsAERTrsGT3/1qz3kg233m0wseCI7dI7cAogX1xF7BiNhivLv//2/r7wefuSRXLXHrB7JFH9dURXFCZ/clt3p63SgHT6BFx5e9lUbHrkbF/CU6nW74jiF68s4p4ZfwsMlz0RDxu+/934f/7RS1x6pVOUMZgZbeAbvNjJp+5FmfKk0K9BJ1+ZuHZTfVQ9pZMUAcEuJt/XdATkf7dLVcAyIeSXxraP3b2qeppCnq6BafQvq2RVDZ8vuxJW0ugY3ebZa6RdWnufPm2DOdYLpCqMy8c6A6Fg+DhWfPetRS/KIQRJUDm92tC3i3c+4qTMOhqZbJQ5CXojePB5c58Je+A2NKarG8xnXQuN1bpjCx8xE9PDjHhZ1qPeb33z28Oijj5fnGx9+HDjvVHjocPWBq6GZfvnpx6mL91d8EmPhneq8ieXSxcs1cveqiVzaVshJWVeuunfkUV6M9uMA1Fat2/xXF+a7fsY1OT/Nb/xUZgDRMWaMrs91SM/1dFlux7V9n0KKjtlJsKtAf23Nm7QYEcav3sPXT+FSftD0ikbFC64DaSNDA9BANX7kp2krF5xxulAznrce4JoXuEGZi5LSJo/btxkK0/L0cwwAuMYgmYOLveXr1nAy9aoalHieou07g2dwL5TlZ4/B5FIPNm54bGjxtOpY2MSLpLnFWlAAcc33hWMCDVe/CwnR5G9E7R+idStNfMEdIUOj8XppUnfZuTac5LZhwiOPLzru/+CHPzy8ff3t5pFdYVLnyqEFhefxaoa2HQNGmUesvSre49bK0DFlNp4EymNfIlYsmUf5RBgAZxOJTX64kHHjfMaMs8m4/15z08Ccefzq/f3jJUpLTCYtE+34SVNVg09rpyE0VvKrYKkgAYjvsHumt5diiFPI2dIOzGK4RUKLEmXM2Iudw20Dg8oxDsANaPkL6YSjPGgn033RgI1LgoEbHfWZsnOFGxK0/G+CwUh8K5964WsGN+XwQrgRYiTlfqGJuqugS5cOTz/11VpvYKzG0Zzn5GdbG80eFPEJL21odU2DOtTmscdrD1zLQO9xuPkr6Bd+89Lhqae+cvja177eAd0gQQGEZzLBDh5zxWPxViBDE0zS9mHK/+1//d+ycrsZWo91MJot2sAGJzetOo4ynXYTHd63q8Ku8LjWboXl74Y45SDSFrluz7XUwn0axzgwOtDOBzph9fS4z/vvvZfV5YcxQOcRPPJt0wVuzluMnu1VYwc0ulzUU/NjnZWRl+tJfYd+NUPRhLUt4+DiJdt5Xn4z79jQISf/TB/NE9Zp3RJwJoJcWPx2GugfCn0ve8qDLRcaNGGfciccnraBbGDQvPrV1SsP9FbXRx/d6ASMLzTmfn9WcaFhB4FBs/OoSSSB0jhMhMb0I7ojHv2scXDx8NjjT0aBY1S0z3K4woj+Fd7ipz3l4RqdBZcAukj4N9MeGM2g9tBDD0fnH6z+vRPD6XYmxmsPPRiZXTq8/fZbGRzf6mObbkN0wgxtZS5euBR6DkwuWZVGA6VcQnHlB0S+M6irNBmvttUHV3rz6lb5dbnL3QUnCih+ET9df24P5HzbNmkMPOnkLL2GZmRxNXrC6BG2WNFf7YbBt3XxLqda6KVtObldiAgX96SCKXDC1flch5+GFt7VdkKLzJZb8yZBsG5BFoe22/V2ZcQZ86lvd5WThi/jVsfv6nsywUeBC6v8oI5bROLo0PCnzRLPz/YLYIE385g+3PkJjzrJcrvslv0ArfStH5PSsgWRtOrWftM2nXh+Jr9OOGUaWqgTHwNk6jhu8E7xPccoq29/dng/+u5Fes8//3zGklvJb4nqKvwDG7wZL+6771x324zjXq3ubIJdA/MMw9LtbldtRP5jiKV8ibfrdsL3T+48o+D8/fccLnq1fPz5JJ6LxcBA0H/V/czjl8/0DYnFEETCKnuvcEOGlbEKuQqsg0OjyRVQIZOfQcpW+OeHm7e/6N84KyZtP2Ouwt2NyGBq0LOK6OHD4ECxtyLgXPg5414F38TJ8Ms4qECT5QxT6lTB5re0sA9XZFUniZDw3lsNNz8t3qlThXC8toHjWffya2WHWFd/oeW2gkEfjK1geMloK950DnU59GU2b7z5ZgdKVp7tZ1tIbjNo0Lffeefwm9/8+vBmVsMffvhhG8ftBwzDqQ7w8KddO2PyGXT4phhoe2Wz7e0//7O/OLz66iu9JWJbE2x3GNp+6hckC6lyu32ad8od05LPBbLXu1ySNo6N1wVkByoRrteT+LTHiuRa3ArFHfHFVf+Sr47awI6Be/0QmUw2DrRW8TqpR/4XTOtR3Llo+01Hfge06BIaydP2GwcYO0hWw7b1tL9dAgxbwYP374ZuARjwTe4ee3Q+Ah5l0UNGG3DDloF++OG2vGpQf+F2Bv2y6kx/SZjBeuXKZaX7FEDrEcPAS8LGKDWQO0g5xr6eNUSLftkia+BMsj4Uapg6nM8A9PiTTwU8dQ+9SH3qf/xd1/C8miQ/g7iDXyYJ5wf2uYxPY8xdz6rIH1upg77zQVY7btHB4YmMz7+4c/g4xo7HkAf3F5k4GdGP9xbEnH9Yuon+fFsdMm5kuR1sfgWqsqdA1Dn+CFeYYk1dB/9owNKJFaaoPsq3rLyVPwaIwTc/yewOXXI6ZuE5nm6Aa3j1b/3fgTK6MYuh0THFeLhrvBXHXJueH+G6XoZGQyuZG/6lbbwZT7DU1KHDnYwxq/CCaXsmUF8l2YXXREcBNo7Ea4ivuWIbL8p1Jyjj6ManD6tvb0mUdrnpZwiUyJH/neonIqxctxHV9FwLua6tq3hdwokc5w95DSeGn0KcciLJ3+fnyt+qS/EKpFzbfKWVB27lDdYGR27SjkAjb4azWwk//OGPehtt2m/mIkRcOzY1zW3D8z0k79YUg3IOyGcOig51rNLPU46RWUPTOBaUWDLU2CmwI8AoqBEQf+HsfYdL5xkGwd+0jF/dCV04H7ty5jlIPL9qECqDqfiZdMg2wIzeZR7DnVySDjLkp9I6bxgjBwyyEG/d+eJwew0e6qtzKGHwALOFALbvSOBCigIJ7Eop5eqghLQUqdDE/KnI0JQfOD9xnciDRx788usWL+IGz/4/Q1bXnXjQTEYp48ElqZSq0VzVgbIIy+z92gTJyfgIHvLiqezu7ST9gyiA/054/vlfHl568aX6V1959fDggw92JfrO29ejKL/unzmZdP72b//28Ktf/6p8ybd1XToEcYpOLxKkVW52OtL6CT7+5BNNf/3N14vPnxI9cO2BrlY0/MBrj7k3vbDGqS+ZTT12+G4HVqeYz7h9/b9xUMHXa1PiJvB3MQzQ8BCdjHZ3+zWdxYuPHFwjIxa0sg7nzCCg2PBfWtxGLin1nayTVV31Ma6DWvK29cwRVW85gOMjP7eavObai5JQYAwQo10BRsClWPjg4XGrh4FokJTffnTEjbHhh9vXMpyv6DYkJnMG5m4xGiwyid667YU0XryTvHaI0VuTdBp4kFQA2iwRupl8H5VrEYbIPeE7q9pH7RyACa+KHQfKwNavcaJ5rvU7P31Pf+qAOlePS35048P+f8mNjz4Ovx67nO1n7z5g6HgKhKHltej4OX/h0uGRRx473Jf0tEZpoMqNziGun88fOjlIPU76hNovC7P43hnHa9wKtgaKNk7fktZ6T90qrQTlF88uV7gEmjHS6GSSRPS5DtS5djxNgJE3RptDz/MSLitC6fu2wuZjt2dJwh8Ew9eJm0l3anfMc4kfNINjxij9aWeHn3xaPnQKO4SOME0RV7J6S9pgkhGA0ivNKXPikpa4MbK3T3JlOMCl3T/zZ1xLTwBS8aJJWnd4SmDS6hubKznu+WOIksvqy8oW0aRzjW4EAg3P3DNOmWNoXUNHbIEYc/Tl5qATP+MmKtO+fjbGcXKmzif8ZMF5+3Zvi/7whz88vJi5oKmB6a5n8O5w5xtlk+acnHHF2E13HIpnKBx3CgInrA99HnnbMeicGM8o8NqR7hQkcNFthIQvpPyFswwDt07P9C8I3Ja0uPFOojOPXb73uW5fUo6Yle7v7X+iIyiVzrq51rAGIXxCrQ/fVbb6hHWGFLB9GozHf1Lso4xNn2ex+0RE8MOhYgofB+N4FfXEBNrkxdoJr8VRASbQWw/RK/gAEsQZ5hH+kle9q9DjE96ND9Y4yOqQxygyubiPOyVO3DSqIvkkuOsNlee5yQLPVfKkAh8yEzYAmhg8vmgie/qpp7v1jJZHJFl+jz76SHcwfvazXxy+851/cPiTP/mTbjl6S+OPfvyjw1vX3zp4y6KtZPwYeBDBB0XhKEXbJmHpVnxns3J75htfPXzt61/rv8m9+tqrh5///BdZyX7QQy0OeilvUrMl3XvUQTB1yCd1aydDs1RO5HHixOVPunw8HAeouKat+On07QofWlO3DbvhJlyZp90ZkVhw0O3NGD1uEaFtMD3dDnTPdyZI+jwN3vRC4GvaRxKakybSguFJPnqz27JvE6HTR3mTZ3CYWzb+YyEDe3RidjGUuXcOEbrnH8eIsYvwYVbNNXSCTxm04UELTvGWlx5fV74mfdch/T8yidV/IQbCOf/F4ST8ra4opi+lWPpbSkHQak1I/U1SAQhO+dvYZgw8ktX6Aw8+XIOg53qSU4r9cZW+kQVHyjW5P5EJvskvJd9KG70T/b14gUFKnofDJzdvtUhvCQXW/2Tc+vRWjZ2bn2RFdCvyC4CnJh589NH06RgHi07bqaLXzrYD1Y/x8WkS1Xt4k2uinZeHaSd13eVGz+pybXPDXYACBTbpCXJzGTyc9MrUteHhq/kLf8sc4eWJN1peWg8ocqUnffQxBkKNTbsJiSumX+uXZalIp4x6mCAG5yDuL6DmT5tNzlxnTBRqTecXXNLGeJl0eqofoTGyWU7mqhOYMaKnVOk1L35deLrTPpTo/p+G4g3itkW8cbS3JBbNLriUW3Gucgr9Glf51Ajgg3vy6JxiJ/F8Ew3ltqX5hw7M3FL2/HDg9ZfkNb3aM85t9a0rm3aB4uCfaD6Va6NNLxxA+eVp1xes16J/ePj5z36W8fiX3f0sr0UwJWuEpX3BkgO+5dsxdLuwbx+uIRCjO8a2W5ifRY59YZo/ajIeBr5qH+82woWz99YouJzJ9GLC59NXnDWQ5x1C89cGY7RetCuajDOPxjhAiCMHwjX4dbKN1yhVrHgMB6KKUSHz+TRfRVZjqqpVvcmbm74JbtEQz8+cN1BOWoSfATNT1MDkR7mMn7VmugoqFkaGLSl8Naku7Rv4icAri8qXZlNzTbaGgMt1AQWXl8l82u1f936Okz5G8q1i5bonYdiLZ8FM3Wdg7ESX+CjV3JdmJSr73/63/+3h2W8+2/9iuJbJ3kCujNXnL37xs8Mzzzxz+PrXv95XNYO5fOnS4Te/eaGHtKTbQWCFM9QMpib2blfywcPoQBe/nezDi/ubHpv0V9EGB9aqFy4pa0vXxNaONqJrmFNP9WLE3eXUa8Fs2O3E1Zqb+o/7O3C70f5vHBzDG7zwuV1zp6+bfvON19POczuhdV5tQTdmYBk+Wz4f+XtQkUdXTzp19MTAlU875i7HJz7tXNDCHD8pD8Yzx1Z+bjVtgw0kzNppv2VzOvTNHoyd3Y57aiDCwZWPEGoM7XzorJz1rZs5zGCT/pEOAr+dip5hueOFXnNLIbVum+trumI5Sl0qg2Ka219W5/rTufNZrT/6xOH8RW9+dEBRH0MM5UWdIJomGHnHV9Zc+ZKhDT47vJE2euutN2owucXw2GNPxFC9GjreRumw4QNtB08s3PjgRvrfp+Etg2IQeZzywYceCb+Mq/Q/yMM7eP18diC/6CnrN19//fDhB/MnNdPO01/bD5Uk38XbsKptB+cS/aT7ARocDcS3OssXzcI9+es6xUBPSpGu/I3TJ+k+oz0n2VxXhFm50QfjAX2Spf3uRH50enjVZupOJ+n50DvtwR7dYuO/5qbtxk9w9R3h5RrMT/vVziiIMjP+6QudE4SlBU/59MF449GLpElXpjsISbNAoyM7XX0xo507Ka/xWD90Lb67HJ7ulsER5nR8FxPPZc9hE+OnbhtMXvMD33E2VxDSNmzrnro13oIntKticWQzuFLfdDQvOvLoYueFlM+39Rq3ygYH/sinfSzpDN451PthdwjIqYZBxsTK1e2E4IeBNxSd7BqcOVw6HyM03puGzzI0Oq/Owme/d4W8jSM9POu2AgWcqprwYk2kx/XFJWkUDTNCVNkoZKiOBTriERZtGEzyCcKLjcTVGZ526KRjuo0eOnARDjeDwhgV6MEYsDB6pluOGD9un6TIpolglSewnZiTCGUxYCYUi04oUfxMQydhpfcEej62Oz/51PPqlDPpERA+rVg1ACWqpPLVmDoC2K0MKgclhekgHE/Y89rdjzr5eyzS/8FfjXHgUKJ3HJigvRTpq1/96pw1CMMGB//d4NHGRx59pFuP3Bw8mYmGpTeyUmTe3OjalTStCD9tk+RTrKe+8lQMvjOH//Rn/6kK+utf/aorX3wYsFWDgWFyPGmXGWxO6riuyx3TTzk8VBDJ2vn72rxTbuvEl13hFw5eMUl2Yl579dVY3DfKZzvngj/Ry1UwF4NUDYF4bdHBZuVxC/3UUTh4amTmWpAQrg6YjPKZARmsfmEFl57XcvfWONBudgv0Ix0ZUhO420XytNHt6JJ7ju7Df5qVs9shjAiwI498ojvalscT3R6m16DJGk7eDExD3+n+vv44q+2uyLOy6NNDKdr7u4GbfhfeE1MSbJ8Wil48/Ojjh4cfeSK6k5V+dGz62MgBT9z8Tjzkkzc8CpsAmpKIv22+fv16D07SVW312OMxiq893DckXvWypatXu1Khr1Y8d2LUTL3naQaPVN4b46B04p0zgcu27I0b72cw9O+cn9VQfO3VV3qWx2rvvgxu+qd+gpcxIlP31HHcatvWgpuBuXKmH65ydmXjmtK8MULbNhEQEGnTPAvrglMKrNSgLE9i0jactNHPSUe7r84+f/6oS+DoJzmNG9jBM3ye4MQnHV71QPjoJuz3JKTcCZ4G52cDxZXr4W+i43LdfNSHR3zWh1dXjuywJ05fTxsIyjEkJz7XhhU4OlQ3M9JP1WvRLgH1lStPuux8pLb/tMzIeONrWW6iBalfCUfjZJWBTz2HHtiBa4kVhPMY9kncZEsmDOGf/vSnh9+88ML0zwEr/uOcxiVQOUZe+qx+PDKd+sAHVr7dkRoInbc+66K+i+VcvQLFWQJPI1x2C6vGgTnVoeW5BVqfMDqllY96n3nk4j3PmQhWXTOJeJyBNXFSWQcLHRQMh61oJ45kOoinQtHDlKPoM7CC6WHE5LHsKThl5YKizHTbBFwqrJIjHOcUxlLiVK7vLwgSNHsLIly6XVFBAktYA+HVVdoIWRp+wQGUj9ek8y0ob+gOwOD0xrkOarHCDDS9jx+nIQz47u/a2ejAnOt08KU0HDwJs+4YNlYD3oLIPfH447ILb0LweOSPfvijw+/8zre7W7AV10e+wdLZBLcBaoHmQ2lM4m5V+CdJp+cdklNPj1ZuI4EAbVOyBG3d/uLnvzj8p//rP3XV+nu/93s1RP79v/8Ppf/2O2+Xhvcv4G0synvnT6I6UYyBsDvDl8PoNZ4rafpt7oL5sqv8XZVtaDmR00XUg1t4vN/AIcuu9JOH1+pc8tqB4zvoJC6/clgo1EEehy54Rcpx8oBJr6d8SRlZzOAMdiPbOwSMhqahJT0y61MNl91HvhidvdN3bIDTTlaF9AlfVsoOF3mXuvpcuOiNgdG15NF15BgBqrCYW/yT3g43OfxoowQyAVqRP5SJ1Y4Gg3c/9ls06RNMG96BYF3q88+jYw89enjyqWcOF7w6Wb/JhNlzCHXptK37uHT7ymgSp+3Hz2Avyy2O62+9mfZ6t5OB8xEPPfxoz0iYtA1y6uoEtkeC1WdO7qdOof/Qw4+lzAPlM5yGT4Ok62c1rBgD77z9Zv8G+v60lXckONfgQK/tVWPOnO+YQXTamyzJQkrqVIHk23hcqzN6PK057qgTSwYnOQkdE3dq4tLi4difymvBDmTwpT4bB32ix01PnLdo2G/CMxlwZEwWR33MT2Wf+K7HcawFAFfCO69pXKMpp+yRd054eJ6gPgD3ZAnP7QEJnOvgbMpOjtu4T3uyx/vuixOWN9epF91mJJzUabtWOXJSjdE3GiJtDDJlt2FUzgo7/BVOQNqS9eaXlMD1ibcv48FfYPq7+BGWN37mvqYnf5cplI6XLLpukfj8L58//PRnP+sTTUDUMeB1+lvbrmTMdyOL+zO26zduN7n1RB+MSXTi/qz+ldfHPv/cwi7jVXjp6wjuzSLz7L3zqGLgrlyMcdBbBg5V35+0+UsDfaW3ODEal9rkN3gevnB4btWjDm81DFQy3irjTjoUmK5CyrjIXFv3wO9tl6npSk8Yrh6+aZb4bJ/pDAbAm7dG8dqIwaGpleVgitzLNGE1VBhKeuIL6BIcolO+pRNOZILloRMCXn2EZZHFMHiEs5oyifIcnsHrGO55f55Bv0ZO0kojXn7jGir8UjIMdSWZ+r700kuHRx95tAM+OYA3kTMCfvCDH8RwGONAPUwqxam+7USRaRUgDZ4J36T99ttvH/78z//88Kd/+qeH733ve7VIHWQ0ef7q17/uGYO/Sfqf/p//5+E/xAj4L//lezF6PsxA+vnhyRgi//P/638+/P7v/37PRPzkxz85/M3f/E0fq3zkkUeihE6RjwFzJxZpV6rcEmdFvNx0hHHy6nZS6lMnvj1XOR+h67TGdMOFJ8EWgT8yUXf37b1RLNHC6phkSUYtW14gh2CVnZzKb/Ro9ECH7gAgP3CFDJ7yLD+4BbdR1uSNe5XnOglt+TR9Ou6FdEYGwX1n7SJ4nbe/lR6jz0FTOkFPyNeKwq6ItPuzcqczHSyjhwxpg6U6loOQLe0hXxdtiy45ZTyPTLpevnKlt6jsApw7dyFGtlVocOn8ufovhQsXrvRWwlNPP3O4dOWBGObwTl5qPDIZEY6TH8dA2AcVuY4F2mABK9nbXElTP6+I9a4R7cU46CAYPui6ujCkta3HtLzL4ZHHnuhfSHv3gvbtIBuHpO3TD95/5/DuO9cPn9z44HDP53cir3lzpTyvtHYA17kGK3Dy1t7crLzUP37XKYFp/6VDuFePY35cwjN50QO6QROCU7nWedyIZ8qfRnG8ShfAT/xeQZMDRx+2A0tOnmroG/FivGtX8GSKfJEFrmNQEmY82vVYbtHipl7xdDrXmWCLpH50bPKKv3V0mfILLKni4PLb8ssFrnm5VuarmDJ4AovGsc8mPtvuiqRk6osnK+HuFAdm6jZ0Oh42f3YY4Ndn+LpNL06pzfbwNWn0rbSOmVNspzf+pfxdx1MpbZvC4L3Zk1s+W3ZgZpfPa/Jf70vqXnnl1bTf1E0zRhStPxTKqX/VPSi8bdUiw7XGwaVL0YXoAcMgEzpDoQuI9IH8RLNjdCuXupy774vDpXMOHcYI98ji2jVw+PB8+oR5eYyM6Y/7FqG2wcyZhy/e85zDCCMYlUpiuKKrnYbTieYWQSqasAammDoJRwQjw0FsqK1rL4EzeFa+uMNyDAkZrKaukJI/k28YDEw7SMB32b4pKqscHWg66Aiv3ai4NWyC+dH18dFrPuVzGAi+1akDJwUcWmNU2BFpnynO6WRfdLvToG2ybkNLT9hg3fEFjhTcslFcGloET8kh9BiKwycvv/zbrOoe7D1YnYIMdH7bTOGs/8yoPLeVz9UgSw7iJjnv4fYCjH/+z/95/5OB/GyrMhj8o+RvX34ltF4+vP7q6x10yUydwT3yyMOHbz377OHx9VfTf/gHf9DV5oc3Pjq+4/uxpNux2Lxs1xomramuy+Nr+yPcCo8Tn5DLhi1+XhiMMIh8xTdMdSN1mDpeL57t1K349y+6KWOIJNP5otdgfWnxpe9yTGm7n0xGm/7JFS868F5hQNh6LHhJ2wjxauPu3tTCHxxb57zMZO+qGdwcsPT+Bv2L4amtquvx+uc2NjuRoNF6q796uh+ZATNpcO162DW6nEn/6gMPHq5ee6jevfyHHkr7PvTY4amvfi1pD8eAOR+cKcd3iAkBLv14VS0p8+Eqo1N+3NTdSKlOBrWrMVC8vMl95fff//Dw8UcfHz7+9JPAWBHN7ULl9Q26yxg6awcrRrSzD1b60HfAKnK4GVgZHM/EiL7lSZD3eovBVun+gzfGhvNMD7hlloEQjUiwuHYbVkjYFQ/Oot91OLqJbO3YMNzUe+rapFVuUsejqVDj+XGVCl95kkdXIF6429bxe4zVnnTBRGCs2Len7Oid8CowXB5dUS6A0Cq/+1rIgR4ehCY+4RkDObLaL6Iqz2QVD2zjh+Muh84KFr9P6qP80A+8a2kbp+3AJRq8fS19YOmY1bMxkl676jvOahlX4TSWM57JiyvuIysj3/rGT3icdCn5RMea03hc+Rt3Oq7/nSyC8yWD5Gm/ki1wfhJpMK66kTzvNHDO4Je//FV1XZ/evMKjK49c5joYzCHa3ov2jPsZN0KELgwgucw5JjtnbuX500R/feBowPlYCYyD83YK0l8YCW452Dkw52sVPJtXZid/xpg+qcA/dOHwnBOQHGVQ+Z45yHUm8XsPN+9MQ03DWe0TSLKiL638ch2rQmwmysqolVHZTk4JT0fSMHBN5TTsHtB6kDEDRCNxHk/szgMBJs2qiKII1xUXPhatJBEtRtDnuRG1nyX2wKLrWgTLNXS6nDpHGb2cxb1O8ATrXufcYjhR1LlfM7gN3PisW8g8SugpBG/P8wSBjq6Agc8qy2uVnTtowySNRSgdkA7K2oTKPWoD4I9ihb7xxhud5H/nd36ntwqe/eY3+x8N3/zGXP3JkycWvv61r/f9BxTsn/6Tf3L44z/6ow4yHGX7ylNP9UyE1wVfz+T7fIyEf/pP/+mRl90ROL9VYPEmUbIly9N5cafTT1zip5O+nJ/oLt8JcQIdQMjj+ltvNawUKIeZavAFj/o1MeHiCNDGAX40pATaRvXC0n3p1kpzpZ/wwtG69DOuFns+UoqhPE+cvAZwJrP9VAOLvysfPMMbHHZprG7B0iUG0Ic3PixOK9+55xicu04GI59cud3fKoNjO01td59xq+DMGTsSF4IzupeJ1x8fWWu4vRAsKWtXwe7YSXmoTmo8TlplVDnhenxdEiZvdMLA1pe3xNNhr0V+9733Dx/lqg4cGai38z5Wg2ei384c3J/JsCbt6kZTf4ZSDAhjVMYfBoLaGxgNkvTDAU2PQjIyHuo/P6ZuNTKmbY/1Ca/SehgrH+MMjk4Mh8D1m7L9HT3IpfUbOVswdPBRoDzyBVKiPDdrcEtXPpHdfk0/loNXXn5ElxOXzyhwO9BOAmNhDo/tF14NTrAnOjBl6xtLagMTK8leT4htXsrr8qA3v5Oe+GrjOpcAobJptS+eLs+vPO286bRUeUwwThtx4u2DgXXljbd8YVL2OP8E9sSYGd5dd78FixV0IB7IuMKuqwAPRFocnAOB1uA8wi1XOeQ69JKv70uv9t7Tfwi2a+z2rUOIuy6IwLXrPf145BMkfjpWGPfp9R0GryeScrWjzQB2C+2mP2W79SmBxzBwazmGQQyAizEILto5cN4pi5T+30p4644B/CGMFhnO2BFfPow3GS8euXR4TqUxC4iVTfncDvgijXI7E7X3FWCUYJ2EDq99gZrXtG5BnLglGJWP66Qf4VVPwsoWNKZu3bmdyo+CGSCE0Wsa8Lj2u/CFdreZUlDZfd0OGxU03IEtHxIgSvQuNq1s5NUNfUXaXgspmXDFlHzy8USDRuqTFOgkTUO5zeB+KXpj5KRUwq3XEnjzMgg5eKhB33zjzXRs91y95MW/0b3flb4zCQZTPKpHV0y7LnH6p6Ct7CtXr/SWgJdpoNPbAZcvHx7N1auTvcnR/zUwDp7K5P/Vp7/aVaxXdjII7Azs1amK70ORX33mqzU4+NZnCyVOmFe3EU6+oa38dqfhC3fqeoRbUW5wDTLhY5nTQAnjky45Bd+VxuKjK/F2rKHde3dJt9LY/A6qXBOWV8N3wTdf4bijPiZsUKJzx3RIFkv0fgYeXjuvtk54w7huPZLXg4lZ2bZ/Re7I9hW/AXGYsdvfbe8vetuIgfBxDAV9o2dK8oEf7+SQyOCHCN2WTJ19mhZ+4KtseG25bisI2yNM/r52Io5vnfJZIpFUByUvw6qWTEonCRMeeVcGuTKO5aqTsztupVy4cC5p9/T1414K5t8mtYc/ufL0jG1zk901t0NSxq2L+xgvQQQvGvrPW2+9dnj7+hvpe59EHgxsTM7TQYx2dfAqaLszu707uQXPHW+ji/7YnZkF0GzvqyjZ9Zr6qRpem8Qn3LrJV98dbxH6kHDzRw8abNn8HPMnOj9xLTJ4inMlz7ix6Z1yAZBOjxhBxgrviXC13ezWg/4woAvZdjve684bGqfpHPW4YCOTtmSLgIViyo+8GliXCQw2dQKbII+OYBIG7jRd15FBdwiiO9somLaQfmIkND1pMBZf6rwNgfHBlnrUsN5xP6XjMte0ysqHaV2PIFLipkoNb7iJNLkXtPXFGpY7o3x90YO5/q7/hRdeiO76D4RmbhAiLl6EK5XwbdzVDhJa7/g+0ZHxYl50tHbvvzAOau8Y1QH3FMKF6MalC2cPV87HMHc7IYsSO2r3B58/kevbjxmTleGivXg2rt2Xyb08PH7l3ucYAQgpwDjwMgTC7mNXNz873LxD8FYUtjBM+BnMzqkABY5DIB+3DBCaBkW03aTKmqQ6siMAqxMvb5m0MKpcON0vNuLWpYKHr3gTb4eFvMQ1SC+9Nj8/Tasr9BHc1daKMDc0plGm0eLkUzThpBl3CJ6ze8AYqJEQvvs//smfe0jzxECFHWRbqTde+erivhE8v/rV830NJjom7Hfefvvw2KOPdduf1Q2eXBWnHAYyuCkL2k6n94mH1147/OxnP+3BNu9DsNpU/vSKX1nv3vcIJSX+q//8V1W2hx72//3hJ2H8zkr2Yo0JFiZaNVBUot+pDL7gxjue0NhOWgUdJ32Ub+Ca3ot2u7scNyADP27yZ9KeA5IOo+kgeFNgBn7MxcOrwVyXpzdJ6PQ4HWIseh9l5INrZ1z06ftS2ep9y5UXebYy12E3bdz0aavSbjyu9AcnOFcydRrdbSZPMKClHpVzOrYdhksZ5OmRVYI/0frAa4XTF6Vpn40bHVXGa3moQbk7Gtqtnki5OzmYqCy+4EpY+U4CGz4OyJccGU97yRx4bq5De3Kn8Oi/BH3J4On+uT+PmadjnMH46MZHPWRqwvZ4ox2DK9FRb0a8N4PUkurIOqg8eXD7zq3D66+93D93uvXpx1057cmhTzQE0GHPTz651ac2DIaMDxzTfe/IqNEVfhhsu230gbbXqiedG5c46jsa12Dypw/kQ9j8xHo9XpI+2eTcgiKNN0MK9MtPinxyq+QmJW00hJVLC5Z/h8n8QdXcm6ZXDEmTC73e9+1bqvSLoGSLv3w0KW7nDZ/Tp3xHHpPX31UukaSf/vjuC96b5nel18GhLi7N4zPe5YpXY9f0icnjGHPaZ8enzMCDlUweM0EfK9T+MnHpkw9u3maZQmSQeJmab90q0U9pLRkGSfOSMvE4/W9/2hf1g9UP7Ro4hGiXlzF8QgGOxEp6eGjOKV7bDvkcS+CXrk7JgmIdDi8J9L4COwaeSriSMcRrkS/GQNhzuvnaWG4MIgPGu35FV/YuPsO8O2ihdeYr1+5/jjVSOS2irXoK8iYoj02bH+TgzQ5oB6oOhKsCBFTBpAPHmFj9bQaIyElF/Psa4mp0p42tcyUv8TZ0/GnjoOxwKTuTQwKnfAVIGTR4hDPJ+UmBo+JP8TpZnsaYSVZKeNtKis9JmgKhJ0jgtvApWQ9qJpVlywLU8PexyCKLUdI5FzAKqmIQxeericG4T2jl6JaCswfPx0CgONffeqcvuHj6aS9KulJYDJSnYTFu1VXjhV8rJGcFHnzowcO7MQyef/5XPZDoENqDGWTxYDVqy7Z1T73VBbxB5H//3//3g0cavazHTkPJ4DV1Vzev7OQ6OSbthI8T1/R8Z4LSiaeTc4PvpBDpTfuMU7bllzvC5zuT+Ilewavu7tf5o6o+577LxPWwYa5NCxxXHWiIyhkUBq/72u28m4ZPdWLpsgKbz1zQxqZBCw3bbjqXct21KJzflIbf4JCPTtf6rir2MbvIX+dzdTvBgK5dSiO+eFOE4eCx164S0n6zk+AFSvf0/Rf4VmfwGz838txyLmfrKi2wK3ySt8vM1YfTnnVNc22sbkgkf4PIPFW2+fH68RgIaI+BiS+7CM4hWO0arLz3wVMNH7z/QXTbIUn/pxAd137dNSDpfFLXGoWfO5D43nErtS9wiZ9HN2OAxLj1EqXbiXs1rVuC58/bWj0bOX92eOmlF9JfvNKZgWAVPoe9sL2lsmUijvZpN7JdbstA/VvhFZ7ktungJXtuYLjiOVWeG1rTl1bSwJ8qs/3ATIZ62HWxo7DfuGhckm3yrO4m0rKn8Ehrn63fhCa9Xlrg9ljPK7ev8M/PuPIju8USyHVwzWQpiSyAHWnwyWu/KQ9Df9yEjUFz5kDBwTPBfMJ7Iw03ZfKatt3Um9PfIGh++Uk46XDCsSFddxnuKLPiX2VXWg2ElUeWHEP2zTfeOPz0pz/pIcS/w1PhlZuxh5N7nJMCu+E7z+WzDZuZY5RXdwvBOUtwMeO9JxLoulsK3m/QlxCmnHFHfxMu1uJJvwxei1203LLei8EzX7l6X1+ChIdWMkTpAfao834meqzyELrffS9WCKQDl3m5imXQHSUzqc5th+KLP4PJTJwqSXQs2tsxDu67L/lqVkEQ6AwqRbwuVcwVr3XJo9cygCl9QBYYIYZQ4TUWEOl0ou9uCGDVIYknDWECanAjaYOztqpL4Cnv5i3+1m1/BORvNj9PPc52F8FqCG8OHJrEp+TIhVL23lEsYFuaGPZHS+6LXrx0oQcLnRHgpi0QnomxuEJTWU7HH4U59PaClyR5JwKj5S//8i96WtvjbCTQt2qFd7c+GAva7tq1B3rL4fvf//7h+3/7t510H3EILIaLjmhwcX+4soo/OQQzl+0mv4F20opnlZmMv8cBqjhPIRPPpeW0b3xLLxyFTJD8GEJ3spImk8LHtUMqo72SNoPhDHrqS+HFtYZ8/qTjrc4StwcndOUf65Hk6tzmOfpisOLob1e2ge9AFddO2Amx0fSlMUo3XXBgyNVgfsWW+uYxBqmr9ndOBQ+MA/cYrT4c6mO4uefceid/y22kgefRf44s9V8g4ArqExplLz/im1kwVK/9a6X1N+nlPR9ymHqc9MPKO9cEAOeSdmj6JJm88OHgZEDLv90C9Xfg2BMN/mfk409vHi4/8GCqoI+E75Rtn4qsvrgn8gn/8+hiVmJffHZ45OGH2288leF2xc2sZhhdDz/0cAfEeSz5VvqBXYI7h7euvxFa3jHxaYyGCzWwGS9n+k6F8LvkE0lVFpXtcjsObjuhXe+70htPQJleTvDA79PCcYN3Jommr4wpud1KA6t5S3Pi+kJ3cpOhHRg85GoXkNzmJUPORqXI0mHsbB6HPj/h/B5h6OE2nk/7gdnh5VZw55dFNHwWv+tn4kcXeHCFXXHl86lxE5571uyob1PeDnT/Rjx90W7sHFbU96cvVMchLD8NtD710uKPdfIZspMe+EkVzXXJYHgMLhnyePxIy7fyCpyXFf30pz/rbV/niNpXlxs66C2cia7eGHeCeOiKDO6pzNBo+STy3TXI/NMXHV1YjyyejU7A4ZOrxcmMjSNTY5YxauRqnJxbeoEqjTOPXvgixsEQ7BZVFMkghj2vYdQQXRul9jOYWUGnMF4jeIQLA1ZDrfr3MQunI6O0W7lQwYjGYxyY5+7zmsY1yBP67eBok6iNb64zMaI0stnKUXeEGz9JU37DIyxs5V+FqHnCCU+hDbfdViCwhF+ZBDTsndCOE/RWRVvABj5uDIpZDarv0QXBxls2UtjErRM/89VnMkhd7ZaziWNoByTh0szP1GnkVLkEBn3tgKaXyjAw7Aq8/Nvf9gkIK6q+/z/0DMZWocJwuAXxnd/7Tgbk61Vih2YYBQ8//FBp73ZBZxslXDtBHF42n0fFBx+vHLd5vcu17tpw8NQtELBTp/yewlHIRHUmf+378Y0Pq+D0asPcRSfBvaVooiAj50NATFvOIJqfArds/OjW0Ns89FP4pGmM5s2tJAYaGey2L93EyQ7MElXShkZxJnEs9sgtfUHZOYWegTxGNF3quzTQTjk7O1bDPacQ+p4q8QSK++v6bF+3C2uqE26Kt4zUoxaa6b9BtZLU21AUmWUmHKjJAlNRJDyGzshju4bjj0mifuonfwyHSakXZigEX/+XobIaQowC5y1qIF250sHeY8QPP/JYwNymNMA5sDhPYpCJMWNP9P5h1W6AN4Fee/DBGOjnK58bNz6uXBgOnhh5/713k/5+jfkx6OeW5rVrD6XfeFNja199Uof64fL4OywP71O/yE8iwOUqu/mZUn5WfuOcwsfMgrZMS6z0ATnpSwN5ypU/iCcfEvpM9sOjxVn6fiYKemVHoY9Bplx32ZYej1OmKOJOUQosyruPcVNnbuvyck1MfCclvvsEfo5YExAu777gj5mreNOmzjOnJGHBTNuM7krfhsPck+fvpI70dlEpfLEu5MnRX9tnwcSjdfSietEQFJ+A+gxsETU4ZerQWQSkMeR/mzHY4+VvvPnG6G/6ekEWnspll4+b8vLyTUc031qQ43XAkr/qNrcIJn3eFJpxIgbB5Yz1lzOGXzx/bh3aDZ3k+eAfhc6/kVUXI4nrl2i4PVVaSzfOPHz+i+cEEOnz2mGYMDvYB4hcgcqHnIdU6t6q2oYB2BFrCKVSPGclqjP21HTjGai7yxAjItZNVwRJx7BbGO22CK5rGU4QDLevqO2xMCAtAo7Q25Dt8KP4BOkwBjh8QtKGyeCz41P6xPVdD8mYlSHYwbXBWjxeR/N8toGKPPBrcgBY3MWS30QoCaeu4ORvBSFzSn6XO0VQvUbRyfoEV/kYClUmf9v85JNfKcxvfv2rvrug26oZKNBUAEbtYsBgUMD94gsv9jYHftyaYEzAoX6uLTWsDB+nw9yqx2knpTT/HrdKlV6vPoJ+0Mv16INjlPieGlRe+PFpVprV1xQx6G1YWjb6KBQj6OqVYr+VlWL5CUwDXK7tZHzlmzaAsWWHlXbiwgQ//bYjkFD7SICKys+iN5F4wVyP+U0In8FDJtNvTHj0y8rPeQS3E2ZLmI4wotVDx53/aph/8bOF7r65x2zh8W6AeeoAPbRLfOgaUFwtb9K7ojnxeNemqU8zZSd/+2H+JNpIvpErWRfhSq+cs3rbejBlpCWiPUaISRzPUEB54EY/LEoYSBcvXj5cunwlcvBMv6eopsPqg/OEx9bbeVxLm7p1YCcgUD1v88mnt/qY7+cZTJzfeODq5cPN9M0bN8B9FDwOQs9KySOTly5eCd77Im99N20bGif1E4mEEF5hrhNWvlvnTsOJNk14pY1bFY5renWu0aGlSD/LnYJtKPFN74TOFD3RO2muI39h4yv9IZuOS8mo7tadwO3yXPE1fccVAzvwJ/kD0HR9bqcX1/B50v+TsVxDK9pSC6+0Tv47Htf+Ak/6CYDp27Pwmkl3dg7oeQ2F+D0Z2y3pTkJg6VzxLV/0TVryPULkummLYSTf9v9VXxfx5sVtXjm07fD97Gc/6RNo/mZemrGr8C0743B9XH8T7lizPnS+5wMKE92ULz1lt2EATftCjGWGwQPeg1DDwP8kzC3xvgZgyBzpleGE25dzpRd7wULONT4euXB4LjwnIUR6JaAR9EjExeoGU9NITYc0ntBZ+tzMhxTYYKaTBZOOmMYBky59uHO4rwccbyUOxdn7U93A26XoWYWUcb+xL2CCLr60g7wKk/gi3cbh/J6NkLYKziotg2+gwXM1DoKjJVIfdVVylJBPsjgFxIN6hq/K5t7mKFCnqEbhC7Y8pbQ6dRiKMnQbNXUxEBnQNCy8OiaaGhlWSj6D1Vi0pa1+yWs9wxNFkaJTjBOekFruzu4Am9W/SeSxxx7rJO/Q169+9es+9mhXQb7tI+2CR4rhSYcHH5zXOf/y+V92IHEoET94u7uTo467uMWEFSj5dkUmKZ6S7TY6MrvcdDK6MlflOgiERjtS6jt1P12e/jlHcX+3g73Ux9kKr6LuDk3y3NZJoW6n3n/27MHz9e5tewW1tnFbwk6PiciZDW02W7K2rKctyHM6cVusPDQaDvDHV+aRi0dtnX/oYJSVrAFSGTpou/MeulN95Iuy+X5boyQUZ3iftv2iBp426stOSnsGNzo8dXePPPwm3a0i2+YebULTCXb0Ko/lyr8BsnVIm6SivC3FSQs/uR7715Sqly8BTLpDUzfszlTnVajplWl40M8Yu92xW3kcuSkwuAY+kq2/7/7zqYNXhRsDGITawu6dXP1X/1CHJASHJ4gMjh9/eqMGgX9B/fSTW2mPANwT+vlcvHT+cP7iuS5EvF1RHhxoPfrok6V375mz4Uv9p73g5iPy4BHWB/BCv0s8Dtz2cK7gcg02cS5kqKiWn3F0nLSNsS552qx9Old5+Bok9CoxvAz0uAEq3u74BAaF3Wbag8FJ7+2o0DE5zn5tPGiWhpSVKFZNKjJoV94uFLfLNa9tWY1KfMa56vUqz1Vf4qacBN/+NF4jo+VmXCteGYvG6ER8rpWF7Hiw0w+nPzKuGQb0bcqNATvzwxRqdc0UaVdzQiddKaUbD3FJD33hwac/Dj9b10Oh45aD/C++9OLhJz/7aZ9UwAc449OSzOCDO274EVq0fHI1JvTWqfFGm8bZPdSOHR/bMl7hfu/hctr1wSyCrl2+dLiURZ03JJ5N2fszrvVWAVzB0zkpYU2AehclyZe+DRM0GZRnHjl/eC54OthA2G2IxWgrlKtB3y7Aybb8WEd70kCoBnfwLBl0e1TePa2UhjwcbmdAuvnZvfExFgIIlacebIm0UHxEHcWn4LhHP8mJz+DZpqpyjBCb2WFl3gqlcePDr0yNUtCENYCGL4UkbEOh96zCG7xoAz5a9FEgrNUPe3XNSngG9USm8HJzUNCKzv1/Dj/tjKGlkSuX+F2fHXatU+96l/xUPpOnRKAnnLzZHp3dHJPej3/8o+Z5vIkMvSXviSef7Mtgfvazn8f/LHK5c7h6Zf6+mWVNNixMxoF7t/4x0t88e2rC0xNktV15jq/Bhi2fCMNVjGvekqHJ2WCL49Zl5asJL9j2BbNw65jKb3ynaVZGoecxNwaCrWQHLHswM2Hv7H/k0Ud7m8YZCs4OyKOph3uAzit4RbT3OlilXnngao25j+P3Kr28l74mm9tpwznaw++01bSFTmqwYGwZmAqZ7P5zZ2GblLh0eKduG48PV2Mi11rtSdc+87rUuW1wx38JGJSSzwiQD7e+6P65cya9j+7Rpe76hOZSbnWauPrMAOHvkZsOgD/Fj5rhsRZT/QLpZ2XpXJKDGB+7j87/OtwcvUmc8aRwB++WWfDFtdo5hsDsyOiXPCrStcfoE77BjVHDMPrk8Oprv+2kf+nyherZhx/cSP+jP1mIRJ63b3t19e3IbF5H3H756e2MV/Tnct8O6V8t55HP0FP/hkMqfE+96N9MOAbjGcxHP/DZz6pGvpWBWgrjn99tzR1/Kz5634RTLgkbdl3rEgaq7v6Fz/WIFw0gy+9BbZfuNT8mAfrE+HRuZfoZcJPoCSPV65ZPqEjVMbASpRfhwJcHyIVXfEJwjBcdKPVVDr/5gAXKQZ08aepWUsobN12XH7JDY+LlNuHUIfWQ3V2FtB+/y58YB4NXWyaQ7+hn+108lipjMhwyU8cWTDw/YEzKwvTBXEH/hL0n5ue/+Pnhty//trubu2U6rghyLSMwdOtWf5KujP5kN3/G3+SlsLNsDg3C0/pkQeKswSMZux/OIslTCueT75HG8xkjz2biZ0wMHi8/Wn/Z36qFRsJ2lXqQXt3L1+wknHns8uE5W3om/1H6ctyroI5yb5CfizJB1C0arKvoQlShpCJVrnxNNBiBw9uaDOq9lxiGbsb7nwZiMKF753ONgzBKNs4cBKQds+3HlQ+CpQTJa4NOFtyMlrOB8VpITwOgD2C2mhZcAntXRFtMw3rXwuAq2Orw40oJ6ZRbWbnqKNLwos5bXpsOfeLU9+MohvubM2HMBFy+Vv0ZQcfiiwdK2UgzyGKHJ6/5hZyy09CDr29Mi5z+43/8j504Hnro4dR1BmwH20yOP/nJzw8vxap94YXfHB689uDh8SeeqJLhSV2swp999tmuMBwW886ELw8cnNi0w3j83InRgT884c2fCpmolCer7ehPf1NuysyEzLnSs048RbsHE8ElrFwF1bHReCf4TYjOS3g0k7L7z3O3WNTJffxXX32t5zqe/da3qp/OaDB+rkUODAB17GqDLPAR33qXXnw+HWjyaSyEh0Xh8B/YvUoZnpvb/Fkdg116nGiNpI0E7pabyadyCGz/p2EZCD1zEEj3M8mUbA3y5G3ngBz8jwMDyMGsi8nr7YkYaHAPn1MH9WKwbjZd1AlP0sDvNpv6cslrXP6CCZ/luzqSuufq8NWbb77RPDtV8u3YdJViXMgHT9oe4tJBAFI04NuEwk8wV48LVHkZvA6h88Hh7etv9naBAf6xxx6Pvj6eOp+r4XP58tUOfLZ1+7jkrTuH27foOsRnkv9Azzbcd9+58D71KT11aZ/Fm9rrk9OxO0bm0/zAT1vhCc5TTn3ipBZvHNlv15V/06Wt9FxmRTvoivekSIMbXxdm0oKz12Ts9uU2Te4k3Vg5em1lqL84gLz7UVfbaafZZQqNGkN4HXwbt1/oh8YpOvFHA34lgNm+AJKTT6oTnzz6uPtO+13aoDDLCXc8Fz72paUr4HItVvF4Tn26iA0u+fAXb8I7ffzUjX5uo4+DV/rUh5z13cnbEzpcxR+n/Ccffdx/0n3+l788vP/e+wEg8xmjjTnlLDiOcvKl28kggxlHkrjqwDBAq3pH15KvmLbxpl543UZ45KFrh4cyxts16D8uMhAYBZ3bXcdI0ObiCOv/ng6a/w9aj+DnO7sJjINL9/QlSNJHqMNUnQpgXGMlr89CUsowiKjrHvQg3Y2mceXRbbsRBFHjIMKtT4WQYhyc8xRDJ5Okf5ZVh0ons41cbNgY/lSujaGw9Hi4tZP/qe6fNBU2atJGXx1ow2psdANvZaZJS6tXNadei16uUtSBD3uDxEW8V7RCMzFpTS2e4A8RjemPbz7+5KNu/+6td/KhnHRAuH/dnGvLLn7KQZCq6rQLAqvuysmTIiqcun4aGgZjr6z9i7/8y26zMgBM9GD8J4FzBV99+qk+4eC/FDxD33cjUJrKF09nDs8887WuyDuRBLf25oaXocktdsp/lS4CZkCSCwWzGj8O/uDb9uW819Gje9Yp47HsZ1AigRRadLjKO9fp0LPqNWAoQ0+VgwOUjrENKbx8FFm8/vrrnUy93OlyDAMdghAZI07K23kgC08GMBLQq2EX/Ghpz80NmnzTowEnLjDlefLFe1kOL1t2x2vLrHi+2nZuI6kr/u/J6vj+rnynjdIPK6PocuSnTtrd4GcSRnu/ZZFBYfeBvNou4ReN8jbkcx0GG8XD4ldwR/qrTCtDR0cXB2Rgdn20O0PUezyk4Q+f2qr9LPD0alZqDJTBO/JyhWzw8W3TXNPsSR5jJAgO7757/fD222+0r1lMXLt6LW34cHeEnn76mRiMV2v4ddCOgeApD2c1epbhC0+CPFx471PAl/qApUdj5GqD6FdwG4h7UDR++J6xZvR94Mv00W09UKOTHHCR3KojmBPdAS55fqfdBUfad7uOF8ku3iDbsts0OaHT+sYZ6/Fb/c6H8TTeQXR1Hx2CT7kjT1AM08d0bnCviHx5gpPQ37oFsl0nuXz05d7KSwNIU6/WJfDy76pP06adJiFecMBLf3RDcMaFJi8a+lLHjuSNLu746PHUyw7V8AGR/rLri58htOSfJkeDL9/Bb4z91fPPH159+dUekISLjgvDgyWtOXPu4Cv+Yj2hsz+d31Y/EfctTeNS2tGcdynj+9UsiK5l3Hfu4OI5/ydyareg7es/fM718K9xGr/991IGArkvPVFfBrxx48zD5w/PmWb2Sn+4HYVVEdMr/9HHXvxzp4UI0KDf9yMs4U6DqPYUVPl8Y5+LRuECe+fzTAJ8rPoU66Tunc8OTzhMxfi4GRrz/9XjsNLBMkzPilKj64jltIOoeysXPRIpPWWnEWKMeLVjEJUPPrj4PhctkLSs00qLegzWcbXSAjKvm1yNQ3ilGuiFF18nHdC2z2wBMXTwMNC2hOflSVWk0N9uaPNT52RPwsI3aX5XXlLkyC/uJPaTayeOyMdEb7XsEZrfvvRS0719zqub7Rh869vfPvyLf/EvOkn++Mc/6Tu/rbScau7relNX9XWP/vSqoi50pq5YCA8JtgPlc8dKMEKp/POBxyp3GB7XuqxywvCixZlAOol04hgre9PiGjoVB4DG3r7eHYmid0swafDBjw8H18jmsdT7iCtf9PbjuddiEJGLLVe3adDvu95tPbbui4X6tSpI+gwwS0+T3nYJ3u3QkDYyAzf6lKTgSTq5xeMBjm0U2G2Cb8Pa5bMzwuCr/Nago5yzFSZihoD6GuQZRQZD8jQ46DvdGdGxUk49ulAJG5vn6n7yDJxNW76DqXBrpE4G9TUIw9H82TliDHv65YEHrpYXXrvgo30mn42ntAVWPXttNNfVT5XRvUcOofP5nb7r4L333gm/Y2i4debJA6+Jdtvg7FmP8bl9cD6GwpXS+DjjmGa57/5zMX4f6e7B/CFVZF662mbVvysz71Hw+OXNw1tvvt6dCunoGRfAzoTPhdfl8M+R1tTmblc694wOnLgliSQtkY68RVZiof0gNUSbj4fTdBoObvVwHZgpgOa0xfRzsq2RGTnRN7cax8gssO9gxhPZxEtp+8hs7rQ9EkNldGUK5Qs2H/LAB5ryBrbYFu6ZZJXBIwh4C1OdbXBcwI514hMuaJkYOoBqAMRb2BpvLFTnlsPit0MFODSGB+WUNraJT13lDy28ceJkLO6AsAPgjAPv7BjIuHQwfRLG4QjenTc4mtbfBjLvpG1Kd2C1U3lLpnT/nGwsuJjxzK2EB65cPjyYMd+BxAsec86YbwfNuSsvQTIH1EhIf8ArWe7H7Tc/81p+5xliUKTMmUcuHp7rgLoanCCm4hRqbgHs1TzmCJLi+GvVCrZeo0zFTJrgbPV7BMmkbJsK/K0YBrcyxnpSgQCQPHf/PNkArz+e8T8OMOGGI5zyBDgZY6VPJ5HnjITdhwvqkDSwBGlw3TxO+vItE0EnQEmipqkbI2EaCDynocAG7dqRgGUpPJzJq8L0c+IU18GKf9clRUdGn3eF2oEyjTuHSvKRF0B4KuOFpxUU3kzFNXwqvYZS4uptcqbMGthK0mNc5PDrKOwbsWgN2G+9db33270m2XPgXpWMF/+l4IVIXk1LMfpIa+VoIhl6m7ft0B+LPJ5hl3pZset4YLUVK1X+aQdb66izyttIgw//vXUlvOhK/7LbOCr9fI/wC7R6UFwM0c+7fartbtz4qGcRzqRjDF/0RUfxJjGH+QyY90V+V3pL4vKly1l1euf/2gYPgWFrOunxXQaL9w62x/4zHMpfbFXPRehH0awcZfAsrW2adDqPt1Zr1Y9xzmAzkOv0YGbA004xHs7NoTOrdwOSA5p2hxxUVd8ZANYuEMUvwQkPv+LSF/+5Dp8nDlT5EUFUPOUdBrRCRxtP/k6crpGlMePjT7wDfk2sS/7gdjtveq787mvNLdHV23y722GVe7N1pH/aUpUMip6I0A+Cqf3Rrgvj3B9bwXtf2vqhGAfnL1wOspRDwzV5Wg/BGx9+EPj3Uj7pd24d/Askzyjx1AO2a7xpI6VOT/aLaVzupBqBK4gWHVBFrnWeUHxquQBHF05wFiaZTcmPK5pzpY9LfpMt0W/TOJAhW12rniZ59xV6ZQIB2YUfPPHwK97+UjSDU2ShjTO5HiN1xrvN1y7R8vGL4/LrCo/Q8H6Cp/Glm00/yWra7OxNWY1feQFrOeOI8WnKVt+aNuGmR292WP8W7riU9I5NQVz5Lk9W0trDc930LP7efOvNw49/9KO+sVZ86MzWfyItX/aV19chKK6RBqeMZGPyzMvoTW7bLZ5R6l8V3U64sN5rcC197MEY4peyOLDYNqee7d88O7zsHxjHENDmqWr56DyFp9B0nsfupPEB7bMxMM48efXeGAeAEA6TqIdVwrJTcDud1zkAHQ3cvJ8gHaiDVia3IObWpZVk9fReSXA5c8Dpu58FnoFwux15VvPnz84WMKhPP81qZ2RdfqT1uiNxtcACIKqBzmTV4NbFeYIs/8NXdzZCZ7Vlr/XKBBaSObCYwbXMl1CuE3SvsQ2hDik4xtN0ECFRfJ1irUp8CkVhuI3elQI6qOje8O1MODLwUzm28O7ciSvHtfxCthNlBw4/dckXB9UBLjzbIjcRuvobW8/d2hr9ypNP9lFHSKw0/TMj777sD374g8J99NHHMR4e7HsXWueFf/up+4l/N2X/7M/+7PDAtau9R77huSo4t8sn6PCdwzr/55/+X20nL4JKociQ3MiDIpx0qNJ0XWF1nLyhQTfJf9M6PdmB4xg9Dr1dCH8mSBOIdgXW0/vpQB0cWsZguZ6/v3yp5d2P5Yo7cGMEbBc57N8yKY3xJ1iM9cp20luuqcGDb77wzT9pW/zTe3H8bljGASPBf7OH/Rjy3qT4aeAPbVeHFsHTOf8u6kVXdoOUVf9OJD6ht2VVhuLa5gKb1SXD007KLmfgMfF/+OGHhxsf3cgkc3/06f20y7zkiSwNQM5GzEuJPutkNO0wONpOiycyanq+ow9gtJX0hlL+/sOly3CfrcHN8P7wwxsJM0DsQs3BLbs+Bun3o6Mf3rjRMYIB4bxBn4zoAce0XNKtPtHzuOM7MQRefcWhso8yVtE3tOdP2D5OHRgIDJMUi0F0Nozu3Vc87/qoQ2tU/vf4qjbbtU4TkOXbsj6SuIlXHAk3KQ6vSZdQwOYWnyCsI7dxgzHOOOXTYlNfOODSjnbXGFPVEZULHvqw9bGYFM5VecGTuWDim2z5ju/jq3hq+uiwK6fc5OF4CusniaC08IPFh9shXPpEJ/6Z7KeMMWPDDm+Dc66n67Dz+mKoNVboJ+PNcXdqeATdyJhuuBZzygdPKPSjLsq/ff2twy+f/8XhoxsflmdjXADzZQDrI6lzrvDMrsDIpn+CVLwwD/5jnnltyUo76c/+NdEhxG0gXMwYcOm83YMrhyuXLmY8sLhzG2GuM3dnsRc8xjh1Mr7eY8wkh9R/jJHJc5vNzumZxy/f89ywNFuwct0CcOL49u0IL3EeMgJhNITnY+XAu7JCEIIDER2pL0xKXgfEVM5/xXuEcT/6mOzDhXPuiWSVk6RackHZwTNfsnTKuErL61jhg6gYFqJwnE3En0okGrpJCCyrz20KiZKUxee+IoAmpUX3qPjJgpth06c3grdPcFSIM2DKd9Xvqzj5VDGlLT62ozxH+isNPVvWBhmDtdWTA5+qTfnHUT34KPlSRPIPUGkGKdz9lrfAJo2vxasEhHFuKXis0eE7BV57/fXievChh6pAlM+resFYPb/44kuHF3796wyO73aguPbgtSWzqR9+f/zjHx/+5nvf699D2zF44OoDhz//8z+v9exA4x70+WPZJYEtB3k//8UvDn/5F38ZOmcPj4a+ztBtxJZRzw09jsy3k3cXxuah2dix/tuRjS15txCUPNGF5pZkca409XTq3iOFznE4v2HQhFednXyfjjukW1flIlukxckBrZ6HqDGqHyUTrcDOVuxsxXeQUTa9ZfpQGTqhEXzCswqYQUNd3A46f+Hc6oPRkdDiGOg9tJiBQ92tZjyZ8UEmcJNaH4m0W5IPXRr+p69Vz/CjInEjkembs0qPk0deEyu8XQNGHyOB3OxgOQvDKLCjwTNS6I8/RaohmbKl0rrO7khpk5Oc9NHkVB7TVy0QUscUJDeHUR0udWvyww8/av3skt357Hb6cRYPZ71Y6mYPLn708RgPFy5dPvjb6vvuJ5szwcVHpvH6/mcp+3Fg33337cOND99P+IPg/yL8n21/ohvOdTAQGCZu6dx7j7ZuNcor3slLsONDrjU8ln4wSMmd2zpX13DqvPSTnz6fdLhS2IHGgvaXI6MVWnCNCy+3khdFV0zMONHSC7Z6k3ZiYNKtvZvQJ48Com1gKr4WmXKb1502+fAvnpfnTtJO8o5uxX3wNTgmjTx7XWN2dSTf2mBkrHg8FpQ/7TaOv+snD755L4KFZfoqPS8K9M070xcr3xiJ9JCu0FmPNFuAMUDpOqR4qDGTAEOhi3DlyS/5s3KPDpt3UUlk19UVvP4Ekf5rrDbxS7egZhhcusgwSFsl/XLG8KvR6/Pp0/OQQQzyTPRufUaB2q6Mv5Fb5hR8rbpW9zOm4M2OQ42Dh8598RwB26rAwAjCCpe13TJlzoUgEqwwhFPjVZFReg5yiqy1ZuJcQg8uuwJuG9jOhzALnngWfpiPG+udsCfdhNFbAPDKJ+hc3dY/ex+La/gyTXbCRg/tuA7sIdh6g8NzgAhqYLS6qwGHsBIKMkYP769g+4YpdTaAEwa2UxbNPUkRQyk2np/Ig/yEfTiyMumNfLnJ6RmLrPQ+iZFgN8FEbDIZ2VslKhPoDoZjGJTP4FGfYipJNMfrNJV/8xgVZDorxStXrh6eeMK/Pl6Mhft839711a8+0wNrcFrtPfHkE4dvf/t3Kr8f/ugnh1defbmrU4cTyc1jjv/v/+V/Ofz13/zN4cWXfnt44YUXDz/5yY8PP/zhDw+vv/FGV4WMDoYGfqxu4arMh624pTNpCyfM8fL9732/fyn9+ONPFGLqP7zXpZ6tSwqSHvkV3bGuBZDQ+EqedNf+aq/dBicO3gAew+3sZC8hydt6txK3C/NQ+GQszD/gnaw4EPXBHXgTfLc94/ZkvwcfbQRuJroZBDvxarMQVp4rb2DB5Dp6NJXbHVyaLcH+O18GdGck0DEQGEi0KyNBWJ43K9K5d9OWdm081dHbP+GrUoAz9NsvpIS29MqyAImX5wbr6J1s25IMAgOZQ6bqwzhxvZHJVJvT9Zd++1J3sMCSRSfRJWf/iUCeBqvKDaVFR33Vf64rLZ/7M5i5feFfSdXJQG3Fb4J3JoEhVMMTn4H3t9UPPfRY+HW7iXz5kFHnDOThKH3G7ozx6Z7DezESPvzg/b63RT/dOxYzsPpH02s1EEojMp6JKggXjyPBRUOQ35nbNboAEsZrXeIr1PSp/+CSYSwSp9s7r4D9VaDBu9OFT8GWQhFOH6E7xgx1ZeTREWHGKDBjC2fcgKO6Ut2dNuwqedAtGuPoDdg6LGzm4sCVm/Wz48pU97jSXvLY6S2QVl3hE4xxqxi38Zz2TV9AdJThpk2rf9HVjqVJYyiAKqlenXOxCL1TY9eL5vw/iH737W99K7r1YIyEj4Nj4IOkYwE9N76Y3PVFSN1yM9fBv3nqPLiIVabpB2RvPDUnmh/dTmAYXIzB6l8Xu4tgxzC45tDhGNmVY3x3DvSv0ENH2NzfhwwSNk7ob/7bpC/MevyyA4mHdp6NgLWisA5y//0GSVbOHIbaByXW3DTETZet2TIqUvb4XoTiqXwPt8LIPMpoIPDoIXotHXrKZrUfxsETnh0F4U6OQSDMMPDO6HPBfz8DJGl4MYlTSGzsBu6LUPId3qeh9y0Ccm/NCjvsJ6u4eI+DoOGJCvVPpUpfOVdOp4RzK3EbM2nS1SffoVOaGilpBJGrcNEmaqdmr0D0OcYSeHUAT95HoitAkQ0eaO+0tlmClGkmNANIEMbpkCx/twm8B8D7DKx8/vRP//Tw8m9fPlxcqy+dgCX77LPf7EToD0MYETqKlT34X/zi+dLCo0cDrSw+Xvea7Yg8HgPEH0ipP0WcuocxCXydiTBy9ia85P8kNBygxJdDbHvnYeoHnPyFd1duqxTfTqnbQekaQW6vKUGOS1acEPy7ExLetOW6duCbdg23laF09/D8/XBv2zz8SA8wMrjkd7JI+b6meukZ6t2+VIfw0AlEuyTeQTWC8NmTAVnPdZVf/G85+igL8XA+eDz77g2L+NK5tQWdah1T1krQ5KnP2bEyAFrlW2k7A2C1iBad048RH/xxi944gSX//LZM9QzM8GLitJsEDn6D1XmvNv7gg96TZVh985vfKAYw+q5+i6eestZpg8+tzdZy00jnmrbBGWMpsko7kZ0Jzb85mqQZch4jNnB7dbLbafT7AU/vZPC7cvXBw8UYE31UO/SOu5kxCKbffNbx5/x5j8Se67km4yFjwy0a8iRLO0n6zqXLV1snPHqiYYx+5xLGoLN1bKQb42TJL5ck120Z0rNmy2sd4/Zl1Xv8FISjsKc+LV83BZsWrwcNnQEZ/PG+MY5G34evrYtti6Ub+6+hx9Ay8ZB9gODD+2Kml8XE0NNm6DVpwf1dNzADtA0dsJuXcerhF79gByY/CU+f2tCbNqkePysNv7u/8u2HKy9g7Z9arOXBHWFdGa/RgeiKdOOWXVNPQ5lg/+kf/bPDM888k7Fh3jJ79WpW89EhY0LPCYXv7iiEx70LQO+NDWhxI4voYnRn2nr0CP6eJ4g+Ol/gNsKF0DiX/tIXpAnzdgSVrxxbkxoV9NaYvBclU7c50Gsc79mrtLX+25cgEUZP78dtgVlFDPNR7HQWE9a8KMm9i2VRBQJZE4pH9qyEM+YkOSvGc7Yz0oAEniQM3Mx409sKSQiPmahzTa4w691A0F2MlHNCmALsbQ94sGir3z2X+/HERz/78qPyyRJSWQO0riCdMYHvclqY7jiER/zhHRweEj2Gz3p/u4EicLMzYYAdHTT5g010lUEr+WDiK5o49RYWHSmAdJ205vGLthfYfJpJVp07MfBFljL57jge/FSRFx4/8kaRph3lT9psKckjG+AG66eefurw5BNPHH70ox8fXnn5le4OmFi69RQeGAPeG+ApB68BfdRBvrT9L3/567bvH//RHx/+zf/z3xz+6I/+6PDtb387g8eVKjO2/BW0eHn2CQ/qvuvfUIP39H0Kzjs8/6tfH15++beH3/3d3+1uRRmNm61DwKusaPPg3KnL7TKhN27RLx/Khm6NzbtLAh+eVjq4NVAbKMivE5G4DpzylWs6pbzLGTjtwPSwadIvXb7UwaCDZuCrG3SwfK3BMjwhd9JWZaVOW5VenHx50+/oMTcybShXuPCi89Md24J9z0E6OUPAwANOfv8VNEaEsHM+3kzqLZp0w8DSFVPyWs/FE6kMuZE5XK6Vp+vy3M6ztX827UgWb7/99uHNN948PPyQ/zK4El5nh+FoLLWOw7vJgMyP+PqbmEAT/UyqcQWvbg109yG90gDq9pHDpOSuTT766JPuXOi1l69cTT7dnEcY3WM16Gtv44M/aULDOYWPP/qwhnvYik46N5Fx6s7t4Po4BsD8+Vf/YTJGCaORbin7wfvvHt544/XIwCu+l56kzqPLQdZ21IbkpSaralzTTtqXEzrmD0B1Z8Xi1D0h6Feb1C0cu03IaOe51i9Eyk/8JK3IBXNtPSJbtxr2EzMmoW0sKHJi/AzN8Y02H7KJr8SjS6nkbxh8rkjchnVVbzhGl48yir5052C5HRpZDEen+zzQ0hBOevkOjsbzoY/mht03x5gwF80jrQwmtxzffvv64W9/8IPDr3/1m4Tf6Z/VOfRK572I7Y//+I8O//bf/o+HP/zDP+z7ZeZVyrOjhq6Jmuz09U7i0S/pW6+njmagkWNvdcebl/pHS909YAzMo4sMjf3uio4X8SOiU8ZBDBE8EALjpgvQ6Kf25C0gxc88GuOA4nciTEGTQl+aEjm5j7J3AGZSzuCjUUptGgmcw38305/0i9QpjGXVHWYTq1Ar/JS5k05xK/mETwhBWW81Dx/jQqUZBiqpo2rwsXICu/g8S0AJJ3i4v/yoZyoYAOrNS4O1BkQATe5BFAGFrtk9OMEZ/5GfeuqwGmDfUkheCLutMA0ll7EwHYWXwk9YQyayXdBvgJ3eaH5kqVNBVh45ux8690Xn7YrtBEUAfhVIZFY3k+a6V6IUSf4otYGKGxhX9SieOGEn8l999dX+DTIF9ZifK0WDwxsErYzFDeqU/6UXX2jav/p//KvuQpiIvSOAtfytbz17eP/99w6//e3LfWWxcuTKbbp1CYtZuZmQ7GK8EAPk+vX3ek/3H/yDf1C9qWwAKls5pd5NnGuz1m9bg5wG7MSB59Ekp7pCDX7ZUsofPBPfNHtgKMFuLSZNp9sGMpUo/aQzoK2urBi8ufH8RX957YyNwWBwo78Htt0WJuWpa5G1LZsfuh2k4hkWvfWHrzr40B9cs5JTZvRi+PHUxeWuBKBmZBc2fLoNMdv/50ubvnm1sHcB6JvaxNVnBrIxoo/CQqc8jNthtMtZ+UidgsPE650LH8TItPsIJ8MRDybXPcCbSB2E5bpzIH3lgRk4MmwFE1df91CHbiQBUk5l5wDkA1dt919pHefA4scxdj8Iflvk5wLPAIM7OPKT0aZhBsLrr796ePWVlzvRf3zjg8jo0+qycxr483TVGAlWYvSKzLXRF4frb791eOutt/ooqVWhSfTc+QuBGZ7xh26/qjWx8RLKEGFOXSvT+HFi4yYNbC6Brcz7kXxyBcMmqVHdxFPXU66yla7tw+MK1g87GUPSZlap5OCsEuPerpT2ZOyB2Z6bduOlDY5pT3kFWe4kX3vdDUefVp5A3OBd+FK2o4ykjRSsT3CdNloKlDlAbLdDDdK04RgBy6e/mHu6QO0cNPn6kd0jt8d+/rNf9HHw69ff7hkkOvbmm2/1UUaT7B/9s38Ww+C70QvnXtzOS/8KxRoe4c/4aP7Uf8Xx0zrm0/EBbEpMXaXRoORmTDG3MQ6cNfD4IhpzSPlC5k8G2+pb5jsy0p6J98+pUr9BmbwE7Bow+nqQ2XmDlD3z2AVvSMyEGcTcCCTEU4ZFz9rAhE7RCal5hIdgGM0gOcLNZBti+vRsazAkAlCBhzEVTWe1e9CnA1Qy8CZ8928CVmvp89vSZ5ujlSv/gwc8w4GhQkAjqOQv2o0ngE+wGBwra3Die9/K6I4BmJZLPRkjoaeMZHjxNVcTt8FmJgSFDNZVLHUTD85RYHTC73KFxheaqZ94EQ6aBofXoqqTZlXif+4dIlN2u1QhDp3Zgm0s2UNXGMfb2UVRzzXALwL47TUXA7f7Ze9kZffE408cvvr002nDeQRsFGtW9l956it9RbHDNr/8xS97puD3vvOdo96EQOvhvpi3Mb788it9S94zX3sm/Aem/C36Q740SISi/vrXvz48//zz7Xj/8B9+9/CNr38jKBlwPidlFRZasanJwneS+mU3bdNQLntC3Z1lPnFo5AtmQbeNa3g1cVK5ynvRm2SwOtk8Kkg/GAcMHfKjz1Ya2gzN6k7ptHaDD/njlUgNUG3w4t51GDdhadv4Kkyu5Cm/q9XotNWA7eAeLAviucWhf2eQzyTZd1uEHyti7WuQsx1vJVwDAd2pat3IY5KOHt8rjP5xEkpZOugg5M0MnI9HbwxAjJEPM3F2FRY+530Gdg9vHz748IPyYvXTdiqaJSl0EGka42nGjrYlPQMcuPYDr1peJ6+dRzA525386KNPK4srMRy64s2ndFJE3fQ3f+j0ysu/PXzwwbtJnIOpc4D4ZmnD5TaCcY1x4KVPHnm1aiMuK0p/BuV8B369Z+FS2qDnqtxTDW+E5C+ouWPb9gKmMSGZTS7MylgiiJu8uhBquDCnynC5aJO2y0QLsbO5I+xyZN22zHX6DPjpfxyZ0SE671yCdj22GbiWNZmuOSBp45W+m9aOT/uOP+HHVSud5IlPkeFGDzBer2hd4fIN9X6SMNmdC1Y+JDu8/XLqPobB1GPmvfH0883r1w9/+7c/OLySxZVXcivqdpwzM++++97htVdf66Fbt8p/+9LLPQfjj8Dsqk5fVQFynUd/TaldgCS1cx+fz7CEzzFWzHfVw8+9BfX84cqlS91p3W1BL3c7TOWUj6u8zLPqkIlYnwkf6Pc8Q3TXTmPLJf3M4xcPz9li1EFb+XBiQCBAA4ZbCQMbJEGs8ndYHktQm65ZywBYi/Kc+yIzKXeb30QcJFm3HD65FWGHBkW7717XFg3M6uRBSCdM4MNk8gMAh52BvaUiTV2rqsHn0FAFrlyue6WD/3lPwQjeGQoWFkETZF9EEuHUOCCDCI1CMILsWqhHDSP1x9iqMN7Io8wnsUofIvgEA7QuV+GTTpHs5FME8V3P3SDobkdhDNasVEoCZhozslx5nHaSjhWlKXqVmJzlhUa3rzpZrENyoQ2Hyd25AqschxH9D0NvDazy4waPrqW8Rx3hePZbz3ZFhJ52wz/eKJkV9H/5z/+ldf3KV54cLAufunDiKdmdqh/+6IcH71k4G6Py3/6P/zY4PHY4kIVbZbezyiuWXpOXSFMShPVul5wi0sFRFG/pcdLEFYOnOItVdH5EjnwAajRXaRtu8Fbu2jNyF9dxu4KPrMit/y6oLYuHzFq6urPxT7+ZHbPiitu6oR1HF5IegH5yhaVpwdkG8V28kKuVnTMJ+oRM5w3CSOIGlHPNg8NZBQaC3Rz89496DFQJVy7Be6rn1zUmY4XBTl3GMQZu3Pjw8OC1azVWtK93TbyfFZbHYLdR5XYXI9wtCbtUcHg/PL463iSueqHgZ3hCK/EZjxLSpyobhitZzHZ4J/QM1g5cXchEzWhTVjvNBLB2E/O9dfvTvtPAAUR6w3aZif+ePn1x89NbxeOJBwOxp7vIjN4bA9+6/lbla8xhmHmk+MKFy90dDcHhK67j2KrD8Nrkukk7uaq7cVeZAhIvGSsGB6C7cPESxxV8B1YWuTXaeD50sRlJXbg7roommSt617ms6yww6TgjwRkc59M4Yw+DtDxql8Ce6EZK+xbJxngybgmrb9t9wXLltYXmOjzOWMwJcaWjGNghUgh6MpGklRdyGPlWj4z/UpLVcR9o8ua2gsfRbx5+8tOfHV544aWD//NIkZQdOgxWL/rzSK//svmbv/7rPpXl1tpDD107PHDVmztzfeBa+6YXDOpj6DAm8aKPI14+km68mDhC4SN9NMp1uBidvpqxhW4aUXq2xyRffCnS8qv+6pN45ze8BgDeLsTb9+b2BnnxMQ7uee5+g0IAicjb+3RURoACg7h89YVIKELYpirTeByr6fy5ezMQhkjS7rMZEnj/kJZ+dLjnfvcEU/l0NrDdxq+l494I672sHyLTDBpoBgkmk4YXW1lWtHYXNCihaqzP77D0QXFJr4imKOG4nWByZymBYxmpUJ/xrAJmwqwBlHAYm3+RnPMN5DSDcOBxF3quHo86E4sfTG89lOAo0+lVPlc+bI+otPjOTlS4Sh1v0i1MfMs0D9xs+TIEbE+Dg88k0/QMSBoVntax/KVg+DnpKommo5q0OuEjXHi591RpWb8PP/LI4cknnmx59d5153QycmT4US73z5w2p+hjsJG7g263y8+5s+f7+ub//Fd/efjDP/iDwMzkUlzxgjUaY5zZJfnxj34cS/uNnvL97/67/65wlTp5rIEird1yjfczeDoAQOqawFxWWuFzPbrRc25aLHwE1oAAsHoX/aqcWp5OLVrr95iWq5WguI4wOjvxaELyEs/VZOfNZFe86z8rdZMGOeGb1c4Ya7nlBA1SjANMjK6Hz7TvHrxr/KnBKqZP6iM7AVzbL1f9ysfKyiE7h+i0o0GhRmD0yjh+/oK3CbqdkAE9abbNvTzJZGiFrU1l4g1fY6yMvmpf9TEZVhdzpQdWTfTGuQcvSTJxOJ9R4yjeYT4ydB/UwPjOO+9Upxz45Dz98mEMiBoNoeF99YxJeEYu2nvrxfCDtn8bbPtA0mt8eHcb5WK3wfEw8vJpyfxAoQ+5lvYH3tXgT8ke7CuZ+7rle+4/fPKxXZZbkcmFw7UHHu4uhCcfLlw83/5w/Y3XOoFYmFy79vDh4YcfP9x7//m0YdqxXK62QzRf+jbjC35nR2T4ln/ip4rKTjuPEyaA0aPWddXJeLnjzW+qmPjosOCUo1eLzkAkiKcC7KKN0//uJLjCU1iTurFsDtkxEIy3Y1gu3HF0l+61Hy8dnB3Owd2PyKanjwm2/ugZm6QN3ZXbeV6fqE+59uvmDFSi8QmTg2s8OvgojHwHUw0FLtGhGoyJzBBuUp5zB29df/Pw/PO/7Iu+1As8KrrsxiWFDrwbnX3r7ev1n9z4OIbD51ksXO1tWAax21UPXntg9ZObnfjnXFSQlQcsu9VrJ8HIEvyrnaRd6pmXCw1fiHFmse8NiXXqGfiKM2Vm4cvYmh0yutrFb7xxn2jIxPuNahx0JZ3aEWrvu4VuTysncLKqCdIQOd4j5MF/fiedtXWIQnzRU72dXFLWfREDyT2Z986k48Dt4GJ46yBFfnuyVwEMixY1IYRx9KfjgF4rcyEVwR+4hGd7MM4P2PhizQ+hVLGCz5vR4JmOQtGGjw4yhLYG5FRz6hHPtessvPJ76wPdCnbDNOvodpC8hPES8GOGeGXJFe0Jz/XNyDX4DZ4MBFub2oZBowP6ow+w+DcoQkShK7NkDCmylU4pmrCMP215b/973JkDr1x++qmnipsbmY+LtNsp3NPyhIJV/vvvv3/4xte/Xj7ox+zuuLfGiDlTuL/8y7/sc+jelMewGT6Cd77l0zPxdg7evv7u4avPPN0DjhglV0o7Qolstqx6nfC0SwK8eOqz9fMIn0wfelYJ77xjvvh0EPUsbNxCGUd+iTdhyvid1lqRONlV58ZggjOKFLreccBI2Id+TMJk5rZRJ3r9JPyUh+AjP3zcSbuPkYBHPIz8qv9JQGuHwTQ/n5EDPkaOeKTy9LU7cBmUHLDTdg7e3b7j0OI9XfW6V2o1DCfa/SvkG/OGxe62aZOp5LiEGapqrDw9VPb4SZiudUV56UKLlm/pMc6t5pXzdIPt+Z///OedWNzPNui99eabh1/8/BfddVARBoTVqDpM3xuMJ6Fd/+njvtIF9pVh0pBCiXfC6TUyytXkZSB1a0AbXcnq7IkYzm4PaD8y+OCDD2voMTj8h8PFruDOxqB49/BuDO7KOm1+9YEH6++5d70oKel4pFB7ZXd0K7xlX+PNuBQ/sry3Rhc927ACU69V/1Wnra+Tt4AnMY4MThNOSuKr6ClHrjQ5iUXekuXZhDhuChQuGdt3NRo9cniR18b0kzyr++pXfT1xDGBlpXPCZNGdIGSkL1aGn4GDxSN5Uw5zq965cpLVpF746FNyANN55zr1yo8xR4mQxlf7YvqxcwW/efE3/SO3j27ME2ZwtF8oCe9gaJ6n8zzy6Bba29ff6W4ZQ7nyip4989WvHv7JP/knvQVpjMexfmDHkX4YTzGBF/zSK8jtQDIg9OGeO7Ajl7G7r07O+NFzSJiPo8tjGEx7Ekt3DIJLH6p4W191ddvkzuHME5fufa4WSTIoody+rEXj3TawzD1Kj/qovO05mMf6GOGRBj3zPwk67LbgwaRQ0jLQdLCbQ4de4HFv4Kog/mdhNapbC+a3gNbiVoGZ0OBLZwETYUiX76CYirF+0AFTUCxFCA0nbTqj4AzWKm8XBP1u5cqTHT+DtNsUBp4w0nQ54X4BuqJGboVrA4Q2uYQoMArteuzEuQpy+KpPeGGecklAm5w7MRY6LkDyWKgGYduX/fc0iXHCBks1oWx2WNSZ4VXeW37xJRI3Aw+CBvabh5dfeaUD8lNf+UomgDEO1KGDrEjKw8sSvnDRwarD4Te/+U3a6ky3yEwakNEh8lAWHo9BvnX9+uH3f//3a3TMYDg84Iexaefihz/4Yd9u94d/+AeH7/zed9oR98Cw67llOtHBMZH4RIffRFdWwzsSmE13KHMn8Ltt/z63ZTaD7ikX2if8bX0bRIM2v9WnqYfOKK5v6UfeCmnCPOr48uRXPcyHLrTt6umAyWJ2EMintKp/o2vd8YjbaQxF+LHVgUDnijNpGUxseRu06TKa5G43xzkEt0K0IV3yeB4jbm/1u3U0vNk2nrcu4qkvyjEYJJ2O0ceOK3EnBsea6PKBa2SjX07f9le39GnGmM8P19+83ltrXvnt7ZafJOx+rscVyW+7kUZcAiPz3YOEyYJsRj6Vpw+hNS1eOb0uDS0FDvXxznxjIDkxrDypY/fFzoI/VfPWRC8xw5v862+9eXj/vbfLO9k9+OAjMYquBi1+1Ho5PPaqbfVeY/CMh/BUX+pWXcJUq9AkJbe/2w3WqdMR/pSTr27ABjJADU9JbvTN+JH0I63TyJQamCk0eUfYfOmEOji4qO1dGcXuiWtvbsZpmBQ7RX/9Qi9c6Sy4+oZnQduveGV4iof+zrXpR+yu4E/wcFNb4fi2SXyusJqgjb8eO/dUgqe39Ic+Lp9icLmiDcuWb9OPPvPXnc/niYaU9RTYhzG8PdngHS/6iTHYP+UaU+2k6UP6ND2CsnWMnznZLa/ZDXTu4GoMhHP3z38p6M+9ZT6FRs7mOuF8dNGyGLUaIzGpyUPLwtEceebJ9a+MGGHJYVAFQh98rFT3tymtxmYN2j6cji9AATwB4J6/rb9Em657IYYDWyIZoiLktQvQNAegrIjGEXzBE4aPdcwRhKnYIPPJp7HcEjWBzm0Jg2d4Cv7P2/GmMw2ueBUIxg5QCcJPGugaoPhuf6bTd3ILXwwjNE36VeAUqhAhFs6FLGcFlgZQ4QUAfWkXeFYH0nbe0a1I2yT8uOy6y9OgMzEKS5zw6k+HO7e8POmT3ueUV+Oug/Ag3tulqM/k7hO3cAurr0mqVmjcG2+8WZk7H7CNA27Dw9wVYeDJyHawFeWvf/WrKPfl3j8r/lUGL/jyz3z+1+E73/nOmghHZ6Z9pt4ecfvRj35Uw+Of/bN/2kcsOwH6qHhh1WUmE2WOk18/J3TlzWSkrDRQjd7l4DkmpczGsV3DKQwnHZO/AUYiAgm1ETkQhWouup148lV+eAtf8fiTb1XscTvGlkHUIafpV1DZvTIgpJ6t84mvO4ZHJpVTCqKBvylWRKDTzuoxujb8pUyy6AH9x0tXdsmzIrG6Y8z1UbUYAvQEb54ocFjx5k2PYDGO5/bgsb6ui7fysvTPxM/h4bgKlJN42ytxSejbqn3yySdroPg/BCutxx579PCAnYMF9Prrr0W/7uvbO+uWLMZNXXe8svHd2XHhrnh6PeVSMvyN/quXPmF15ryEl9rQhHsy7kTL+lTOpzfTD2/fjKy8GMn7ORgHr/cdC+jZFXno4UeTdyU8zaOTPZSIoUQ29RnnjLORfRYA2D9uLQdIHRhtDAzlK18Z8z2pXC6jC9IVPIk33Ctc5aAJRFfxTbSuOuWjrb7sii/eBYmNf7l2CThzqa5LS4WMK909ikHqqv2OOl7ofdm0hVffW78nddtuiO2Pr4I+x3jdDk95Tn77QWNKNHGBkHH6ql3Y1KFGd/j0x12vxDB97bU3ugsOdoEvnVuuieMEyWSLyaLNytwtO4dv+y6O6Li+8Ad/8IeH7/7hd2dXOItAY62nCDTQ9O0EoxMMg5mPzb9netDRzoN3Hti9snOwmWBkMya6c1A846eygQqe1DA47YzMOxDU98xXrp6pccAwAAsdBeY6SWfAUHAl4XE682IU4mngxUoA2oEa1Okj9FSa6rOI+4wlZuNv35kBkDPpk60nJ6RUkHC1vDe7+Utils1Mkj1omLIDmw4TXxqBM4ip/NzPTUeXl/h0TCsdVtdYUQ5GGYRsgRGe+9/SaxyEoXbO1l5htBguGRThXpMwDy+PB9BN3y5BIpPSVHXyWZadj1LKK1xFKlhkwSehDXoaR5xGvPnp/EfDPF4VhUq8K4/wP8Oyz1IIhYqH8Uc+g1d7eszMltZXnnyilqfJHZ4O+Ck5fJL7nEfZbwv0yM7Pf/Hzyt2bA62ItW1J5eO2AiX3aCL48rE8OVD+V159pTsMZqs//uM/7tMOyVp+attOvMLjRm+a4kcevPlgeUBPwaP3X3F4af02LWkC+YGvnf4UKm6kkau8OHBc5Q3X+kzaLg5mjLnjLZZ8PPbrDYZ9SkS/2LtCwDffwdm0BhlfM2hxO10BVdAnJQmbiPcOWxUoGdL7WvOE7SRoY0a/icyWuUkRX2M45pry5/oWtvUPnWkzuuKxwxoR4Vt/AevTmpcRuwR2A+ixPjiGi2vARrfKz4wfjHULDLe5DMpuM/Sth92Snhe08OTjSRjnANy62rUvkvjKP/6YHndXLGCNVqeaUlcxxn/+ufEk4eQznow1d+7c6jvzvQTJo8YffPh+/HuBo2+f9XbllSvXsjq7nYnj5fA4L0rSFl70xXjwb5H7SQWjXCcdhLVN8JD2zawqP3j37Vw/6vbwtJ1xJjwFgu9ElVAv26V8q6RyKrUy2w7byfKzXXDWBXag8yswkZYdOQ4tMtG6xV80Mz6JqtGkTJkpkIR4cqB/2tl4L649jb3z+Nz5truy9N9YwrV/pHzJVUdGZ7eTPm7odVwbDiujKS9ldHIX3exhrrhBLINL2s6jp3znk6TQz7ffeefw25dfSdu7zTZ4ij2IWm8l6ZU2Xa7JK1qVTxgtc64FgfERXrcr9qPHbtkyGtzOov8jG/NS5ow0m7oaE4e6d/nMrYXLF+f2wuy8T50YBt1ZVqZcqMuMH5s34wleaiDEh8DhzNMP3B/j4KTRVGrR7BbF3EbQwIO2K+P4EQRVpSAyMLmYHdAyttkH75DDzdusniWkeGVnIgqZRNwzqYWTBOXxBOHNW7NrgBfWeTuOnQOEkm83QuMRgp2OWv2FMWhZubCMPuutiVt2RpJqgK4Fm4GNIWP3xBYp/qURflfj6rH5CU2D5qx+pqLStyLVJRl++aM0U9eVFPluRYzbl5JZkbjCVbBkMDh4nVG9tZF69n8wYtAwaroVxCjoxDMNz3MUYdCrh/hnldHO2x334YcfqdxahwB2AC+TkXXq7T8Fdp3Iz9sQP7zxUV+f/MYbb1Q2Jhg4vvc3f937xwyKP/zud/ts++Akq8FJvp5+eP6Xz7ctGAfddlRnlAPnShbC0+nVawa26iGAOBjHJWHQt8w45RZg3NRBnI+MG14u4fLZMqPrxbNwFbJF8Zi8E5Ow6ZM1+ItHuyydqQWfeA2ETqhkkPylix67K86Uu9Mt/jkf0H5QB9/oZXlC/Riegbg4ly52VykMtf3T5ngDg5cO7Mk/0Vu6NeciDFJuYc0uwvyT4n6qSXkGor5mi9QghoYBX/mRa1xY2vW1eze6lORc1Rcc3uHb8uIZSvqyw4feNOgRQC+YsorHjz7qVtXl6JPXWG93mi5Hjo0sOfW6PZfLKrHGPHKUsnYE41zdQrEdzt26dbtPcXgjqAWGyV4dLl50Av2h5H/cv3aOxONnhfhpxi6H0By+Ont2/ZdD8spv64y0Bc1nhxsfvBvjIpPPe+/G8P8kcGn/9B+9IJJKnFFRZuPH7epNdae/nCTl99QkMj/LHcOnEoHnsttimPNVfuD6OyibNnI/0UdlGnYtoORc8Ra9K9r0Z0bl7CTs5+vn2Xy6xsNBd9R3sbF+itpvrg3EoTSZC2TpWzks3PZlc5Vvuej/sOdHOid9drvGEP+i7wB57bXX+06Dz73Jr+Ur4TjwCUXWWNK/NmdDV30GPZ9qTTzwdMQOmYOLDnobR1999fWMm2f7z7l2F6ORlY8Dr/qSt6F2kZuyQR1jIP0m/Y9xsHf6GJVaTZ9hDCCMJzJlCKhXXXhg5Ds03Fd/FzZ9lHFQ4aSUylWg+WKeBYKAgx4azT2MZuarMLG0IddA0wG9eGaw0bFsoXQiSNg2jJ0YJDI2LKexRoxWYV5bHO6Ogm11QtfpY8ZBUQWkg57s0op1FBwmytuZ+KV7CmJ3Ko3DMLiV/GHFBLZWSQmfTDyUZKwzvnIhwJTZitPt2Tb8xCuzfAjagDZG1HBfpVgy6SDYnIlPvQZmaAfZcmGp8iwBLnkzuUxdNn1tCAcRGLRsyyvRSR9uOOEPbTSglA8zPMqoJ2VhnT7yyCPdgSCf44SkTAqRBeND2uZZe51JB3/66aequG4x/CzGwC9+8YvD9773vd5SuBVj0ONdDtz0VtHmKddR0juHF37zwuE3L7yQgf5qDyMyJrTvyD+VC3x5T5nGw9Q2DlqZ/4qbOk/ZKT9+l99GV530yTwpdwq5tH2V2rzAlKf1mdRJh4tea7MOcI2PbrZ94oaOgVBcmfk3RathaSZfEzRc0//GAG5HL5mZXOFBg+sqM4gY2Gj1zECuJmlzBINudEsfnPM3eC9+Ohbf1XIGGhOyq8HF1jl68NERjwJSdXS82dP2qAFOebciDFr4gku/Ulb9yjNRxU/9W70VHlnRJfpo/GH4vvfue9XtHpSMt2vhnApjk4eL2zSKq7Ue5PrKTm9fyIcM6iMv15YdJPmOcQ1e51InA/WF85nELl6ILIshvDY7xszlw2OPPdEDvR/d+ODw7rvXU3bu2xqH7JDe6i7puRhdaVuDtvEgY2dZvIeeW63diXHw/uGd628ebqe+77/3Tm/f6Rdngqd8hS629qpxWB7ey++qBv5ly+JlceSyguNEdrH+TMLo8Y7f7VaRcZWRbz6byGmXpD1m1E/SSitE09vm0TdXL1tzxcCxHYaZpedDZ+Oc/HgIXdanIWNlYVrkhMde8pO4TzRh8FFqRaWHVtgsTeO7cwImbodQ/R0/wCPt9Wt+ME9hpUTzhZeOFaoZrsaBCS+wlJsn0N5+yzsyPmk/09f7dI53dWQcvXD5YtM6Nljpp5/hEX5zhNuDs3BOfToWLBrxYPRFjyozBjoeRY98GNx2u+Z/QZKSvDNPXr3vuW2lSezqOmNP3yqYgd8AYmIeR4guc53Vz3SumRQhTV7jGWjOZGCIYK1mrdg9+4nJi5di2QT3CIowsUdY9w3dNpCUuISTHWfnYcNphEhE5ZZkeyI0reLvpKEdvmbrzlbJRx9HGCnrvmpvIxytk3S34DptGMxAORYXnjXr0fBpw6u/yEz6u+yEURnXlXwaCL7UgtjKUxnJz5bTlhnXusf5NXBNjDjwuXYtcqW4ihBD8xNG3yA696pudxt4eMb08F7iSURzqIjuTsQAGYSdNIKvaQzAeLye7M6kLUt/+PECpa997est7xlv79CPNNqe//pf/+vDY48+OkzGoQ2HiYf1693kL7/yWs87fPcffre3sgYudQx+E4T/dHBohyzpUzKCPTzmYwVy06G4tCmetTkae0K1TQkXXtXHhKbq8tVDegDK+2JxYNvmJzwf2ykeXW29DUspBY3fsEmq2zJSht7Iw2N1aOEaHFzCSbOasqWY6MGfJKmDWwDFlbYwyWujffIbX3B0SzCOftvl+nxN0oN/9E2fVlcDSx8ly8fgJw9cfsqf23Z0yICDOecNrDjKg4VC0uDCdwes5HnLojbFf8eO0MCreizU/aluL54joYRH70beZKMP3x8ZXCku8rt+/XoPreLDtqunYB566KGRZcrRzQ9jpEAxeFLnlLPL0XaKbvh07Ihr24eu+hgjCp/48WCxDrN5Do/48arkBx7wavBrMeIeOjzy8OMxDL7S2x+MX+9GeOft6yf8e8TxrJc+fX54+NHHU+6B8hl22qetHCPt8JZxNzr87ttvHj79+EaIWsh80ZXjnFcwXpG58dGgrzPjd3SUfFrnlGlaPq3tGpt2306oaduBJT9jmLL1y40MTmiMGx0Sbb+qHk/6Sclxyp4Yxfkot9K1BXfEjXTivd2QSdG5BO0+7zuZcVx7cSlep9yE0Vi4IhuweOx4HLkCQYKbekhPXwlcXQC0iWv7fJKU84ddjDZjnwOxXof9dnTQX5MjCFflvuhzqhXw4pLED231NGYNYI0FMBPttfymju1L6UN9SsitO4u4TPj6v4kdDsV6i95knsLlN4nmZAY5Gdqhav/U7qmrdnALursEzizYea+cYoDcmX8Hpld2Dnog9skr9z2n0WQQ1j59aeBkLQv7owkMVGq4yo8ORmiNVdlGWGDaSGFIQ1FGcdeea0iR+8N4MouLQKz4w18P+ngUUschrfkUc3iL4RIv7nRmJyux0KaAs0NB6DNg6UAagPvkk1hEuZ47n1UPi7T8xCVbh57Ju03cuuyqwg1FaSUA93i507hV2nj1aLlkUbDheuTYThkYFFo2gIkeXZNOhee6d2JmcpMckbf8hA1qw7Uy/JGfyNmEyneHpXD55NqmWtTaXsU27dA2jh9FAhP44p3OVJop08Fh4dx8K6cjP/O1r/W/ERwo+9ozzxz+5E/+pG87dEYBb3ApT3/oA++Ni2+8/ubhK089cfjdf/C7Iz9woaUMGfr3x3/37/6/PcVr9dWBJvnw+dA39SaTlk1+8xreA1ryfMGUZeVm8lBm5HG3AyOv7lR+Q/mZwU/+URINDk+gGgnMNPjozqDa2f1JBHw/udIZA6Xtfa9DNckyEgZm3AycAzsG6tAYdodu4ZO/y+xJhE51QsBHZANH+3PKVF7Fa6fAgUV/FevJgPPJ/vzw8Ue2u6df1JiOt6NA/s7AeBuirXcytzs38jlx6KnPtE0muiXDkJv8BBTZ18HvXyczAefK+PVnThxjWEF4yJy7/vbbxT/tPgYVPdLuZOq9DRDTK+k16NFJHB+Nx6k/HkKg8Q62WfDcE+8Mwflzlw7nL15OO1wsDwZYTyp8+sm8ItdTWk985enDw488EbgrWfk9mPHG/y+c1DUjV37pX/rCrU8PH7z/Tg8zGvTx4/XkDA/vY8lPa9hBvAsUZIdHfHfsWjLwWxLyF//b7Yn5Lpek6uyKnnYVT4vscgUuvO/fLSMluPS5xvI73ymzQn4b5cWXULQXb/eyi7msmum6lTSYjiP5bAPT5CZNmbbfUb4jGx/p4/Z1cUFuK82vcsNX+kbaJD08wYynDuLe+PBw8+OPY3BrL7BK0JdeQn98WNFUQ3uq1PzSkVBeVt4qe0J3xuIZw+dlS17TrF+9nwXXh+lXinSBlBJ0xBjPqODbb8NE+3T757oNKH/JSR9GaGQT/Y+umeMdhsWbx/ThOfOVq2efw9isQhgIw6SOZYKV10FHhWQQZoHkh4nklWDSwYIZcRdLO5ow5pw5UDGNKp1Q5+SmCXZonuubDof56aQzQEjxOKUy6LjHkm+EsybJdB48iNuWlmaAmHsr4SCN5Q1w99meW4ID244ylSxNjbLrMjJY+JsNj0YlVNHNY1wSlLESMxgXNgkaL0Wm4YJr84tW4fMDD8Gsy7jkFQ5/cSk6fAgnKdHiHRxoDl+VfcqwhCmUe8Lax6C63aa5WSefcUG22hMjcHPlK2mbRjNWWFCxrsYSIT+03KJ4NAMb65+zU1B4+IKLcqPjEM5PfvLTwzvvvHf45rPfrK8xZaCjd3H4e+qppw5eSftnf/ZnLeMf9mzB27a1FYePGgjR4ZGz1VWceiy5qQc9n9gMMlzbpHWR3uqcOHJymdiJC2zTAjwQK3IsPWltj4bT3vlFG5mR/YYd92X6YOiyW2B2uwwCtvDJWP3o95QxIGz+p14zgdCRvZKaiU8a/e9KiVtKVOMicq4hmjhUW/c5RoBtX/fetR1U6KvXfTHWZxfRbsVaiWTlYxvW4DZPMdHY6ct4Q+PI03LD3tCDdzu8KM+b3LWzV9E+/MjD0YGLHTTdaoCX7uDROYidRv7VhxAwxnn0l46iQA4WCGSEp91eIwN6MXwP7xYpu0tmbGQoZNzxcjfVm/9jmD9bUtY/RHr50aUr12JgXQqdc8Gsr6qTH+MHI8lju1+E348P77z9Vh+RJBfj1UMPPdxVNPoda1JuZDztt/HULVkqW/6r9yPzevVqXAjGcat03E4ZHEdXYCVPOWT9bFrxUwbUQEprv1pwk3b8mcvRTRzslr/21k5uMegDXtGsbckWT3RWf1dKH+aGzOZj3PA1aWiInniTpexT8D69tR19ysxz5/anMQo+Otxx2yyF7gsph1ALm2aAU/vv+ixK5aC444TVaUIDu+FPUuN2Wvgpf1E2/WxeSPZJxvNPDtbvCtMHfY6MqMCMmTNHqoOuO7vwdhnmacQuZAM3c0lg01d7Lkg/URl5iij7+OUzzw1CQIARkWl3YFboZiMw1UGw6SGaYq/OIToZnDAGTEeaCmJ2jI8ZmHsIKrTQa2dbil4riJCXSIsnKHUoHiHGBKfSHtfwRAXATvjxBqlg7KoZn/gfxZlbBrtj2VohdDzjugoR3F5W0fpXeCWZTHmUIVwsOjJG6VL30OzgE1jwijQ9EfSUnwE9vOAh5Yt/eW7LSVSKawfmIdHrMR3PImmQLyv+cK02g6+KFYUygeoGfc49gDUIAqqddj1atMWnc+6kcYBH+Qqf6AyccYqvMtuLU7YdJ5+G1X1KdceIwv/oxz863Ljx0eF3f/d3Dk8//dWRWRw0lVXCVg52I2wnf//73z+8/sab1QHGh0EDQ+i1bZYrH3Gzqqbj05kc3vzgg/d7b7/5S//U4yiLFV6x1pc/xleIvJuVn13XE/2dD7fzmipp4Wta08dt+tJ1WEaVfKsn9+GVt3Iuz6m/gbK7Q4EZ/NOeJr2p1xDT7o0vGAMF+m0XZZJH0uIdbL6ET1lx25vd+u2uhQlxBh34TbKzUkHLSoaB+mlfI6v/22an/wpqi5nsdl8KKQxBmq94Zdek2fafHa1pL8+aX7lytW/1dNvDm+0YMw4KkpknY9xawYeB1RV9dXnn3XdLQD3pGrz6g7rDvyfVXf86A1HikWS4EjZtTB1Gv9yC/PRw/fpbNT70jcuXHzg89PBjkcf5w73e9dLV/0x6vdebMp9/7rT6jVQqg3PkaNeAUVM9CBm32Mh8DnCifdI3wYR6OTQmNK2/R65XPLGdwcF9ym1Y7nS9F8oEh+f2d2VPE0n42KcD15Ku0nf5uNaHgyuezOuga9bkK3OELS2TnCfEvPSN3p0bYyE6iB+yHj2Hc/oW+qfnoy+76lV/pz+Q6x43yn/aMyNn2sRK+vbhdoy2T258cPj89q3+G3D/hPBs+s290ZvoXdltQVhdhzYKRRWXYuVpuwkVeooqO9GWLU8x7PWrylfbB+ZOEJoz27/Nb8nzJ0s9hFj9HWPCe3zmFn30VFp0y639XW/nBFPB9gtzW9tDfvxm88yjl848VwssALu9yElFnAswofbUpoKEb1IJegNSlRxskI3Cz0ACQgXsCIjD2060OqDKQqOCOtrmy7bd/ek/5ga4sFO4eNY5uH3bw8FFTzaYIFQQ0bGcWHq3M2hZ7cwBr+ICowXiu4uRhjZh9xEa6Sm/0/HSzparSIWXK1rdTSGgZHPKdnsLHwryy1HeDjRgkz73eEZGaZYOTL03nPL7OXB4wY9PWWlBuTsb2dQabPqiJQqn+CoHmDKRn/a1grPVS+ab35P3IUx5V6gG3cK9nFj5Dq7SWW7al5LNCXw5Y4UmhI8FQxbulwnTAXnK4OknP/lJV1u//53fPzz2+GPDf5w2gMtKVVmraAaCe34vvPji4VfP/ypGwmvdpTBRKNYBLA5ueNRqjJSpAx30+OX/53/9X0vb7oZJgqDwxo/8iqZuagvXpFdSk1jc+RFqOTxPq4X3llgfOAs17dHiYJc/upbfwcnrpJgP3WEMmTBMIPTV/Xx5Bgo41X8bV7tdhjt9Z7XLyiuP6ivBNXrdQTXRGiVNPpFdVx3xePL/9N25CS9w6l90GI2pz9Sig24Kf/rJnIVBb16pa8U9MisHgXGvf7vyudEI56sMh9Y777zbFbX3a6h7HwHLAKmc/z1AC+45Q3Tv4bXXXjtcf/t6n27QRs4vKOeWTcmnHDjX8pTr9rsuDcbVoM8X/6nxkglD6OPD2+9cz+A845EXHzmXcLiHEeIWbfR+KpRLfMbVjz764PD6a6/0pPjFi/5m22n0k/fO2CXjOe2K9/afOOzw5Y7sFr+LQuNyp0XHT49YZXao30npuCe2ruNd6NTI5ai/8AeOaQB8Qa6ysG/5Ac0VeMLyR/+Gg7odWHg6n+RTEsdyw98cDr1Qb0yYxd8cSG9/bMmFKK4LoVNu8kZO6rUn38njtF9wfXYrwTEObn360eGLGML+0ZeJdv85RrTdMnUnE32ATkAyuCCjKktdWpfKNwEykCZaL9a0naAfR3czRjtLdcYYFT7hMLAbxxkB5ObfkhlPZKb2eAF2NmlQ6ZN9e6TPIAgVY8Y8xdC5Mb7jDF1eMGceu3z/cyhSRJXTl/svjYuxYXwECYnCrJGxZIMiaR2AFkPFCzYV6KM+SsuL38aBio+VR0lmqy+gSU7Dx9rpbkBxWMkT/OBz8h0cYc+LkmLBrYHQwOXwoN0JdTgXy27eaJZI4PFIeGPEmKg17kzM6OLPboL7PIEun1N3dVSWxTgNMAI20cM1vO46iksnXI4yKNtBdyHchkAbvrD4I78pA2OVJx7OKT+GwcZj6gFOD3eHLlstO0pksFWPvUuj45hUjiuTlClPLaQOuVKi1Z7crhflmgRfbQJuePbpATlKGE8/4K3SxVHiPaBx8DU/OBww8+cklN2Lkrw1kGt7BaY1DRxcfd43ad/+9u8cfv8P/qB0fhzD4nvf+34PwnkM0/O+bnvNRLfbikxGRnTK0xN4+nf/7t91Evn617+xjODVaZc/KdeAb91CSWQnkbgNW5nlMwUaGuAT0Loj7rgpc4Jz6yu5jY6MYYp/p/ivPnC1Bp/bRvCUYvK0vbo0DcL42bXzbo8xDjYbM5DOLYMaFYsf+uIAVsMpy7VUdK8vXUm/MREzquzaGKzhp1cOSRm8pO03YmpbfDE4vDZWH931wuNQPREQHk87MTsOY6jQqy9624A+2GbGO9nI38+Jw83Qtw1rt+nNt2ZF7w+QvCzG42huU9lhcC5iBnd1HbmVh7IRvk4Ft5UekmGqwQlnQvEmRf/FYAv3vjP3Hx5+5LEeQIzZHJHM7QdjDV325lmLrg/f9+99r4TH98Lvze7I+G8JfOEHz3Ze1IOBjJPekttSK08zTtzlThgW+HvcqlSz86NOgmJFercrutCojiVYaLJoeFxZiG98J7omjf5Uh07ziuZxXFwFkpXRY/V9yROevNU/E9S+PZMTHfAHWjUMk7NB6TxcKP0d2dTttBRoofjWbbzJ0s7BZ7c/6Tsn7qQ/3JO4/wtS9nP/rRPjwME/Z+i6W4Zeu8tiQp9q/Yq6JOWsbneXGzk0lGskEHzbMIA7gWSNbqLjtp15k4FLR+i6/n3UT776c3MMzfZ/Zcxv+Jn5js65Hebw/ewgwDH9/swjl848Z7ICjLBxqIf0cFoBZ5DKrDSVSjyc9SRjAAnRpKHzc/2LSenKpoLwHSeFJFGOGegwJ26wtmKfrRKvVO6/OUZQfW9BMttpUVrxgKt7FCa44k3+Ac9gdrtyQc6uQt+gSODKR2iE3/u2LLCkVekIf/ELr4HN4454pngzKWN80YnH99znMlnPgLoHWZU0iLX+gRtuR5Erw44ik5ff0if3rrZCp/KREQ8v/GCPfwSFnwRmB2P4ljf8kxVq3FCu3MIbstpsn+9w3/qTeHWZ9hhlaqHtxONLQzuk7QtT32/0Ae2Rg0M6O79GQuBN6tIkw9HwKqce5Ohg2S9+8cskftGDjA8+eK1wHUBzJZ/dRnYXxKd9zsVIePbwj/7RP+otk7/6q7/quxZsMbtdIB9h8Fz1uyH6dufw+ONPdOfgL/7iL4rbjgSDkRPfsMIVjEvdiserTeWXpNZslaOzrs0TxsNCUdwyj+50JHnklKQxaslhDDW4QFqpCzPOPdpE1j1gl1x4a8AX5cTRo1vguD0JwmlQcZ0txriWo3tjVJHHPPqY9l1jxKzS0lduGXBut2/hyYqcsQD3vh1iXOhYYjJLOMXDz70xyD7u/xJwJub2C5l15Co8104S5JDy8MhSf7tFfRQ5POpH6Anrw3g0WTBO3FJ4+ZWXW+aZZ77WiZcsnAL3siUvUnIrhKusUMWnT+JDf41pdaPXfEDqC5eAwdxO5LzT4Ex4fDzGk9cmGxP09a0T0y8cANM/vcuBfD1p8cnHNwJzT+Tuv0liuJzz6OTnMao+6lsab93y3yq3eh5h4PAWcnjGx2q7MhauJlOdIv/KVLr87cT3BewxEjdwG9oVbvJAG71ZIKREikzeikhdaAaCmwRwJzwujsSbNinld6WhM2kn+iCMjAUevaML+nz7SfKMLZtuqSS9bDUWt3BP4pJZvF7W2wppD8YBw+CTjz7okyRNC4zF5ahseIy+u73tn0MZ2dqjB/jJZeEsiUX2tCh2+vBV0MZXsaPXZ/u/QMEPmD7oD+pEbxjlFjl0X5oynnZwy6+PIUcWs0CYRUKkN2NC0r0WnaGhTxwXqKFR4+DBC/c8d/PWWAu1XjaXAbZJ0UE8SYg4COdvlk24FvcUJLFBljQybSPmg2kKXuMgcPOoUDqQeAWwJtRI2X0U/SnVbWOHxxoM7ptgOPPfYrzgoWvwjK9Uh5/Pb32eBvL/DveFxyhCcPJgjyv/4O7kTYA+wWmiJbhPM9jdQjOeK59ccCOjVmUcj4wYnbKxGbhZeFuJ8aShlHBYq0ZFPoYQopWx5eYJjePhlnz2s6/9DXDYa9i1HUN6fveHHDsohN8qY1zrvAqpd8DqZIMgw1vhzyrOSVh4DGw6vTbQRRgSfSxoUJZG3aqAwShoJk6+7S0S4sACz1U23tCYRI7yDbAX3XiUEe/eongtK6YZAKCulEa30ExiO3/o4dJBGh3GEw7f+uazHUD/6q/+cw+FGVidFi9t+MJtB3mhtBXcnnz47csvH773/e9HN84evvHNb1ZvwaPXCi0+sDvyHb5PYFZKGfbF8a7tfCLUllWvIvS7eCk8BPBVJvGKwKXepTlOcboKjrzx7JDgpQsXayDp+Az948Cdssc6uy4eDSxkh5MadnQe2cUfebt6CRoHb3lL+mcZSOA1mJQPE6J+FR3vTsKli20TZeYWnXJ0MvoR776ncpI9RfTJx5+0PzLmUe/KRb9NhFcWLH52uSZPItVrurHLC7q8hvbNN9/qX5C//sbrfX/9lejC17/xzf6P/pSN3vXVx58eHn3Uuz3Ops6z49U6BWrGthNaEx/63OhTePbPm/HSz0bfzp/3j49XDpevPpTFyOWMNyZxOrhkoL/mM3XJuJHxwXP9/gTrszv+Cvqjw8c3Pjp89CEjwc6MN0TOY5Ieq/v0U29pjBHx0YeJ49kuaiaO0PDaezsWodR232OmzkqvJzJ6UL1QOdyI58Oph/qOb1JAVp5PcU5f3GXUa3RLOzAcRh7TRklfOohmXQcn8a2XJ+MiuHDbss2vzFroSGPaYwwUbu8En4sh1UOz5+aPzRi2dLsLm5SP6FO+nbF0avhGxuU5WeGi/vB5Fprxn8Vo+/TGjRjCdg2Umfmi/QuO4MqoGx+538sQzvxzzm422JlTOToKbd2IY/KE1XmFVbWyXLpHTHgDb6dJH5txWgFlwC1jIfxBYpH88SefdgfctDJvDjbHBTY8Vyd6nVvNfA/pBofbMnYfjCFMybVzkMqxwGr9mPisum3vxxJKh8eA56UJVnt0kMOfhsW8xk20q4ZyFCEnzQQr32Czt6WPBkhxhOHAeQqhg0aapoyxYgKfpFzHF39+FAvKNEYmtERQ1lBnM6mezwoGz2UtXh3wO8oUugomBy5XH3WZw5N2Lzx/rw7KLuNDy67JuwqZAUGZ4pPPl9oIn0dgJu3ZsgWHJhHwGqj1UxxPuY7s0B35dILMlXM9kgmmkli0tM0XKhmAmURHTrzKl7YCAWm54ogTToIVF6vTKnB3RGWE5RtUoKprQMEVPvrh6WQw4gfHdPzhFVDbX2US1s7+y/9Xv/pV9e73fu87fVzNADSI73YLO9SFgRIxq1jv2P/ms9/qYO8tZn/1n8dI4B577PHqos6lnl3F5eOepQnl17/69eEXv/xFXzaz/5Vy2F0DOYJ1eJ/rdurisyJzrZvUlh9GCytlGB+d4Bq7qyy3ck+lS2lqykNBlga4PuaVlTKd6sFTE3cAtpyPu1nlZcrTNxP8Alk/Lqut4siqK4olh80KXHRt2nf3nYwNkbEVuzca7q19qxKGsnFBs0J9HAPi4Kd/Fh9d8acP71z08FluTituHLoDB6majYGr7bxh0dsT7Qo4U+LEv/MRI5M5iOjMAb2xA6FM5VN6jKutsxYVa3cPH4lv2vRn8I1Mu6saRwZ0+Wzqz3ibCXF4r1z5uHIfOh3wrUMy8ds19Si32xJzRiiTUwZ7K2K7YZcvX0yX1mdv1aiy60Z/TYD0wIHLIB0JLR7H4VXS9EeR4X/xFFd5ti67zHYFwnB5hrewcuCR1XILV8Igyar5RbGvfuRuN3jqlI2D6xTAwj3lJy/+GHddep6ZwJUc3E7Wty/GaPYIdVfcgaNLkBc8V+10LnA9KJs0w6h24G213/rk48Onn3wUIyEyrnGV8iUfquV3VSiOtHtNvjM1dtP6npmkdRcjReHv/3IAEkmR1mOV204TjazVTd7UkS52ESZPH0raUSZxdLQTfPyeP/meWUgdhfVb3m6jR45vWhQHXrl5SWHCqa/xtTsHJsWhFwHrYJR2dXyDqs6yhbMnrROmhkGEey8dKlkdAIhsBg/CnM6wVuQrz7sLbrNaGAhkHwvJxFsLKfDKYa8sRi5H+onrBmRtEu+thHTyTvahN7yvyT/w8LWjL9rqNKH5xf94ZTOAhE+7A8MtTqeB5qNEPgko00Dyy+saJMgK/DYO8DsTZeqCi6TZUTCYSGO5Ed+UHX61AWMhFUWwvqSWI5N8I7fQPRU3jgpXYOLCKbwuRwcXnhkIBiN/B10a+VAu/HHCxVzkc6lbgbmMDOt69TPEWj6ZYm2/0mXtft7t5V/9+tcdsH/nd36n99OnpE8DLeuzECc6HYU8y2ev2udweOThRw/fyCrxw+D9z//5rw+vvf5qJwAThbrSP7gMqOrnXu4vn3/+cOPGJ4d333378Cf//J9X/0on/HU12VhYSbK23PXiGj+mnzg01ABN/A/Qymt8oie4ySUpTVi6dgrnXXBLdwfvpJ1dTzMYHPuilNQPff1wVmdDDW2hI274coGpRmvqvL08/WT8tG8fexLY5bdbcTjQMxkzFNo2wTX3Nhkt2F744zZfjBrbo70VEV0wcON1cVv+hsKWi7QxUHYmfdC+xgETqknCwA9GGcWKI3jfWe9CYDjic3jMQHnzVnFsGXcyXXVTGP8IGjynX3BkjFPybbTljjLmpDdv4xp+rP6tCt++/sbhg/ffzYQS46YTlpdcOVvxSQwBcrl9uO/smZ6X0M7GC7dM5sCiP2G7HfQZ81Ju4y6fw3Dd3TydpG+388hiyp0uO3IHUbhk6R+n8Z+ElxwKpJUEJ2+X35B1KwJtcfONzxXe0o4XXqjG7Tztpa3kpdgYiV6m5JCnR54zOUaep408t+Z4+uH/Mzrc9bHSz/vOiY9veOvnJ20jc0KR+waPAD6Ekum39MnY2GT87mI7umTMox9gs4CfRWF5Tn2CS7xDTgCkC0MpiaSKHnxxb32cuaR4OhNOu3Vh4LPkpL6M1PuzgFBr/VMao3IbA4wDf0/gTJ80BxUxdebahcNzZSiVUWeIxTkEy2FcjYOGy+5MbCkDZsqrVIST6/FZ/+KZBrVaswth8Cr+fA3y3c5YOweY9/jFnAKd+4AqHJDyNpNlcMOa+H0JOMA4kziDAi0Dz9xX6SDvG3odJNv6Ck8apFXwfkZw8roCaX0SVjZ5M6ntzrUarDnr2sYgGXATV0Y9usMRL7/vegAnbfFjkJJGxGhKncc0Z7VLMlDyrVIAym+8q9su21M+/JQTiiScOiocEqU7dSiLsuvJ2QDtj5tsLe0JodZrQEbpTruFg8+PHZWV1LrIINVOJHGtL7r5ym+nyJVx8GvGQazsb33r28cJRXvBsFAuJwYBHCdxYfzTR3wzdP7mb/7m8Pbb7/bFQeT7ja99bXAHL3iw3KuvvdanJT799Nbh2W9+4/BP/8k/Ll/asbBk19jIzcd3uy3LEyeOwYmddkfYYf7vKcvJOym8YSqzSVhylM6PjMmr2/pZtbv/2gnDdmjlOHhO07uLvSQXfzxcusHs9CVDmQU8efiI8XjEwAgfXZ3yyiU17eC2RLfM/VdClLv3QXPtLY2gpdtTj7kYtLyatre6ogNuC3XXpqRGZ0C3LpK4hEcyUnLFX/0Y56frLKgkaG/xpBcPPvRQ+6h23rtoJl1GhbIebe6Ys/RxO/ojDS2uO37wxzP4sbPztgPvM70+DrsHfe0Q4+Ctvl3R2xFNWIwWt0OsAg3YH8dwYihAzHh48MGHagAxuKz+nJ/58MaN1sW7H/Be8rmiOGNXPKLlE7/qdDef+tF2kz55hS34lOF2uZ2y41Mqv8cy4qFHhuXjpM1aohNvXPPxy7kKTXs2RbmEfYb/piZtSlBcafLIWJvQTUZibzWk/5NP56agdE7KrhZ3/tz9MRDO5OopuDMxyD443Pjw/Z416DsP0MNPrkQ0PKE7tJu7YeLok37qdpnXGXtyAD8d/3WwlE/2lKFfInfVK+LgKxuAYvKmHaVWFgJNd9Wn5nFieLxVk7HdHfFc9SvzrX5mzr2Terj6749PGOe53mQckEkQn3ns6tnnHAQ0MZoUWBIoY9jgiIjtRWljgc9KeB5zZHUNjA7U/DZwvknLt5WAu/gyGOxOti0YEz/GF9ngnNsZe4U325rwaWzGQfLQi9AYBRrybGB7myG+2+DBC/6kI8SvyYBAa33FmfCAhDuXqXtct/pKw0A85bmq3MaXH74JfsV9UmBVMXQoxtnUJ3VPmr+53TTwoC7qaAAAr5gdkNYzdSqeDsMMDfVftJOKX15cdxYmp9kCt/J3Getydy4OnzVUWkLCXDhF6YAB0mnwaVs4Qh/xIy7pqwAEC9Uoq8jCvuhu+sA3jElEsnvC/lfBjsG3v/2tOTSaunMtlTKozO/yGQyUHVzTXg7Dinvxzn/4D//h8Mvnfxnd0dYOq946PP3Vpw+PPvLwSLPlhgf/A/HTn/2svP2P/8P/cHjggfXu+3z2tnvbGWk0Wx7t8ZMR1/ARbKfWjZ6MoyOTn7TTQEc3g8aXnTJ4Hjf81wUYOB3m7FSZ2GogxDDyIiw8+zK69BGgs/qhM4zpu/EBaP0ScrULoa8OTPRnyXpWXZBJHZ3YA137YWAYLIwDnnHGdrh507sIbgV4uNYXygPckb3//PAnNwZS/3bYx7TCewkEJzbKSeLaSEz42E7zs/IU2fmNNvzee+/23RocOC8ssuPAMHj11df6L6VuT9BLMmIszbgB1xwO63hWnOEp9e3EWt5Gnj5HV9YWj00eGPLzpM2bb7x2uB25OFdg1eu1yVceeKAn8T3GVsP9k7lH7AkfsvdkxpXLV9vWfXdHdN9W+tUYZNoBc50Iu/8ZXpEtHyOPRnPFxw5/2Una6SN3PwNvrKmhul3DChSw8ULmOlnyBmTGpyOqjpvavwXid3rlSGmWO83r8N7ooA2OSQc3+tr0JNAhbcmwcsuBLpq/OH3CLZ0L5++PTC9EUp8d3nv3+uGjDz+IbjhcGFz0M37kie7wVHb702jpSSCCNkHC5hHjOiNlz6tus0ExxUZTpu8IlELDw78xfteNXzy05MYx/dLtjPZLt79zVdjZPU8sMCIZQzcTNg8ZH3tAPenNMw8H9k7GS3U+8+SD556bAh510FHQ2Sz7carZIzSIh1gqQOQ1BEKYVVXhpabtRB0UFFSh+ORhROdPscbHCEHPwGT3gGUz8ATRfz5Mx4NXx4VORzRwmDgqsOTdHxmdSwOfi+BZaJU27gKAN4CUd4ROoM0ujg5IgU9u4GYSZaErRGkoTA82Ktb6rUoV7TRSkE+aeGANYMfOk/qic//Z2baiWIyDGkopqz46F6zKsPBgs7MCLfTwVLkidgaG3YTWpxQHBik4yk9JD2/EDWA6Fz/w9SGgXtOZVHCQjAHOEDmTQfKTTrTuf9oeO6n/0G90WeyC2hVMdwoKSksmv2NF0gdFI1Kb9lEG6BdffLED3Leefbad18BbfIXtdzBhvuFck0gfDNoGTDJ+6be/7eOJv/r1r2JwjYH4laeeOvyrf/mvDt/8xjfn3nvKw3cn+mfy/Nvvf//w6muvlqd/82/+TR9zVE472cHaFLE8MjhVj7vcfy39xC3JFUIbtc3iOqn8Pe4o8+WmZFzKdQUv/5iUibL97PO+IMa2/kMPPliddD9ffcdoxsVwUr2c0uV98qgu4729sd9Ni0w2r/tRK62sj3Zyx86C5froVAYiTNri9S4KE5pJ2OBowmN0oHpfBjX1E2cYG0ccrHLbh4bW6/v4qXJPP+oOASbzHbKJJV3duoLKR3LrmoBdC7LwimUHEa9de6CHGN97770xZKJ/b775ZnTqVvuaK73ptnQQdBILjwZbV3gX4cJzHQ8TVA8eA+q24YajccYgMvJ/DLfWUwv6ggO1bhXpqBdjIDxw7VoHfbcY7MC89/57Ke0tiv4Ea9434bE6h2z3eY/05NAa6X0xW4rt9192u73a/su3Xsut7LoalcQNLvGOR/H5abyZ8dLUuX9fvPI3murIik148DU18ugkLHPhPM3fdsJ3xcPvHn87dsCr3Ck4195uSBv7Q6u+mjwGoF2Djq/p71565A+vrr/1emT9UftUJbGY73iZ8PDawKI1c0/Doa82yrUuyev7EZLgfBB65pe+PwhMcahD/JLd6BJ8q/8lXZp20feMffyJsbJ4S7hYVtgtBbeaYNBveusshoBbj91FSEFGeF9IiCLFjQ5asJ555PK9z33yqftVkA/uCjOF7mTGnsNNi8EQxGTvcfMaEuJYu+D2FkYFhFDCtUQqA0oijUEQuDtwoDcn4xkH+MLCrFgNAimbQT7Z5cluhfyeaA4t5w3Op7EZBt1+wWh8+ffNlTC7fZkE2cVjkk06XjCKXzywqISPty6SOeoWoDhC1kEn0w8eIR28kjpIBi+PDosVEYOdxuCm480AL28UCiNTd3EQowxR6OgsZdq3J5btFgxWaAmIJ13bjMt10MUvOTdcsOIUKK/lIdEQ5Cc6aa52Efo62JTpdileAc23fIur/1yBpP7JGwVHSt5iIq6ylxUg95lfevGlDr7OCvT1vJEx3RogDo3+7mgco3JO1/qDkj//i784/B//x//RQZ96XLh47vBP/vE/PvxP/9P/dPjG178+7RAkc/Ayk0bqY3fE44/KeIf9f/+v/3Un0tEXRMgO36MPdUkmaU7apCd+V/pcT7tj+Ti51ZdC/l1YQiTLk5wJ9zffDhDt/NETeBb86LUnBea5ZvXzx0VgyN8OChm0TsGjXO9Rx5Wf4tz9Ln06bZtkuZOesgyB7iK03QcWX2g0nERl9mDZyTRhgxKcJmS7M/0zJWWSZ9zYTzOpW/sU6aQ+aH6aQVpZequOw+vAtkzCSux+t50dj/axohs+ODgYA9KfeOKJPoZp0ujCI3DvvvNOjavHHnus+qUP+PO5LWO8eqcBo5Te6k5oteJklSs8XNPjJjbtlJ+GC5Kw2z/ej8BwSQU6uV/KxOVV733de2jaDXLL6NzZ8zV6tINzNXQfImcRvBvBhNdJo7KhJ/pswulLwx7a006n3Zfj47Ts8Hraw9M2SExkfyb/5LLHt7pTlxOcCW+6ZS7xtN8R/0oDWvyNT9mjfLUpWDnBxe+y/MbvSj/Jpjve0XX9/Px5BqHdXXrkf0PeP7z5+quH9999p+0LvXmmc1JH5TVuHmuRzF2HXvKz4sfd56TRUPfyNYtdBPSaHx5yaRnFhE8vZslw0mXQ+bRt9MHVeDxjwdQTVby1fydNkY57ubb/9aDlnBlq/4a4NDYdXAY84Y6Dj1ye9xzAZCVLl01EOpyK9jGZVIQtFOMiMGE6HpJaPsoGGQIqvlfEnApqPCDyTLqYkDuNN8rr3y+P/5sQXTagoD0MT/qEVf6zMn9flNx5A7cU7td63XcgoFGOabPAWS0mPgPOwp2ggUKpCYc+PgMzuxlzT7TnDqoU42YbatU9vpOTQasNqYHILfkGqXwMNgaTuiAxEHeCjZMPVuMaHKWUZicm8mIJ5xqvfjWIwl/LBJDft1jwr3Cv8ckt/ja+tOU2vi3XBMtXL9Os5WGhqwN3+86tbn1Sut1uG/WeECS4UtqeT0nuVtpCCjcU+fqNvGXZxn3llVcip/sOX/v61zp54GkbpcpIENYS2s0J+I8++uTw2uuvH37wgx8c/uP/7z8efv3rFzpoG+Sf/MoTh3/5L//l4V/8i38RfOfaKbnucgX38P/F4d133+1jjO9/cOPw9dD+xzEmyLX60wJle12nbVt/SMrcTBbVkITnOnxuHA3n4zvIJg39kUEKNG2cdvPZ8HIHYtp+Bs9cI58eIJUeXamsE+s1eK0ObJ1bWXp3hNP75GNSseqdiTWlU8gEdhIffK4MALqiX9Qo0DcCr0zz0s7C5Wul+eCEXlT/Gvcr3ED7pMnM/9Rrb3nd9dAPArzro/7K4sxLmbyKGV9jpE8/mL62EK8yu9xOJ68i9tvLF5HN+8H1+eHqA9cyQcwfS1V3g98TNPr6Qw8/3MN/6Hns0RMO6ohnO2r+30H/p3MdtOHXweLKVXBVHvjZdYobA2bS5ZPf+awoZfdJhVu3+pixnUyrxBogMWg9pnjhwsjN7Vf1swK0u2IXDAL9yJ9DEX2NYA/b0VfcMQzit86ddng5rQM7PuNfPphbbqSrBn4Wvo0SmXxa8+KZ5MIk0jonWANcmaa1WN0kTQK4jW/aUP58mh7eZlxfgH6VPXXlGgZSN/CTG12KPLwSOeJMOxwOH914//D6ay/3r7e1NbcxkSN6my9ueBsPX+ucUMdocB0f02eTbui/94uMRc6xdP6y2zMv6hseW7O4qS9Mm1bVKn7Tp09jKM8c0h1nOkhOwTW3Ac1l+u3JzmEdHsFIj29fjZ9Ffwz57sRmbnnowufPlaEQ6D3aMOCVlCqqQrMFmEkz/jPCyezNSJCPiEqq3Jk+ZTCMMSBMXDpYQEqwnbkdKHjBxXWwjQL3iYU7YS6wZ7yOMkxsRUXbmMGH9abJMSmavOctiQZuwm12hdifpE3DzeDFwXvaQJDRATDxWYnKmMaYyR21aXT4NI7BlfCVlZxvfoaOgW+76VzTwTY/vZWAvJ/Ad6s0uTV6cu2BTWXzg3LltfhsXXxybePF13rEZ8J4JOvypewgKC7VcB15uMqHbZy4iPw6CFJGFHmTg/9o8PiLTmNAlCldGS+2sVXc1Z06h3i3lJNXlOobAtDic189TvbiSy8Vn8cIbeuaNG059497Qu+TDJReWOO99f6d8flfPn/4yY9/fPjrv/7rvkYZjnPn7j989atf7V8+958gv/GNGhG9hYSBfLVF23G5119/4/CDH/4gdbp1+Ef/6B9Ome4s4DmVV/G46XR433rQ7xEfv+U28p0wNzUVcN3px9SkrLRV7oS76OkKcUe8ASDbrrZTP+EenguMtlcePx5V2m8LNIjo095mqO/dyUBhZbBlYXEwg4x+NAOVrKlvrmvQ0D/o//h9K0HfOamPUHWwkZW6KlLDSyTJdK9/B33JH+p4N4KxYnYYWj5g1c+WmQlUuomzRkI+tkwDMIMeUpWPHAQW0ZaPW7wIp7UaMMl7L8NRtvHA3NPXT3t/+sL8XTQ9f+XlV7qLYOsezx75evGlFytfb+rroVzchp+hgTbc2pJcFwdlZfLVyRjjfrj2mScn/E23f+H7sO8jiZiLo2NqxgdjjFsJtqgZLnj78MOPDjc++qjltIu/lmYcGFvR6phbw4BxWdIJL5kMY3fFT3yT4o6BwtVjdLlKveXBleH8zmKiaQtXQfIz/JzCv4u6VF4Cjc41PtCNwjHl/EzBBfL3uvKQ7/C9edZnk+z/LT671fHR2wTffOP1w1tvvtGDsQWFfl/yg3bDkeXU7ZRLfDhZhZY7gYoey0vZumQYK41R/d+I6GNUrf2tOrQqOuMR8I3XnGtucvs7Y1NwCBsHeGMHY9vkr77Tf/XXtIfcIIN/dgAZBuiBmTZUr+J/5NLhOR1TB1dzKw3WDIWjle7/U7Cbt+OzxO+LifAchue+fLzXLauACQphL/dQm7iuNlIGMYPpiUulkzbGQSxgA4+6B6RnDgIrimGGgbwlqxForm4lgPKYCQGeHrDAdeKMojXC5bonbELD1zTCiH1oTJ0JHZ2TXRRuLDLGASl3Aqmba5U6ZTSeyVC5TR/vDKxQK42+1yHpW8GslIVtA6kP40dWyBe7Jz1sKfaZ9oT3OylSmfJpB6a7NNoHQuVaf3UZPE0u3hN/2ok2Dfvi8arjKk62Jk/PWJu8yVG7qpWtUW9wm3Ye5RtcqWfKFnkwiYnXJ8/E7r335OSfF01mVpAGur/9/t8efv6Lnx9+8fNfHJ5//pd95PCFF144vPrqqzUYLmX1+eSTTxx+9/d+9/AHf/AHh+9+9w8Pz37z2bW1SmpDiAzIZVFdJubh8GIMjZ/+9KdN+W/+mz85PPboo+V5DMJARp9225f7hE/LDP9Hl/BJzrjC57rru53wxnP6usOD6cRP+tKlhYicqwdW3mkXbc+IsZKUx1lx0huyYBBI129NbHC67eBa+JCo7leXxvigy7uOfqdvDVcGnw48SdBevcZ3YMNrofSpanxCdHomt/Ztuhpv8UGnnUcwMRp36iN7OC1QYGo75IsWIwV9Ohhmi0MdZuCffqeskkeZrrwdd9vACfb2IenVF/nGBwOvty7OqqqTbAbat65f746Hx2LB4NN5FQat/3ho+8SF9CnawwvZTSYvLzlo4VtS6ODl4oVLh/PxXsnrXJYnFBw01E+6GIhXF33MrpjbDw5TGns9zmgnzvbrlavX1kQR+iE2u5NL80cEf6/b/eYuuSXcj+tK59TzCNffu52clpnoXDf8ateVWicLfXl1uTT8ZeTixUMfRaK3jZ/g2jiOPCe+9XC7akiMA/+hYC7xKOmLL75weO+dd7K4XxMpwASmFgKNHLEU9YQKsR2xjQZup49InEWgHzTpN947p0UXhBl/3YEP4o5bKWfkrEGSdqerdI2OOgc48yi9nV0j9a18Q2MOw49M208XT9NuxTpOPF9w+JR+5qlr9z/H6hBhSTsMY0K8E2XEXQlHaU3e3mLIUKiiBwG1th2zH/sDi0L1UM3iOgEn3Iq04VV0Brp7QpdS385AMK94DHyK1diIgJRz5kB6+lNwzQq4uwXxpR2SBACvzlqqqShBmWi7FRQ8VRKdi7DCbHcLwKtK+EG3j1PmWsPAbkTgvOFQg8CpMxMb/jvoapg2ikadQRUfeyAQb9nijUGQNHWCC8QeHIKuZeCagY6iaPyZ+N13dOAITcA9o+G+sjaJodJbIcFYBYA5+Orzo83H4fq020B4GX5bs8puypV3MAuJX+1iorGC8uYwbhT63sP77713uH1z/tAKnh7iymcm5s3L4k+DJiH63h0Bp62fzsrfG87I0MT3RCZ+L7F5+umnDl995pnDM8n/5rPPHv7B7/yDwz/87nd7G+Dbv/M7TX/yK1+ZVV5kpkbksuuCH3JFX03xI+35GBseo2QQMw6uZKClpyS1ZbInmvKK8bKtAtOWO1x3Ohwn73Q+XDt+Ov00HKpoN03C+mk2PvLdnX3vXtU41Ga5qpdJxkpEvjx6Rad33kc3bjQs3ZmPwsAZveoiIa63wJKOHj11tdugHJplCzsJK7GKTXzpv7A+NvD0O/2qeLchP68q7yPO0StjjzdkWoXDj55JefetygRPcXSfzux3I2yDWdvCq57t94HHG16oMxyNB079wHKj65NPjxgqvAOJfUywu1g3Y4x+pYYM40W6Ww12Etzvv8u1wYYud9K+Zabp9SZsdbPMSZ8go/vvP3+4kH7g0Bz5eNX5jQ8+bLvZjes4kfEAz9rVDsely1eSdj443Ee/WB7vjTzgo0mzO4SRzdOXdDeu8o3fPA+PM1HMz4nbsNUNbpW5yxX9knfzcTJlanzmk0jLyiaDwakckgvn3Wwud8LnMVs0Mhy+E1n5MhiiA8BNvrR7vohhkJHZreRXX3nl8NsXXzzc/GT+6MrYdBoNfuaTPGxP8vG6ORFvORFIAizcOUda67nGmcUXCIfs3cLvo4/mAaKlnwvZlstRbtGDymt/hINXf5mdhHVLKjqE631bER8MRkgrq0FbOvSEv/3ZZ4f/PxhSkRQnBpTdAAAAAElFTkSuQmCC"></p>', 4, 0, '기사단장 죽이기 - 드디어 완독!', 18, 9),
	(13, '2022-08-17 09:39:06.849108', '2022-08-17 09:40:12.315654', '<p>마지막 수족관 남방큰돌고래 \'비봉이\'가 곧 제주 바다로 돌아간다고 하네요!</p><p>바다에서의 삶은 보다 자유로웠으면 합니다!</p>', 1, 0, '제주바다의 품으로!', 17, 43),
	(14, '2022-08-17 09:44:02.793541', '2022-08-17 09:44:28.744973', '<p>향고래가 동해 바다에 나타났다는 소식 들으셨나요?</p><p>향고래를 공부하며 안 사실인데, 거대한 몸 크기 뿐 아니라 향고래는 가장 큰 뇌를 가진 동물이라고 해요!</p><p>활동 반경이 워낙 넓어서 동해에 서식하는 것은 아니지만 운이 좋으면 우리도 볼 수 있지 않을까요? 💙</p>', 1, 0, '동해 바다에 향고래 나타나다!', 17, 44),
	(15, '2022-08-17 11:14:47.022688', '2022-08-17 11:15:20.392471', '<p>완벽하게 성공은 하지 못했지만, 휴대폰으로 이정도의 퀄리티라면 만족합니다! 😸</p>', 1, 0, '밤하늘 별 찍기!', 16, 39),
	(16, '2022-08-17 11:17:39.146404', '2022-08-17 11:18:28.156792', '<p>생각보다 사람들이 많아 놀랐어요~ 🙄</p><p>모두 플래시를 끄고 사진을 찍고 있었지만,</p><p>조용한 것을 좋아하는 저에게는 다소 기대에 못미치는 장소였습니다.</p><p>그렇지만 밤하늘은 너무 예뻤어요! ✨</p>', 1, 0, '양평 벗고개 방문!', 16, 40),
	(17, '2022-08-17 11:26:07.532715', '2022-08-17 16:57:01.839441', '<p>범고래는 지능이 높기 때문에 수족관에서 많은 스트레스를 받습니다.</p><p>그러나 바다의 범고래들은 아주 자유롭게 헤엄치는 모습을 볼 수 있는데요~</p><p>범고래의 아기들은 폴짝 폴짝 점프하기를 즐깁니다.</p><p>위로 높이 점프 점프 하는 모습이 너무 행복해보이네요~</p>', 2, 0, '아기 범고래의 폴짝! 귀여워 🥰', 16, 46),
	(18, '2022-08-17 13:25:13.738882', '2022-08-17 17:08:05.858417', '<p>캘리그라피에 도전해보았습니다. </p><p>글씨 예쁘게 쓰기란 정말 만만치 않군요 😯 </p><p>꾸준히 해서 더 실력을 증진시키고 싶어요~</p>', 3, 0, 'Just be yourself', 18, 23),
	(19, '2022-08-17 14:31:13.562423', '2022-08-18 23:00:17.673337', '<p>거의 처음으로 제대로 읽어본 일본 문학.</p><p>그 시작이 하필 거장의 것이라 왠지 앞으로의 것들은 한참이나 기대치에 못 미칠 것 같기도 하지만...</p><p>그 내용보다도 그림과도 같은 표현력에 감탄을 했던 책이었다.</p>', 1, 0, '군대에서 읽었던.. 노르웨이 숲', 11, 6),
	(20, '2022-08-17 14:33:00.939136', '2022-08-18 23:00:19.509224', '<p>언젠가 인간이 고래와 친구가 되는 날도 있겠죠? 이를테면... 바다개?</p>', 2, 0, '고래와 친구가 되고 싶다. ', 11, 43),
	(21, '2022-08-17 15:09:12.770280', '2022-08-17 15:09:12.770280', '<p>무라카미 하루키의 소설은 참 맛드러진 듯하다. 담고있는 메세지 주제를 떠나. 문체가 상당히 읽기에 맛있다.</p><p>누구나 방황하던 기억을 가지고 있고, 그때의 우리의 선택은 나쁘지않았다.. 다 읽고 나서 매우 먹먹하면서 밝은 기분이 든, 오묘한 경험을 담은 책이다.</p>', 0, 0, '우린 지금 상실의 시대에 살고 있다..', 8, 6),
	(24, '2022-08-17 15:19:22.063999', '2022-08-17 15:19:34.574489', '<p>많이 추천을 하는 제노 붓펜을 구매했습니다~</p><p>벌써 설레기 시작했어요! ㅎㅎ</p>', 1, 0, '붓펜 구매하기', 1, 19),
	(25, '2022-08-17 15:23:19.806766', '2022-08-17 15:23:19.806766', '<p>붓펜에 좀 더 익숙해져 가는 기분이에요!</p><p>어떻게 하냐에 따라 다르다니...</p><p>쉽지 않지만 그래도 신기하고 재밌었습니다!!</p>', 0, 0, '선 연습을 했습니다', 1, 20),
	(26, '2022-08-17 15:23:44.901493', '2022-08-18 23:00:15.239490', '<p>근데 솔직히 내용은 이해가 안 갔어요 ㅋㅋㅋ </p>', 1, 0, '이 책 또한 군대에서 읽었는데...', 11, 49),
	(27, '2022-08-17 15:24:48.163569', '2022-08-18 23:00:13.257851', '<p>철학 교수님이 요즘 같은 시대에 이방인이 필요하다 해서 읽어봤는데...</p><p>제 머리가 돌인지 잘 이해가 안 갔어요.</p>', 1, 0, '보고 나서 멍했던 기억이....', 11, 51),
	(28, '2022-08-17 15:24:49.282538', '2022-08-17 15:24:58.209911', '<p>사진 찍는게 만만치 않더군요.</p><p>휴대폰으로는 한계가 있는 것 같아요.</p><p>카메라가 있다면 더 멋진 사진을 담을 수 있을 것 같습니다!</p>', 1, 0, '평창 육백마지기 넘나 좋았어용!', 20, 42),
	(29, '2022-08-17 15:34:26.863973', '2022-08-17 15:34:26.863973', '<p>나만의 글씨를 찾아보는 시간이었다.</p><p>많은 연습이 필요하지만 달라진 글씨를 보면 또 뿌듯해진다! ㅎㅎ</p>', 0, 0, '모음 자음 연습하기!', 1, 21),
	(36, '2022-08-17 15:50:08.724194', '2022-08-17 17:37:29.144169', '<p>식물은 키워본적 없지만 한번 시작해보려고 합니다!</p><p><br></p><p>잘 할수 있을지 의문이지만 </p><p><br></p><p>일단 해보는거죠 ㅋㅋ</p>', 1, 0, '저도 시작해보려구요! 드루이드 퀘스트!', 15, 82),
	(37, '2022-08-17 15:50:29.232843', '2022-08-17 17:38:03.877762', '<p>캘리그라피를 하면 보기 좋은 긍정의 단어를 생각하고 연습하고 쓰게 됩니다.</p><p>캘리그라피를 통해서 조금은 즐거운 삶으로 변하게 되는게 아닐까요?</p><p>글씨를 통해서 힐링도 했습니다!</p>', 1, 0, '긍정의 낱말 적기', 1, 22),
	(38, '2022-08-17 15:51:21.358047', '2022-08-17 17:35:41.964586', '<p>어느새 토마토가 이렇게 무럭무럭 자랐습니다.</p><p><br></p><p>시작한지 얼마 안된 것 같은데 정말 빠르네요!</p><p><br></p><p>이대로 점점 큰것도 키워보고 싶더라구요 ㅋㅋ</p>', 2, 0, '토마토는 거꾸로해도 토마토', 15, 85),
	(39, '2022-08-17 15:53:07.508196', '2022-08-17 17:43:41.172215', '<p>많이 발전된 모습입니다 ㅎㅎ</p><p>불가능이라고 여긴 글씨가 이렇게...</p><p>할수 있다 하면 된다</p>', 1, 0, '문장으로 써보기', 1, 23),
	(40, '2022-08-17 15:54:55.081691', '2022-08-17 17:38:27.714325', '<p>오늘 하루도 수고했습니다~ ㅎㅎ</p>', 1, 0, '책갈피도 만들어 봤습니다!', 1, 24),
	(41, '2022-08-17 15:58:23.623819', '2022-08-17 15:58:23.623819', '<p>굵은 펜으로 연습했습니다.</p><p>굵은 펜은 또 다른 시작이네요 ㅎㅎ</p>', 0, 0, '굵은 펜은 또 다른 시작이네요', 1, 25),
	(42, '2022-08-17 16:00:39.803773', '2022-08-18 10:24:03.623962', '<p>캘리그라피는 어렵지 않습니다</p><p>ㅎㅎ 모두 잘 할 수 있습니다!</p>', 1, 0, '캘리그라피는 어렵지 않습니다', 1, 26),
	(43, '2022-08-17 16:09:54.170738', '2022-08-17 16:09:54.170738', '<p>원형 스티커를 만들어 봤습니다!</p><p>종이에 쓰는 것과는 또 다른 느낌이네요 ㅎㅎ</p>', 0, 0, '감사합니다', 1, 27),
	(44, '2022-08-17 16:13:24.387719', '2022-08-17 17:38:01.210795', '<p>저도 이런 글씨를 가지고 작품처럼 느껴지게 되다니...</p><p>신기하네요 볼 때마다 뿌듯하네요 ㅎㅎ</p>', 1, 0, '긴 문장으로 작품을 만들었습니다', 1, 28),
	(45, '2022-08-17 16:14:58.072389', '2022-08-17 19:30:13.271269', '<p>지금이 적기이다 싶어서 바로</p><p><br></p><p>마트 달려가서 용기 산 다음에</p><p><br></p><p>소분 딱 하고 냉장고에 넣어놨습니다!</p><p><br></p><p>아직 음식은 안했지만 마음이 든든하네요!</p>', 2, 0, '바로 마트 달려서 소분 탁탁!', 22, 31),
	(46, '2022-08-17 16:18:21.627631', '2022-08-18 10:23:54.932379', '<p>정말 누구에게 선물하기도 좋은 캘리엽서를 저도 직접 만들어 봤습니다 ㅎㅎ</p><p>주변에 마음 편하게 선물하기 좋은거 같아요</p>', 1, 0, '캘리엽서를 만들었습니다', 1, 29),
	(47, '2022-08-17 16:18:55.483513', '2022-08-17 19:30:08.770352', '<p>포터블 스피커와 함께라면 어디든지</p><p><br></p><p>지용과 함께할 수 있어요!</p><p><br></p><p>언제나 귀가 즐겁네요 다른 분들도 꼭 들어보셨으면</p><p><br></p><p>좋겠습니다. 정말 좋은 챌린지에요 </p>', 2, 0, '이곳저곳 돌아다니며 스피커로 듣고 있습니다!', 22, 89),
	(48, '2022-08-17 16:56:16.808578', '2022-08-17 16:56:36.032168', '<p>벨루가 하얘서 너무 예쁘지 않나요?</p>', 1, 0, '벨루가 예뻐요', 17, 45),
	(49, '2022-08-17 16:57:40.709093', '2022-08-17 19:30:02.518568', '<p>범고래 너무 모양이 멋있지않나요?</p>', 2, 0, '범고래 멋쟁이!', 17, 46),
	(50, '2022-08-17 17:19:13.924555', '2022-08-17 17:19:25.004143', '<p>기교가 현란하네요. 이번 생에 그의 곡을 들을 수 있다니! 행운입니다!</p>', 1, 0, '현란한 기교에 놀라다', 26, 91),
	(51, '2022-08-17 17:36:05.941747', '2022-08-17 17:36:05.941747', '<p>기분이 안좋을 때면 초록초록한 자연이 저를 위로해줍니다. 자연 느끼기! 모두에게 추천합니다.</p>', 0, 0, '자연느끼기 성공', 26, 87),
	(52, '2022-08-17 17:37:18.677874', '2022-08-17 17:37:18.677874', '<p>이 화분엔 어떤 식물의 새싹이 피어날까요? 제가 한 번 도전해보겠습니다!</p>', 0, 0, '시작이 반!', 26, 82),
	(53, '2022-08-17 17:47:26.721167', '2022-08-17 17:47:26.721167', '<p>최애! 너무 좋았어요! </p>', 0, 0, '최애!', 26, 67),
	(54, '2022-08-17 17:48:49.185969', '2022-08-18 09:12:57.900653', '<p>조인성만 보였다...</p>', 1, 0, '장재열... 마지막회에 펑펑 ㅠㅠ ', 26, 68),
	(55, '2022-08-17 17:51:20.764729', '2022-08-18 09:12:40.452378', '<p>저도 나이들면 이런 친구들과 함께했으면 좋겠어요!</p>', 1, 0, '너무 예뻤던 드라마', 26, 69),
	(56, '2022-08-17 17:52:48.720196', '2022-08-17 19:29:56.190550', '<p>2편이 제발 나왔으면 좋겠다 🥺</p>', 1, 0, '이거 2편은 안나오나요...?', 26, 70),
	(58, '2022-08-18 14:59:26.618580', '2022-08-18 14:59:26.618580', '<p>정말 재미있는 책이었어요!</p><p><br></p><p><span class="ql-size-large">다음에는 꼭 친구와 함께 이 책에 이야기해보고 싶습니다!</span></p>', 0, 0, '저도 책 읽기 참여합니다.!!!', 30, 6),
	(59, '2022-08-18 15:25:11.315863', '2022-08-18 15:25:11.315863', '<p>정말 재미있는 책이었습니다.!</p><p><br></p><p>3권이 없는게 정말 아쉬울 따름..</p>', 0, 0, '저도 이번 기회에 읽게 되었어요!', 30, 7);

-- 테이블 moggozi.post_img 구조 내보내기
CREATE TABLE IF NOT EXISTS `post_img` (
  `id` bigint(20) NOT NULL AUTO_INCREMENT,
  `order_id` int(11) NOT NULL,
  `path` varchar(255) DEFAULT NULL,
  `post_id` bigint(20) DEFAULT NULL,
  PRIMARY KEY (`id`),
  KEY `FK1xffckk49kb41ulrxum2gx3n1` (`post_id`),
  CONSTRAINT `FK1xffckk49kb41ulrxum2gx3n1` FOREIGN KEY (`post_id`) REFERENCES `post` (`post_id`)
) ENGINE=InnoDB AUTO_INCREMENT=63 DEFAULT CHARSET=utf8mb4;

-- 테이블 데이터 moggozi.post_img:~46 rows (대략적) 내보내기
INSERT INTO `post_img` (`id`, `order_id`, `path`, `post_id`) VALUES
	(1, 0, 'https://firebasestorage.googleapis.com/v0/b/moggozi-2be28.appspot.com/o/post%2F1?alt=media&token=0b1fa820-6536-4504-bfd6-3b78a485e005', 1),
	(2, 0, 'https://firebasestorage.googleapis.com/v0/b/moggozi-2be28.appspot.com/o/post%2F2?alt=media&token=068a2cb2-51bc-468a-8de5-e56ebd008231', 2),
	(3, 0, 'https://firebasestorage.googleapis.com/v0/b/moggozi-2be28.appspot.com/o/post%2F6?alt=media&token=09880d24-cd3f-437b-8942-ee3e7be5ca2f', 6),
	(4, 0, 'https://firebasestorage.googleapis.com/v0/b/moggozi-2be28.appspot.com/o/post%2F7?alt=media&token=f0c2eef8-356d-43e4-8d3d-fb4f8bd04c06', 7),
	(5, 0, 'https://firebasestorage.googleapis.com/v0/b/moggozi-2be28.appspot.com/o/post%2F5?alt=media&token=32e5c977-e9b0-43cd-9388-34b92e654c1b', 5),
	(6, 0, 'https://firebasestorage.googleapis.com/v0/b/moggozi-2be28.appspot.com/o/post%2F8?alt=media&token=8ce075eb-9d1c-47ae-b14a-fe050063440e', 8),
	(7, 0, 'https://firebasestorage.googleapis.com/v0/b/moggozi-2be28.appspot.com/o/post%2F9?alt=media&token=78f0c419-a686-42fa-807e-0ffd21ab9523', 9),
	(17, 0, 'https://firebasestorage.googleapis.com/v0/b/moggozi-2be28.appspot.com/o/post%2F11?alt=media&token=515b886d-1d9c-4ce0-be4b-e529bd18df24', 11),
	(20, 0, 'https://firebasestorage.googleapis.com/v0/b/moggozi-2be28.appspot.com/o/post%2F10?alt=media&token=e2b6f87f-a750-48e1-9973-ccadf3af13cc', 10),
	(23, 0, 'https://firebasestorage.googleapis.com/v0/b/moggozi-2be28.appspot.com/o/post%2F13?alt=media&token=28830e20-8949-4e0c-9127-120a2a5814e6', 13),
	(24, 0, 'https://firebasestorage.googleapis.com/v0/b/moggozi-2be28.appspot.com/o/post%2F14?alt=media&token=292b15b2-cbbc-45d9-ac5d-5913ff9d860b', 14),
	(25, 0, 'https://firebasestorage.googleapis.com/v0/b/moggozi-2be28.appspot.com/o/post%2F15?alt=media&token=76302894-f76d-4eed-9d54-917b5e7e891c', 15),
	(26, 0, 'https://firebasestorage.googleapis.com/v0/b/moggozi-2be28.appspot.com/o/post%2F16?alt=media&token=e33b202f-f826-4c52-90ad-8c66106b3439', 16),
	(27, 0, 'https://firebasestorage.googleapis.com/v0/b/moggozi-2be28.appspot.com/o/post%2F17?alt=media&token=7fef94a2-dc97-41f9-87f5-45849f649af1', 17),
	(28, 0, 'https://firebasestorage.googleapis.com/v0/b/moggozi-2be28.appspot.com/o/post%2F18?alt=media&token=e38cab97-4b5e-4a26-9d1e-1fb61d2c0459', 18),
	(29, 0, 'https://firebasestorage.googleapis.com/v0/b/moggozi-2be28.appspot.com/o/post%2F19?alt=media&token=8a054ab1-5063-4a7d-b281-bb0d75a92f49', 19),
	(30, 0, 'https://firebasestorage.googleapis.com/v0/b/moggozi-2be28.appspot.com/o/post%2F20?alt=media&token=19bd63a3-0b4f-4d78-acb1-e537a196cb09', 20),
	(31, 0, 'https://firebasestorage.googleapis.com/v0/b/moggozi-2be28.appspot.com/o/post%2F21?alt=media&token=399e0380-48a8-4f12-8116-5a6fa9ac07e8', 21),
	(32, 0, 'https://firebasestorage.googleapis.com/v0/b/moggozi-2be28.appspot.com/o/post%2F24?alt=media&token=5aee257f-ca84-4cf8-9cda-6d866a9fa24d', 24),
	(33, 0, 'https://firebasestorage.googleapis.com/v0/b/moggozi-2be28.appspot.com/o/post%2F25?alt=media&token=a859c58b-adc4-4415-b802-df17e714711f', 25),
	(34, 0, 'https://firebasestorage.googleapis.com/v0/b/moggozi-2be28.appspot.com/o/post%2F26?alt=media&token=fafa2dba-bba9-4c9b-839a-fada3bc12036', 26),
	(35, 0, 'https://firebasestorage.googleapis.com/v0/b/moggozi-2be28.appspot.com/o/post%2F27?alt=media&token=de930cba-d93a-4869-8b52-fa6512d9a76f', 27),
	(36, 0, 'https://firebasestorage.googleapis.com/v0/b/moggozi-2be28.appspot.com/o/post%2F28?alt=media&token=347b92e8-3e83-4101-882f-1465967fe0b0', 28),
	(37, 0, 'https://firebasestorage.googleapis.com/v0/b/moggozi-2be28.appspot.com/o/post%2F29?alt=media&token=52c1b750-f412-43fc-adee-8e92367e61a2', 29),
	(38, 0, 'https://firebasestorage.googleapis.com/v0/b/moggozi-2be28.appspot.com/o/post%2F36?alt=media&token=cd394065-2b15-49fc-bdad-afa03254d169', 36),
	(39, 0, 'https://firebasestorage.googleapis.com/v0/b/moggozi-2be28.appspot.com/o/post%2F37?alt=media&token=bb4594a2-042a-4c5f-98db-cfb90a5e76bb', 37),
	(40, 0, 'https://firebasestorage.googleapis.com/v0/b/moggozi-2be28.appspot.com/o/post%2F38?alt=media&token=9f39088e-1c22-41a9-9822-ac4223020c02', 38),
	(41, 0, 'https://firebasestorage.googleapis.com/v0/b/moggozi-2be28.appspot.com/o/post%2F39?alt=media&token=6cda86b2-ea69-4ec0-94ec-c1ed587518c5', 39),
	(42, 0, 'https://firebasestorage.googleapis.com/v0/b/moggozi-2be28.appspot.com/o/post%2F40?alt=media&token=3149cb22-3cc2-4a06-adfb-a2bd5aaf9ea8', 40),
	(43, 0, 'https://firebasestorage.googleapis.com/v0/b/moggozi-2be28.appspot.com/o/post%2F41?alt=media&token=65b63d83-571d-45fd-9160-d129dab1b545', 41),
	(44, 0, 'https://firebasestorage.googleapis.com/v0/b/moggozi-2be28.appspot.com/o/post%2F42?alt=media&token=8844d4cf-0246-46ec-90b2-8ef6b15362d9', 42),
	(45, 0, 'https://firebasestorage.googleapis.com/v0/b/moggozi-2be28.appspot.com/o/post%2F43?alt=media&token=81b73a4f-62e1-4ac7-bd20-668680c4e8d2', 43),
	(46, 0, 'https://firebasestorage.googleapis.com/v0/b/moggozi-2be28.appspot.com/o/post%2F44?alt=media&token=e8fdab35-ef90-4bab-911c-ec4aea827af2', 44),
	(48, 0, 'https://firebasestorage.googleapis.com/v0/b/moggozi-2be28.appspot.com/o/post%2F45?alt=media&token=84b36f5e-ca4f-47e3-bc32-78a348c52614', 45),
	(49, 0, 'https://firebasestorage.googleapis.com/v0/b/moggozi-2be28.appspot.com/o/post%2F46?alt=media&token=00928033-f67e-4843-a938-91cfc0c6949c', 46),
	(50, 0, 'https://firebasestorage.googleapis.com/v0/b/moggozi-2be28.appspot.com/o/post%2F47?alt=media&token=bd99f4fa-aa19-4785-ba9b-a072df21c17c', 47),
	(51, 0, 'https://firebasestorage.googleapis.com/v0/b/moggozi-2be28.appspot.com/o/post%2F48?alt=media&token=d36b19a9-2405-4b09-9f40-0a252a1730e0', 48),
	(52, 0, 'https://firebasestorage.googleapis.com/v0/b/moggozi-2be28.appspot.com/o/post%2F50?alt=media&token=b4abf339-a02c-4294-8b2b-e62d72042d29', 50),
	(53, 0, 'https://firebasestorage.googleapis.com/v0/b/moggozi-2be28.appspot.com/o/post%2F51?alt=media&token=20f4be78-f286-436e-a55f-e4e1c3b1b888', 51),
	(54, 0, 'https://firebasestorage.googleapis.com/v0/b/moggozi-2be28.appspot.com/o/post%2F52?alt=media&token=76b4c332-407c-4dea-962b-f606bacbc2a9', 52),
	(55, 0, 'https://firebasestorage.googleapis.com/v0/b/moggozi-2be28.appspot.com/o/post%2F53?alt=media&token=bc1cf87d-d373-4268-a451-a2872545022d', 53),
	(58, 0, 'https://firebasestorage.googleapis.com/v0/b/moggozi-2be28.appspot.com/o/post%2F54?alt=media&token=c5434bf3-b328-4b35-8d12-2cf29b69dbd3', 54),
	(59, 0, 'https://firebasestorage.googleapis.com/v0/b/moggozi-2be28.appspot.com/o/post%2F55?alt=media&token=4a580c43-87f0-4036-a9ba-1ac1cfb197cd', 55),
	(60, 0, 'https://firebasestorage.googleapis.com/v0/b/moggozi-2be28.appspot.com/o/post%2F56?alt=media&token=30cfcbbe-57ce-4965-9965-808a0456a6d7', 56),
	(61, 0, 'https://firebasestorage.googleapis.com/v0/b/moggozi-2be28.appspot.com/o/post%2F58?alt=media&token=5f811ec9-9710-470e-aa90-48b139813b48', 58),
	(62, 0, 'https://firebasestorage.googleapis.com/v0/b/moggozi-2be28.appspot.com/o/post%2F59?alt=media&token=6ce0e520-a4d4-4008-b5e9-54cde0c25b18', 59);

-- 테이블 moggozi.post_like 구조 내보내기
CREATE TABLE IF NOT EXISTS `post_like` (
  `id` bigint(20) NOT NULL AUTO_INCREMENT,
  `member_id` bigint(20) DEFAULT NULL,
  `post_id` bigint(20) DEFAULT NULL,
  PRIMARY KEY (`id`),
  KEY `FKqjxwr6kkv6pw2e4pwy4yktxyk` (`member_id`),
  KEY `FKj7iy0k7n3d0vkh8o7ibjna884` (`post_id`),
  CONSTRAINT `FKj7iy0k7n3d0vkh8o7ibjna884` FOREIGN KEY (`post_id`) REFERENCES `post` (`post_id`),
  CONSTRAINT `FKqjxwr6kkv6pw2e4pwy4yktxyk` FOREIGN KEY (`member_id`) REFERENCES `member` (`member_id`)
) ENGINE=InnoDB AUTO_INCREMENT=53 DEFAULT CHARSET=utf8mb4;

-- 테이블 데이터 moggozi.post_like:~51 rows (대략적) 내보내기
INSERT INTO `post_like` (`id`, `member_id`, `post_id`) VALUES
	(1, 3, 2),
	(2, 13, 2),
	(3, 18, 10),
	(4, 18, 9),
	(5, 18, 11),
	(7, 17, 13),
	(8, 17, 14),
	(9, 16, 15),
	(10, 16, 16),
	(11, 16, 11),
	(12, 16, 10),
	(13, 16, 9),
	(14, 18, 18),
	(15, 20, 11),
	(16, 20, 18),
	(17, 20, 10),
	(18, 20, 9),
	(19, 1, 24),
	(20, 20, 28),
	(21, 20, 17),
	(22, 8, 10),
	(23, 22, 10),
	(24, 22, 9),
	(25, 22, 11),
	(26, 17, 48),
	(27, 17, 17),
	(28, 17, 18),
	(29, 26, 50),
	(30, 26, 47),
	(31, 26, 49),
	(32, 26, 45),
	(33, 26, 38),
	(34, 15, 38),
	(35, 26, 36),
	(36, 26, 44),
	(37, 26, 37),
	(38, 26, 40),
	(39, 4, 20),
	(40, 26, 39),
	(41, 8, 56),
	(42, 8, 49),
	(43, 8, 47),
	(44, 8, 45),
	(45, 28, 55),
	(46, 28, 54),
	(47, 18, 46),
	(48, 18, 42),
	(49, 8, 27),
	(50, 8, 26),
	(51, 8, 19),
	(52, 8, 20);

-- 테이블 moggozi.refresh_token 구조 내보내기
CREATE TABLE IF NOT EXISTS `refresh_token` (
  `id` bigint(20) NOT NULL AUTO_INCREMENT,
  `expiry_date` datetime(6) NOT NULL,
  `token` varchar(255) NOT NULL,
  `member_id` bigint(20) DEFAULT NULL,
  PRIMARY KEY (`id`),
  UNIQUE KEY `UK_r4k4edos30bx9neoq81mdvwph` (`token`),
  KEY `FK5gdbafb2i76hk1ai18ah6an4w` (`member_id`),
  CONSTRAINT `FK5gdbafb2i76hk1ai18ah6an4w` FOREIGN KEY (`member_id`) REFERENCES `member` (`member_id`)
) ENGINE=InnoDB AUTO_INCREMENT=119 DEFAULT CHARSET=utf8mb4;

-- 테이블 데이터 moggozi.refresh_token:~29 rows (대략적) 내보내기
INSERT INTO `refresh_token` (`id`, `expiry_date`, `token`, `member_id`) VALUES
	(1, '2022-08-17 21:13:23.391076', 'a0d48647-3eb4-4599-b4a7-d26c81775fa4', 2),
	(2, '2022-08-17 21:30:51.458214', 'de37770c-4407-4e53-94cb-a18429fe7c9e', 3),
	(3, '2022-08-17 23:39:31.611430', 'b2f2ea2a-37b3-4d02-b860-8ae194766b26', 3),
	(9, '2022-08-17 22:54:34.457399', '633aae0d-7fd5-4a2a-b7fe-881ea9276cd3', 8),
	(12, '2022-08-18 01:41:57.374858', 'e8538bcc-d80c-4250-91c0-f954eb6fe966', 14),
	(23, '2022-08-18 08:47:07.641739', '146128c3-ad73-49ab-8e14-5dbf87d3aa05', 8),
	(42, '2022-08-18 14:26:35.686659', 'e8805060-6c09-432d-aead-1c8bcbd5129f', 21),
	(49, '2022-08-18 15:13:15.808914', 'f964007e-3064-4885-8e67-0f5b9723ef69', 8),
	(50, '2022-08-18 15:14:03.756009', '7de66ee9-e7a3-4999-af02-d778005104e0', 8),
	(52, '2022-08-18 15:34:54.679193', '35402455-38f4-48ea-8f9a-9eaff7ebf1dc', 8),
	(53, '2022-08-18 15:36:50.076586', 'e85b0775-43da-4fc8-8277-205b4e77007e', 8),
	(63, '2022-08-18 16:09:48.962162', 'f61d069a-203a-4e20-80b8-e71f5ee4f8a2', 22),
	(66, '2022-08-18 17:13:54.345372', '0b514f93-8d2c-43dc-934d-f47c532ff30a', 26),
	(69, '2022-08-18 19:29:44.922128', '35d200d3-995b-4be7-891c-4f08d42c35f4', 8),
	(76, '2022-08-19 05:43:35.588282', '0ef8feef-10a7-4089-b436-c5053a6e6180', 8),
	(78, '2022-08-19 09:20:02.127947', '3b7c924b-3b98-44e4-b54c-c0ef53652e41', 17),
	(84, '2022-08-19 10:50:51.620951', '8ff62a4e-373e-4d64-84d8-5bbc85be3aeb', 8),
	(93, '2022-08-19 13:15:49.990659', 'a709f27f-bf2b-48e8-bfed-a138f2a2f2c7', 15),
	(98, '2022-08-19 14:51:19.358590', '07672a96-2e67-4cfb-a5c7-2da72b64a750', 30),
	(99, '2022-08-19 14:53:25.786878', '2e22da61-7a44-417b-9030-93ac2e5bfb33', 15),
	(107, '2022-08-19 16:46:46.673721', 'e8a26f3a-ea01-4a18-9efe-3ac22d25a073', 18),
	(109, '2022-08-19 22:58:52.186812', 'a70ad123-cf2e-4dfc-a82c-18cca2d0e0dd', 8),
	(111, '2022-08-19 23:13:59.738128', '721ad8cb-e666-4a44-bb84-5dbf15cad2e6', 8),
	(112, '2022-08-20 00:02:19.223308', '58d8e2cb-26e5-437e-b35c-8d51e40b8da3', 15),
	(113, '2022-08-20 00:03:33.220188', 'ae7d58c1-bf75-4f6d-acc7-b9fb121d7f62', 15),
	(114, '2022-08-20 00:56:10.438881', '38f7da25-8ac4-442f-ad99-a93cdfa3b319', 15),
	(116, '2022-08-20 08:30:29.976812', 'd0b58eb5-95af-4b97-a13c-d96f7d445b58', 4),
	(117, '2022-08-20 09:17:12.276165', '789b8320-92b1-4ec3-bc28-b267f6531c4c', 18),
	(118, '2022-08-20 09:37:32.278404', '0c9a709c-485a-4dbe-9f74-f9efa681da81', 4);

-- 테이블 moggozi.review 구조 내보내기
CREATE TABLE IF NOT EXISTS `review` (
  `id` bigint(20) NOT NULL AUTO_INCREMENT,
  `created_date` datetime(6) DEFAULT NULL,
  `modified_date` datetime(6) DEFAULT NULL,
  `rate` int(11) NOT NULL,
  `review_content` longtext DEFAULT NULL,
  `challenge_id` bigint(20) DEFAULT NULL,
  `user_id` bigint(20) DEFAULT NULL,
  PRIMARY KEY (`id`),
  KEY `FK6m8s9hw3ikig7cs8q613povd7` (`challenge_id`),
  KEY `FKftigstljpbfi7sken0ai131nk` (`user_id`),
  CONSTRAINT `FK6m8s9hw3ikig7cs8q613povd7` FOREIGN KEY (`challenge_id`) REFERENCES `challenge` (`id`),
  CONSTRAINT `FKftigstljpbfi7sken0ai131nk` FOREIGN KEY (`user_id`) REFERENCES `member` (`member_id`)
) ENGINE=InnoDB AUTO_INCREMENT=44 DEFAULT CHARSET=utf8mb4;

-- 테이블 데이터 moggozi.review:~35 rows (대략적) 내보내기
INSERT INTO `review` (`id`, `created_date`, `modified_date`, `rate`, `review_content`, `challenge_id`, `user_id`) VALUES
	(1, '2022-08-16 23:47:57.768515', '2022-08-16 23:47:57.768515', 5, '고슴도치를 사랑하는 당신! 오늘의 운세는.... 두구두구두구', 5, 11),
	(3, '2022-08-17 00:01:01.190331', '2022-08-17 00:01:01.190331', 5, '그동안 소설 읽기 미루기만 했었는데 이번 기회를 통해 무라카미 팬이 됐어요! 취미챌린지 짱! 🥰', 1, 13),
	(4, '2022-08-17 00:52:35.251369', '2022-08-17 00:52:35.251369', 5, '내가 만든 거지만... 진짜 코테 공부 순서에 딱 알맞다! ', 6, 11),
	(5, '2022-08-17 00:53:24.549768', '2022-08-17 00:53:24.549768', 5, '3대 몇이세호?', 2, 11),
	(6, '2022-08-17 01:42:23.866321', '2022-08-17 01:42:23.866321', 5, '도전할래요!!!!', 6, 14),
	(7, '2022-08-17 05:01:00.520707', '2022-08-17 05:01:00.520707', 5, '고래 챌린지 제가 기획하였지만 참여도 해보았어요! 고래는 알면알수록 끝없는 동물이니까요! 😎', 12, 18),
	(8, '2022-08-17 09:36:44.031451', '2022-08-17 16:59:14.140402', 4, '저는 벨루가를 가장 좋아합니다. ', 12, 17),
	(9, '2022-08-17 10:34:36.896026', '2022-08-17 10:34:36.896026', 5, '이번엔 꼭 완주!', 13, 16),
	(10, '2022-08-17 11:12:59.300662', '2022-08-17 11:15:06.895726', 5, '제가 한 번 별들을 찍어보았습니다! :) 스테이지 성공하니 기분이 좋네용! 🧡', 11, 16),
	(11, '2022-08-17 11:20:44.301988', '2022-08-17 11:20:44.301988', 4, '고래 얘기에 제가 빠질 수 없죠. 제가 범고래에 대해 알려드리겠습니다!', 12, 16),
	(17, '2022-08-17 12:19:41.194903', '2022-08-17 12:19:41.194903', 2, '고슴도치 귀엽지만 키우기 어렵습니다 ㅠㅠ', 5, 4),
	(18, '2022-08-17 13:19:23.875471', '2022-08-17 13:19:23.875471', 4, '무라카미 하루키 너무 좋은 작가죠! 항상 재미있게 읽고 있습니다!', 1, 15),
	(19, '2022-08-17 13:19:26.066089', '2022-08-17 13:19:26.066089', 5, '손글씨 쓰기가 너무 어려웠는데 덕분에 글씨가 조금씩 예뻐지고 있어요!', 8, 18),
	(20, '2022-08-17 14:21:02.254202', '2022-08-17 14:21:02.254202', 4, '군대에서 노르웨이 숲 읽었었음 ㅋㅋ 재밌었는데 ', 1, 11),
	(23, '2022-08-17 15:10:25.260332', '2022-08-17 15:10:25.260332', 5, '저도 잘 아는 범고래가 있는데 보면 너무 이쁘더라구요', 12, 1),
	(24, '2022-08-17 15:23:16.433130', '2022-08-17 15:23:16.433130', 5, '저는 평창 육백마지기에 다녀왔습니다. 너무 멋진  곳이었어요!', 11, 20),
	(25, '2022-08-17 15:25:11.600993', '2022-08-17 15:25:11.600993', 3, '제겐 너무 어려운 책들이네요...', 13, 11),
	(26, '2022-08-17 15:25:40.881370', '2022-08-17 15:25:40.881370', 5, '요즘 같이 글씨 쓸 일이 별로 없는 사회에서 켈리그라피를 통해 힐링하는 시간이 되었습니다 ㅎㅎ', 8, 11),
	(27, '2022-08-17 15:26:13.997332', '2022-08-17 15:26:13.997332', 5, '이번엔 꼭 고래에 대해 더 많이 공부해보겠습니다! 하늘을 나는 고래도 있을까요?', 12, 20),
	(28, '2022-08-17 15:43:49.738888', '2022-08-17 15:43:49.738888', 4, '이를 계기로 일본영화 한번 도전해볼까요?', 15, 11),
	(29, '2022-08-17 15:48:47.261058', '2022-08-17 15:48:47.261058', 5, '이번엔 꼭 완주!', 15, 18),
	(30, '2022-08-17 15:49:08.849559', '2022-08-17 15:49:08.849559', 5, '지용 너무 좋아용 😍', 23, 18),
	(31, '2022-08-17 16:09:57.233475', '2022-08-17 16:09:57.233475', 4, '글씨 저도 잘 쓰고 싶어요 ㅠㅠ', 8, 4),
	(32, '2022-08-17 16:10:43.057231', '2022-08-17 16:10:43.057231', 5, '자연 친화적인 챌린지라 정말 좋은 것 같아요! 잘 즐기다 갑니다!', 19, 22),
	(33, '2022-08-17 16:13:32.342240', '2022-08-17 16:13:32.342240', 4, '자취하면서 밥먹는게 제일 어려운데, 덕분에 실력이 많이 늘은 것 같아요.! 😊', 7, 22),
	(34, '2022-08-17 16:17:24.319480', '2022-08-17 16:17:24.319480', 5, '악기는 못 다루지만, 듣는 건 항상 행복합니다! 좋은 클래식 연주자를 알아가게 되어서 너무 좋네요🤗', 23, 22),
	(35, '2022-08-17 17:13:23.444240', '2022-08-17 17:13:23.444240', 3, 'AWS 배포 도전!', 28, 17),
	(36, '2022-08-17 17:14:20.004682', '2022-08-17 17:14:20.004682', 5, '도전도전! 할 수 있다!', 28, 26),
	(37, '2022-08-17 17:18:26.435829', '2022-08-17 17:18:26.435829', 5, '라흐마니노프... 제가 한 번 들어보겠습니당', 23, 26),
	(38, '2022-08-17 17:26:47.346122', '2022-08-17 17:26:47.346122', 4, '요리 정복해보겠습니다!', 7, 26),
	(39, '2022-08-17 17:29:05.620222', '2022-08-17 17:29:05.620222', 4, '저는 그의 소설보다 자서전 형식으로 쓴 글들이 좋더라구요! 달리기를 말할 때 내가 하고 싶은 이야기 추천추천', 1, 26),
	(40, '2022-08-17 17:34:36.901035', '2022-08-17 17:34:36.901035', 5, '자연을 느낄 수 있어 좋았습니다! 고구마 키우기 이번에는 성공해보겠습니다!', 19, 26),
	(41, '2022-08-17 17:53:47.817475', '2022-08-17 17:53:47.817475', 5, '완주 성공!', 17, 26),
	(42, '2022-08-18 15:27:30.035020', '2022-08-18 15:27:30.035020', 5, '정말 좋은 기획인것 같습니다!', 12, 30),
	(43, '2022-08-19 01:14:31.872397', '2022-08-19 01:14:31.872397', 4, '\'직업으로서의 소설가\'도 재밌어요!!', 1, 36);

-- 테이블 moggozi.roles 구조 내보내기
CREATE TABLE IF NOT EXISTS `roles` (
  `role_id` bigint(20) NOT NULL AUTO_INCREMENT,
  `name` varchar(255) DEFAULT NULL,
  PRIMARY KEY (`role_id`)
) ENGINE=InnoDB AUTO_INCREMENT=205 DEFAULT CHARSET=utf8mb4;

-- 테이블 데이터 moggozi.roles:~204 rows (대략적) 내보내기
INSERT INTO `roles` (`role_id`, `name`) VALUES
	(1, 'ROLE_USER'),
	(2, 'ROLE_INVALIDATED_USER'),
	(3, 'ROLE_ADMIN'),
	(4, 'ROLE_USER'),
	(5, 'ROLE_INVALIDATED_USER'),
	(6, 'ROLE_ADMIN'),
	(7, 'ROLE_USER'),
	(8, 'ROLE_INVALIDATED_USER'),
	(9, 'ROLE_ADMIN'),
	(10, 'ROLE_USER'),
	(11, 'ROLE_INVALIDATED_USER'),
	(12, 'ROLE_ADMIN'),
	(13, 'ROLE_USER'),
	(14, 'ROLE_INVALIDATED_USER'),
	(15, 'ROLE_ADMIN'),
	(16, 'ROLE_USER'),
	(17, 'ROLE_INVALIDATED_USER'),
	(18, 'ROLE_ADMIN'),
	(19, 'ROLE_USER'),
	(20, 'ROLE_INVALIDATED_USER'),
	(21, 'ROLE_ADMIN'),
	(22, 'ROLE_USER'),
	(23, 'ROLE_INVALIDATED_USER'),
	(24, 'ROLE_ADMIN'),
	(25, 'ROLE_USER'),
	(26, 'ROLE_INVALIDATED_USER'),
	(27, 'ROLE_ADMIN'),
	(28, 'ROLE_USER'),
	(29, 'ROLE_INVALIDATED_USER'),
	(30, 'ROLE_ADMIN'),
	(31, 'ROLE_USER'),
	(32, 'ROLE_INVALIDATED_USER'),
	(33, 'ROLE_ADMIN'),
	(34, 'ROLE_USER'),
	(35, 'ROLE_INVALIDATED_USER'),
	(36, 'ROLE_ADMIN'),
	(37, 'ROLE_USER'),
	(38, 'ROLE_INVALIDATED_USER'),
	(39, 'ROLE_ADMIN'),
	(40, 'ROLE_USER'),
	(41, 'ROLE_INVALIDATED_USER'),
	(42, 'ROLE_ADMIN'),
	(43, 'ROLE_USER'),
	(44, 'ROLE_INVALIDATED_USER'),
	(45, 'ROLE_ADMIN'),
	(46, 'ROLE_USER'),
	(47, 'ROLE_INVALIDATED_USER'),
	(48, 'ROLE_ADMIN'),
	(49, 'ROLE_USER'),
	(50, 'ROLE_INVALIDATED_USER'),
	(51, 'ROLE_ADMIN'),
	(52, 'ROLE_USER'),
	(53, 'ROLE_INVALIDATED_USER'),
	(54, 'ROLE_ADMIN'),
	(55, 'ROLE_USER'),
	(56, 'ROLE_INVALIDATED_USER'),
	(57, 'ROLE_ADMIN'),
	(58, 'ROLE_USER'),
	(59, 'ROLE_INVALIDATED_USER'),
	(60, 'ROLE_ADMIN'),
	(61, 'ROLE_USER'),
	(62, 'ROLE_INVALIDATED_USER'),
	(63, 'ROLE_ADMIN'),
	(64, 'ROLE_USER'),
	(65, 'ROLE_INVALIDATED_USER'),
	(66, 'ROLE_ADMIN'),
	(67, 'ROLE_USER'),
	(68, 'ROLE_INVALIDATED_USER'),
	(69, 'ROLE_ADMIN'),
	(70, 'ROLE_USER'),
	(71, 'ROLE_INVALIDATED_USER'),
	(72, 'ROLE_ADMIN'),
	(73, 'ROLE_USER'),
	(74, 'ROLE_INVALIDATED_USER'),
	(75, 'ROLE_ADMIN'),
	(76, 'ROLE_USER'),
	(77, 'ROLE_INVALIDATED_USER'),
	(78, 'ROLE_ADMIN'),
	(79, 'ROLE_USER'),
	(80, 'ROLE_INVALIDATED_USER'),
	(81, 'ROLE_ADMIN'),
	(82, 'ROLE_USER'),
	(83, 'ROLE_INVALIDATED_USER'),
	(84, 'ROLE_ADMIN'),
	(85, 'ROLE_USER'),
	(86, 'ROLE_INVALIDATED_USER'),
	(87, 'ROLE_ADMIN'),
	(88, 'ROLE_USER'),
	(89, 'ROLE_INVALIDATED_USER'),
	(90, 'ROLE_ADMIN'),
	(91, 'ROLE_USER'),
	(92, 'ROLE_INVALIDATED_USER'),
	(93, 'ROLE_ADMIN'),
	(94, 'ROLE_USER'),
	(95, 'ROLE_INVALIDATED_USER'),
	(96, 'ROLE_ADMIN'),
	(97, 'ROLE_USER'),
	(98, 'ROLE_INVALIDATED_USER'),
	(99, 'ROLE_ADMIN'),
	(100, 'ROLE_USER'),
	(101, 'ROLE_INVALIDATED_USER'),
	(102, 'ROLE_ADMIN'),
	(103, 'ROLE_USER'),
	(104, 'ROLE_INVALIDATED_USER'),
	(105, 'ROLE_ADMIN'),
	(106, 'ROLE_USER'),
	(107, 'ROLE_INVALIDATED_USER'),
	(108, 'ROLE_ADMIN'),
	(109, 'ROLE_USER'),
	(110, 'ROLE_INVALIDATED_USER'),
	(111, 'ROLE_ADMIN'),
	(112, 'ROLE_USER'),
	(113, 'ROLE_INVALIDATED_USER'),
	(114, 'ROLE_ADMIN'),
	(115, 'ROLE_USER'),
	(116, 'ROLE_INVALIDATED_USER'),
	(117, 'ROLE_ADMIN'),
	(118, 'ROLE_USER'),
	(119, 'ROLE_INVALIDATED_USER'),
	(120, 'ROLE_ADMIN'),
	(121, 'ROLE_USER'),
	(122, 'ROLE_INVALIDATED_USER'),
	(123, 'ROLE_ADMIN'),
	(124, 'ROLE_USER'),
	(125, 'ROLE_INVALIDATED_USER'),
	(126, 'ROLE_ADMIN'),
	(127, 'ROLE_USER'),
	(128, 'ROLE_INVALIDATED_USER'),
	(129, 'ROLE_ADMIN'),
	(130, 'ROLE_USER'),
	(131, 'ROLE_INVALIDATED_USER'),
	(132, 'ROLE_ADMIN'),
	(133, 'ROLE_USER'),
	(134, 'ROLE_INVALIDATED_USER'),
	(135, 'ROLE_ADMIN'),
	(136, 'ROLE_USER'),
	(137, 'ROLE_INVALIDATED_USER'),
	(138, 'ROLE_ADMIN'),
	(139, 'ROLE_USER'),
	(140, 'ROLE_INVALIDATED_USER'),
	(141, 'ROLE_ADMIN'),
	(142, 'ROLE_USER'),
	(143, 'ROLE_INVALIDATED_USER'),
	(144, 'ROLE_ADMIN'),
	(145, 'ROLE_USER'),
	(146, 'ROLE_INVALIDATED_USER'),
	(147, 'ROLE_ADMIN'),
	(148, 'ROLE_USER'),
	(149, 'ROLE_INVALIDATED_USER'),
	(150, 'ROLE_ADMIN'),
	(151, 'ROLE_USER'),
	(152, 'ROLE_INVALIDATED_USER'),
	(153, 'ROLE_ADMIN'),
	(154, 'ROLE_USER'),
	(155, 'ROLE_INVALIDATED_USER'),
	(156, 'ROLE_ADMIN'),
	(157, 'ROLE_USER'),
	(158, 'ROLE_INVALIDATED_USER'),
	(159, 'ROLE_ADMIN'),
	(160, 'ROLE_USER'),
	(161, 'ROLE_INVALIDATED_USER'),
	(162, 'ROLE_ADMIN'),
	(163, 'ROLE_USER'),
	(164, 'ROLE_INVALIDATED_USER'),
	(165, 'ROLE_ADMIN'),
	(166, 'ROLE_USER'),
	(167, 'ROLE_INVALIDATED_USER'),
	(168, 'ROLE_ADMIN'),
	(169, 'ROLE_USER'),
	(170, 'ROLE_INVALIDATED_USER'),
	(171, 'ROLE_ADMIN'),
	(172, 'ROLE_USER'),
	(173, 'ROLE_INVALIDATED_USER'),
	(174, 'ROLE_ADMIN'),
	(175, 'ROLE_USER'),
	(176, 'ROLE_INVALIDATED_USER'),
	(177, 'ROLE_ADMIN'),
	(178, 'ROLE_USER'),
	(179, 'ROLE_INVALIDATED_USER'),
	(180, 'ROLE_ADMIN'),
	(181, 'ROLE_USER'),
	(182, 'ROLE_INVALIDATED_USER'),
	(183, 'ROLE_ADMIN'),
	(184, 'ROLE_USER'),
	(185, 'ROLE_INVALIDATED_USER'),
	(186, 'ROLE_ADMIN'),
	(187, 'ROLE_USER'),
	(188, 'ROLE_INVALIDATED_USER'),
	(189, 'ROLE_ADMIN'),
	(190, 'ROLE_USER'),
	(191, 'ROLE_INVALIDATED_USER'),
	(192, 'ROLE_ADMIN'),
	(193, 'ROLE_USER'),
	(194, 'ROLE_INVALIDATED_USER'),
	(195, 'ROLE_ADMIN'),
	(196, 'ROLE_USER'),
	(197, 'ROLE_INVALIDATED_USER'),
	(198, 'ROLE_ADMIN'),
	(199, 'ROLE_USER'),
	(200, 'ROLE_INVALIDATED_USER'),
	(201, 'ROLE_ADMIN'),
	(202, 'ROLE_USER'),
	(203, 'ROLE_INVALIDATED_USER'),
	(204, 'ROLE_ADMIN');

-- 테이블 moggozi.stage 구조 내보내기
CREATE TABLE IF NOT EXISTS `stage` (
  `id` bigint(20) NOT NULL AUTO_INCREMENT,
  `created_date` datetime(6) DEFAULT NULL,
  `modified_date` datetime(6) DEFAULT NULL,
  `content` text DEFAULT NULL,
  `img` varchar(255) DEFAULT NULL,
  `name` varchar(255) DEFAULT NULL,
  `stage_order` bigint(20) DEFAULT NULL,
  `challenge_id` bigint(20) DEFAULT NULL,
  PRIMARY KEY (`id`),
  KEY `FKs7vsu8dh89pnoxuvlf9ltf87j` (`challenge_id`),
  CONSTRAINT `FKs7vsu8dh89pnoxuvlf9ltf87j` FOREIGN KEY (`challenge_id`) REFERENCES `challenge` (`id`)
) ENGINE=InnoDB AUTO_INCREMENT=107 DEFAULT CHARSET=utf8mb4;

-- 테이블 데이터 moggozi.stage:~104 rows (대략적) 내보내기
INSERT INTO `stage` (`id`, `created_date`, `modified_date`, `content`, `img`, `name`, `stage_order`, `challenge_id`) VALUES
	(1, '2022-08-16 22:27:13.023005', '2022-08-16 22:27:13.023005', '<p>운동을 하기전 간단히 몸을 풀어줍시다!</p>', '', '스트레칭하기', 1, 2),
	(2, '2022-08-16 22:28:53.774911', '2022-08-16 22:28:53.774911', '<ul><li>순서를 따라 해봅시다.</li></ul><ol><li>벤치에 눕는다</li><li>빈봉을 들어올린다</li><li>흉부와 수직으로 내린다</li><li>다시 올린다</li><li>2-4를 한동작으로 반복해봅시다.</li></ol>', '', '벤치프레스하기', 2, 2),
	(3, '2022-08-16 22:30:22.805129', '2022-08-16 22:30:22.805129', '<p><span class="ql-size-large">스쿼트는 다리운동입니다!</span></p><ul><li>순서를 따라 해봅시다.</li></ul><ol><li>양발을 어깨넓이만큼 위치하고 선다.</li><li>발끝과 무릎방향을 일치시킨다</li><li>방향을 유지하면서 불련하지 않게 앉아본다</li><li>2-3를 한동작으로 반복해봅시다.</li></ol><p><br></p>', '', '스쿼트', 3, 2),
	(4, '2022-08-16 22:32:04.975440', '2022-08-16 22:32:04.975440', '<p><span class="ql-size-large">제가 제일 좋아하는 운동이에요!</span></p><ul><li>순서를 따라 해봅시다.</li></ul><ol><li>빈봉을 거치대에 놓는다.</li><li>빈봉을 잡는다</li><li>주저앉고, 허리는 중립을 유지하면서 들어올린다.</li><li>빈봉을 몸에 붙여서 내려놓는다</li><li>2-4를 한동작으로 반복해봅시다.</li></ol><p><br></p>', '', '데드리프트하기', 4, 2),
	(5, '2022-08-16 22:32:53.272080', '2022-08-16 22:32:53.272080', '<p><span class="ql-size-large">힘들지만 꼭 필요한 운동입니다.</span></p><ol><li>걷는거부터 시작해서</li><li>달리기까지 30분동안 유지가능한 속도로 뛰어봅시다.</li></ol>', '', '유산소하기', 5, 2),
	(6, '2022-08-16 23:02:42.508341', '2022-08-16 23:38:37.706181', '<blockquote>고요한 와타나베의 삶에 어느새 수채화처럼 스며든 나오코는 그에게 상실을 안겨줍니다.</blockquote><blockquote>\'슬픔에서 우리는 무언가를 배우는 것 뿐이고, 그렇게 배운 무엇도 또 다가올 슬픔에는 아무런 소용이 없다\'라는 문구가 좋았던 책이에요~</blockquote>', '', '노르웨이 숲 ', 1, 1),
	(7, '2022-08-16 23:23:25.644450', '2022-08-16 23:38:37.727799', '<blockquote>세련된 제목입니다. 15살 소년의 깊은 방황이 우리에게 큰 울림을 줍니다. 어린 나이에 집을 떠나 홀로 타지에서 살아가는 카프카의 독립은 현실과 맞닿아있기도 하고 맞닿아있지 않기도 해 더욱 가슴을 뛰게합니다. 장마로 인해 어디론가 훌쩍 떠나지 못했다면 카프카와 함께 해변으로 설레는 여행을 떠나보는건 어떨까요?</blockquote>', '', '해변의 카프카 1, 2', 2, 1),
	(8, '2022-08-16 23:26:49.564762', '2022-08-16 23:35:31.831098', '<p>우선 고슴도치를 키우기 위해서는 중요하게 해야할 일이 있습니다.</p><p>미리 이 동물이 어떤 동물인지를 알아보는 것입니다.</p><p>많은 사람들이 애완동물 또는 반려동물을 그저 처음엔 재미삼아 키워볼까 생각들을 하고 있다는 것을 알고 있습니다.</p><p>하지만 그러한 안일한 생각으로 시작할 경우, 동물과 사람 모두 불행해지는 결과를 초래할 수 있습니다.</p><p>그렇기 때문에 키우기 전에 고슴도치에 대해서 알아보는 시간을 가져야 합니다.</p><p>이 스테이지에서는 다들 고슴도치가 어떤 동물인지 각자 공부한 바를 포스팅해보기로 해요!!</p><p><br></p><p><span class="ql-size-small">사실 저는 여담이지만,,, 소닉 3 더 헷지호그 게임을 시작으로 고슴도치에 대해 처음으로 알아봤습니다...</span></p>', '', '고슴도치를 알아봅시다! Let\'s know sonic!', 8, 5),
	(9, '2022-08-16 23:31:32.755708', '2022-08-16 23:38:37.727462', '<blockquote>이 소설은 하루키에게 그동안 익숙했던 일인칭 시점을 벗어나 제 3자의 입장으로 등장인물을 바라본다는 점에서 그는 \'도전\'이라고 표현했습니다. 플라톤의 이데아를 접목하여 그가 생각하는 이데이란 무엇인가를 쉽고 재미있게 풀어냈습니다. 그렇지만 이데아라는 어려운 개념보다는 그의 담담한 문장들이 오래 기억에 남았습니다.</blockquote><blockquote><em>\'깊숙이 들여다보면 어떤 인간이든 저 안쪽에 반짝이는 무언가를 갖고 있기 마련이다.\' </em></blockquote><blockquote>저에게도 그러한 반짝이는 무언가가 있다는 용기를 준 책이라 더욱 함께 다양한 이야기를 나누고 싶습니다.</blockquote>', '', '기사단장 죽이기 1, 2', 3, 1),
	(10, '2022-08-16 23:32:13.312251', '2022-08-16 23:32:13.312251', '<p>고슴도치 사육장은 어떤 형태를 띄워야 할까요? 사진으로 만나보시죠! 이와 같은 사육장을 준비해서 포스팅해주세요!</p>', '', '고슴도치 사육장을 만들어보자', 10, 5),
	(11, '2022-08-16 23:46:21.041737', '2022-08-16 23:46:59.918777', '<p>고슴도치는 단백질이 풍부한 먹이를 먹어야 합니다. 그래서 사료를 고를 때도 고슴도치 전용 사료로 고르는 것은</p><p>당연한 일이고 때로는 건조 밀웜, 또는 그냥 생 밀웜을 줘도 됩니다.</p>', '', '고슴도치 먹이를 선별해보자 ', 11, 5),
	(12, '2022-08-17 00:00:45.429964', '2022-08-17 00:02:04.526940', '<p>구현 유형은 그 어떤 알고리즘을 공부하기에 앞서 반드시 확실히 하고 가야 하는 유형입니다.</p><p>왜냐고요? 이유는 간단해요. 구현 문제 하나만으로 이 사람이 코딩 테스트에 사용되는 프로그래밍 언어를</p><p>얼마나 이해하고 있는지, 또 문제에서 요구하는 사항을 어떻게 특정 알고리즘 외의 논리적인 형태로</p><p>해결하는지 볼 수 있기 때문입니다.</p><p><br></p><p>그래서 여러분들은 반드시 구현 문제를 많이 풀어보고 다룰 줄 알아야 해요! 아시겠죠!</p><p>이 스테이지의 포스팅에는 반드시 본인들이 푼 구현 문제의 코드와 문제에 대한 설명을 달아주세요!</p><p><br></p><p>소곤소곤하자면... 백준에 구현 문제 많아요!</p><p><br></p><p>사진이 기본 레고 블럭인 이유는... 구현이야말로 모든 것의 기본이기 때문에 넣었습니당 ㅎㅎ  </p>', '', '구현, 그 모든 것의 시작일지어니.', 12, 6),
	(13, '2022-08-17 00:06:33.199767', '2022-08-17 00:06:33.199767', '<p>탐욕법, 그리디 알고리즘, 또는 그때그때마다 최선의 선택을 하는 것.</p><p>이 그리디 알고리즘을 표현하는 여러 가지지만 그 뜻이 가지는 명확해요. 가장 탐욕스럽게 행동하는 알고리즘이</p><p>바로 그리디 알고리즘이란 거죠.</p><p>근데 항상 그럴까요? 무슨 말이냐면... 때로는 어느 순간은 참고 어느 순간에 확!!! 욕망을 펼칠 때가 최선인 때가 있다는 거죠.</p><p><br></p><p>그래서 그리디 알고리즘은 가장 직관적이면서도 직관적이지가 않습니다. 그리디 알고리즘이 먹힐려면</p><p>우선 스스로에게 이 질문을 해봐야 해요. 내가 여기서 이렇게 행동하는게 최선일까? 매 순간 최선의 선택지를 고른다고 할 때, 그 결과가 정말 최선일까?</p><p><br></p><p>사실 코딩 세계에는 이런 말이 있죠. 백문이불여일타! 100번 듣는 것이 한번 코드로 치는 것보다 못하다는 거에요.</p><p>그러니까 다들 첫번째 스테이지처럼 그리디 문제를 하나 풀어보고 문제에 대한 설명과 함께 그 코드를 포스팅해주세요!</p><p><br></p><p>다들 화이팅~~~</p>', '', '2번째 관문, 그것은 바로 그리디! ', 13, 6),
	(14, '2022-08-17 00:21:05.375224', '2022-08-17 00:22:37.804552', '<p>미로 속에서 정답을 찾아 헤매는 문제가 주로 나오는 완전 탐색 유형 차례입니다!</p><p>완전 탐색이라고 하면 우선 두 가지 알고리즘을 알아야 합니다.</p><p>바로 BFS와 DFS 입니다!</p><p>우선... 이해를 돕기 위해 BFS와 DFS가 어떤 것인지 간단하게 설명만 해드릴게요.</p><p>아무래도 알고리즘 공부는 본인이 알아서 해야 하는 것이다보니 AtoZ 까지 다 말해드려도 소용 없거든요!</p><p><br></p><p>BFS는 마치 호숫가에 돌을 던져 파문을 일으키는 탐색법이에요.</p><p>파문은 원형으로 퍼져 나가겠죠? 그리고 그 중심에서부터의 위치에 따라 걸리는 시간이 결정되겠죠?</p><p>예를 들어 중심에서부터 3만큼 떨어지는 두 점이 있다고 해볼까요?</p><p>그럼 그 원점에서부터 원형의 파문처럼 탐색을 시작했을 때 두 점을 확인하는 시간은 얼마나 걸릴까요?</p><p>정답은 3만큼의 시간이 흐르고 동시에 확인한다 입니다! 이해가 좀 가실까요?</p><p><br></p><p>DFS는 그럼 어떻게 이해를 해야할까요? DFS는 정말 미로를 탐색하는 거라고 생각하시면 됩니다.</p><p>다만 그 미로를 무조건 벽을 만날 때까지 전진하는 거에요. 벽을 만난다면? 가보지 않은 길이 나왔던 때로 돌아갑니다</p><p>그럼 어떻게 될까요? 갈림길을 만났다고 해보죠. 거기서 왼쪽으로 쭉~ 갔다가 벽에 막혔어요</p><p>그럼 갈림길까지 다시 돌아와서 이번엔 오른쪽으로 가는 식의 알고리즘이에요.</p><p>이해가 잘 안가신다구요? 전 설명을 잘한 것 같은데... 읽으시는 분이 문제가... 하하 아닙니다!</p><p><br></p><p>그럼 이번 포스트는 둘 중 하나를 골라서 문제를 푼 뒤 올려주시면 돼요!</p><p>하지만 추천드리는 것은.. BFS! 완전 탐색 문제에서 정말 단골 중에 단골이거든요. 알겠죠?</p>', '', '완전탐색, 당신은 과연 답을 찾을 수 있나요!!', 14, 6),
	(15, '2022-08-17 00:26:00.526720', '2022-08-17 00:26:43.421471', '<p>재귀함수를 다들 배운 적이 있을 거에요. 배우실 때 재귀함수의 단점도 함께 배웠을지 모릅니다.</p><p>어느 부분에서 문제가 일어나는지 알기 힘들다, 호출 스택이 깊어질수록 제어하기가 힘들다 이런 점들이 있죠.</p><p>근데 이런 위험한 재귀를 쓰면 문제가 쉽게 풀릴 때가 있습니다. 바로 동적 프로그래밍, 일명 DP 문제를 풀 때입니다.</p><p><br></p><p>DP 문제는 크게 두 가지의 방식으로 나뉘어요. 탑다운과 바텀업. 보통 효율이나 깔끔한 코드를 고려할 때는 바텀업으로 하지만 제가 풀어볼 땐 탑다운이 초보에겐 잘 어울리더라구요!</p><p>자 화이팅! DP 문제의 가장 쉬운 유형인 가장 긴 증가하는 수열을 찾는 것부터 한번 해볼까요?</p>', '', '동적 프로그래밍.. 재귀를 이래서 배웠구나 알게 되는 순간입니다.', 15, 6),
	(16, '2022-08-17 00:44:48.936841', '2022-08-17 00:44:48.936841', '<p><span style="color: rgb(68, 68, 68);">내가 쳐야할 흰 공이 당구대 위에 있습니다. 큐를 이용해서 각도를 정하고 </span><span style="color: rgb(255, 153, 0);">큐선</span><span style="color: rgb(68, 68, 68);">을 일치 시킵니다. </span></p><p><span style="color: rgb(68, 68, 68);">큐 끝을 흰공 바로 앞에까지 대 놓으면 거리 조절이 됐다고 할 수 있습니다. </span></p><p><span style="color: rgb(68, 68, 68);">이 상태에서 </span><strong style="color: rgb(68, 68, 68);">45도</strong><span style="color: rgb(68, 68, 68);"> 각도로 발을 비튼 다음에 흰공의 한 뼘 앞 정도에 손바닥을 대고 브릿지를 만듭니다. </span></p><p><span style="color: rgb(68, 68, 68);">자연스럽게 허리가 굽혀져 있을 것입니다. </span></p><p><span style="color: rgb(68, 68, 68);">예비 스트로크를 하다가 임팩트 즉 흰공을 친 후 팔로우샷을 하고 공이 진행하는 모습을 잠시 확인하면서 </span><span style="color: rgb(230, 0, 0);">마무리 자세를 유지</span><span style="color: rgb(68, 68, 68);">한 후에 허리를 펴고 일어섭니다. </span></p><p><span style="color: rgb(68, 68, 68);">이것이 샷의 과정이라고 할 수 있습니다.</span></p>', '', '당구 자세 잡기', 16, 4),
	(17, '2022-08-17 00:49:22.589979', '2022-08-17 00:50:01.512364', '<p>탱크가 격자판에서 움직인다는 문제가 제가 아마 처음으로 풀어본 시뮬레이션 문제였습니다.</p><p>그 때 이제 IT 교육을 받고 있던 때라 다른 28명의 친구들과 같이 풀었었죠.</p><p>아마 4,5등 했을 겁니다. 문제 푼 등 수가요.</p><p><br></p><p>구현이랑 뭐가 다르냐고 하실 분들도 계시지만...</p><p>정해진 규칙 안에서 시뮬레이션을 돌리는 유형은 분명히 구현과 다릅니다. 충분히 좋은 경험이 될거에요!</p><p><br></p><p>그리고 당연히 코딩 테스트에도 단골로 나오는 문제구요!</p><p>이번 스테이지에도 마찬가지로 포스팅은 문제에 대한 설명과 코드를 자유롭게 올려주심 됩니다!</p>', '', '구현과는 약간 다른.. 시뮬레이션! 이걸 잘하면 게임 개발도 잘할지도?', 17, 6),
	(19, '2022-08-17 01:36:46.960795', '2022-08-17 01:48:40.206941', '<p>글을 잘 쓰기 위해 종이와 펜을 준비해봐요!</p><p>가까운 문구점에서 붓펜, 유성 색연필, <span style="color: rgb(51, 51, 51);">피그먼트 라이너펜, 책갈피 종이, 5x7 엽서지, 4x6 엽서지, 원목 엽서꽂이 등 맘에 드는 재료들을 쇼핑해요!</span></p><p>새로운 시작을 위해 설레는 마음으로 준비를 해요 ㅎㅎ</p>', '', '준비물 준비하기', 18, 8),
	(20, '2022-08-17 01:47:45.222934', '2022-08-17 01:48:16.600548', '<p>가는 붓펜의 결을 이해하고, 선긋기와 자음, 모음을 차근차근 연습해봅니다.</p><p>가로선/세로선/여러가지 선을 연습하면서, 붓펜을 처음으로 다뤄보는 시간을 가집니다.</p>', '', '가는 붓펜을 이용한 선긋기/자음/모음 연습하기', 19, 8),
	(21, '2022-08-17 01:49:50.355685', '2022-08-17 01:49:50.355685', '<p><span style="color: rgb(51, 51, 51);">선긋기에서 익힌 가로선과 세로선을 이용해서 모음과 자음을 써볼거에요.</span></p><p><span style="color: rgb(51, 51, 51);">모음보다 조금 더 까다롭고 어려운 자음도 붓펜의 결을 이해하면 훨씬 잘 쓸 수 있답니다.</span></p>', '', '가로선과 세로선을 이용해 모음과 자음 써보기', 20, 8),
	(22, '2022-08-17 01:50:31.550152', '2022-08-17 01:50:31.550152', '<p><span style="color: rgb(51, 51, 51);">가는 붓펜으로 연습한 자음과 모음을 합쳐서 단어와 짧은 문장을 연습해보겠습니다.</span></p><p><span style="color: rgb(51, 51, 51);">자음과 모음이 합쳐질 때, 모양이 변하는 자음들을 배워보아요.</span></p><p><span style="color: rgb(51, 51, 51);">글씨에 멋을 더해주는 포인트가 될 자음과 받침 글자도 더 연습해볼거에요.</span></p>', '', '가는 붓펜으로 단어와 짧은 문장연습하기', 21, 8),
	(23, '2022-08-17 01:51:09.749297', '2022-08-17 01:51:09.749297', '<p><span style="color: rgb(51, 51, 51);">평소에 좋아하는 글귀나 노래 가사로 작은 글씨를 이용해 나만의 문장을 연습 해볼거에요.</span></p><p><span style="color: rgb(51, 51, 51);">한 줄 쓰기, 두 줄 쓰기 등 같은 문장도 다양한 구성으로 여러가지 표현을 할 수 있답니다.</span></p>', '', '나만의 문장 다양하게 써보기', 22, 8),
	(24, '2022-08-17 01:51:32.346236', '2022-08-17 01:51:32.346236', '<p><span style="color: rgb(51, 51, 51);">연습해본 나만의 문장들을 책갈피로 만들어보는 시간입니다.</span></p><p><span style="color: rgb(51, 51, 51);">문장에 어울리는 작은 그림도 색연필을 이용해 그려볼거에요.</span></p><p><span style="color: rgb(51, 51, 51);">글귀에 어울리는 작은 그림들은 나의 글씨를 더욱 빛나게 해준답니다!</span></p>', '', '가는 붓펜 글씨로 캘리 책갈피 만들기', 23, 8),
	(25, '2022-08-17 01:51:54.973271', '2022-08-17 01:51:54.973271', '<p><span style="color: rgb(51, 51, 51);">굵은 붓펜을 잡는 방법과 누르는 힘에 따른 굵기 변화를 연습해보는 시간입니다.</span></p><p><span style="color: rgb(51, 51, 51);">가는 붓펜과는 또 다른 느낌의 굵은 붓펜 글씨를 함께 써볼게요.</span></p>', '', '굵은 붓펜으로 자음/모음/단어 연습하기 ', 24, 8),
	(26, '2022-08-17 01:52:30.575107', '2022-08-17 01:52:30.575107', '<p><span style="color: rgb(51, 51, 51);">문장 속에서 하나의 단어를 골라, 붓펜의 굵기 변화를 이용해 단어를 강조하는 연습을 해보는 시간입니다.</span></p>', '', '붓펜의 굵기 차이를 이용해 단어/문장 강조하기', 25, 8),
	(27, '2022-08-17 01:53:04.914349', '2022-08-17 01:53:04.914349', '<p><span style="color: rgb(51, 51, 51);">작은 원형 스티커 안에 다양한 글씨를 써보면서 균형감과 구성 연습을 함께 해보는시간입니다.</span></p><p><span style="color: rgb(51, 51, 51);">처음엔 어렵게 느껴질 수 있지만, 제가 보여드리는 예시들로 함께 연습하다보면 원하는 문구를 예쁘게 구성할 수 있게 될 거에요.</span></p>', '', '구성연습 - 원형 스티커 만들기', 26, 8),
	(28, '2022-08-17 01:53:24.686619', '2022-08-17 01:53:24.686619', '<p><span style="color: rgb(51, 51, 51);">가는 펜과 굵은 펜을 함께 이용해서 긴 문장을 구성하는 연습을 해볼거에요.</span></p><p><span style="color: rgb(51, 51, 51);">두 줄 이상의 문장을 쓸 때 예쁘게 써지는 방법도 배워보아요.</span></p>', '', '구성연습 - 가는 붓펜과 굵은 붓펜을 이용해 긴문장 적기', 27, 8),
	(29, '2022-08-17 01:54:07.165963', '2022-08-17 01:54:49.217313', '<p><span style="color: rgb(51, 51, 51);">맘에 드는 문구를 골라, 나만의 엽서와 엽서 달력을 만드는시간입니다.</span></p><p><span style="color: rgb(51, 51, 51);">어떤 문장을 쓸지, 어떻게 구성할 지 생각해보고 글씨에 어울리는 작은 그림도 함께 넣어보는 시간입니다.﻿</span></p>', '', '캘리엽서와 엽서 달력 만들기', 28, 8),
	(30, '2022-08-17 01:54:07.508076', '2022-08-17 01:54:07.508076', '<p>연습 스트로크 또는 팔로우 스트로크 중에 등 어깨가 움직이지 않는 것이 중요합니다.</p><p>스트로크를 할 때 큐를 흔드는 손을 꽉 쥐면 <span style="color: rgb(161, 0, 0);">안 됩니다</span>. 큐가 수평을 유지할 수 있게 느슨하게 잡아줍니다.</p><p>예비 스트로크를 할 때는 큐가 가능한 테이블과 수평을 유지한 상태에서 앞뒤로 움직이는 것이 정확한 당점을 가격하기에 유리합니다.</p><p>좋은 스트로크를 만들기 위해서 <span style="color: rgb(0, 71, 178);">빈 스트로크 연습</span>을 많이 해야 합니다.</p><p>공을 놓고 연습할 때에는 <span style="color: rgb(0, 97, 0);">같은 배치를 여러 번</span> 연습하는 것이 중요합니다. 매번 다른 배치로 연습을 하다보면 일관성 있는 스트로크 연습을 할 수 없어 비효율적입니다.</p>', '', '당구 스트로크', 29, 4),
	(31, '2022-08-17 02:07:03.838507', '2022-08-17 10:09:43.177044', '<p>세상은 1인 가구에 맞춰져 있을까요? 아니요, 그렇지 않습니다.</p><p>전통적인 대가족의 형태는 붕괴된 지 오래라 쳐도 핵가족, 즉 네다섯 명의 가족 구성원을 염두에 두고</p><p>모든 식재료는 생산되고 공정을 거치며 판매되는 겁니다.</p><p>혹시 이렇게 말할 수도 있죠. 1인 밀키트, 혹은 그냥 재료를 살 때 적게 사면 되는 것 아니냐고.</p><p>맞아요. 그렇게 생각할 수도 있죠. 하지만 비싸요. 비싸다구요.</p><p>비싸 비싸 비싸 비싸 비싸 비싸 비싸 비싸 비싸 비싸 비싸 비싸 비싸 비싸 비싸 비싸요!</p><p>그러면 어떡해야 할까요? 정답은 바로 소분입니다.</p><p>작게 나눠서 저장해야 된다 이거에요.</p><p>2,3인분으로 판매되는 재료들 특히나 육류가 그렇죠. 냉동으로 와도 소분은 필수랍니다.</p><p>해동시켜서 먹을 때 2,3인분을 그대로 해동할 순 없잖아요!</p><p>그래서 이번 스테이지의 포슨팅은 여러분이 산 재료를 소분한 사진을 올려주세요!</p><p>요리의 시작은 식재료라는 점, 잊지 마시구요.</p>', '', '1인 가구의 식재료 구매하기!', 30, 7),
	(32, '2022-08-17 02:11:58.033417', '2022-08-17 02:11:58.033417', '<ul><li>물을 적당히 준비하고</li><li>면도 적당히 준비하고</li><li>물에 소금 한수저정도로 간을 하고 파스타를 8분 삶아줍시다</li></ul>', '', '파스타 면삶기', 31, 9),
	(33, '2022-08-17 02:12:24.722834', '2022-08-17 02:12:24.722834', '<ul><li>그대가 좋아하는 재료들로 파스타 재료를 손질해보아요</li><li>칼질이 서툴다면 그냥 손으로 잡아뜯으세요</li></ul>', '', '파스타 재료 손질', 32, 9),
	(34, '2022-08-17 02:13:14.802785', '2022-08-17 02:13:14.802785', '<ul><li>오늘 내가 요리사, 근데 파스타를 곁들인..</li><li>팬을 달구고 오일을 뿌려 파스타 면과 소스가 어우러지도록 볶아주세요</li><li>맛있는 <strong class="ql-size-large" style="color: rgb(255, 153, 0);"><em><u>파스타 </u></em></strong>완성!</li></ul>', '', '파스타 볶기', 33, 9),
	(35, '2022-08-17 02:21:39.407309', '2022-08-17 02:21:39.407309', '<ul><li>초밥의 땅은 밥, 하늘은 횟감입니다.</li><li>맛난 밥을 찰지게 지어주세요</li><li>짓고 난 밥을 식히면서 식초와 소금으로 간을 해주세요</li></ul>', '', '맛난 밥을 지어주세요', 34, 10),
	(36, '2022-08-17 02:24:41.742777', '2022-08-17 02:24:41.742777', '<p>스시에서 단백질을 담당하는 회를 썰어봅시다</p><ol><li>지중해에서 펄떡거리면 뛰어다녔을 물고기 친구를 위하는 경건한 마음으로 칼질을 준비합니다.</li><li>회칼은 매우 날카로우므로 자비없이 썰어주세요</li><li>다시마로 감싸 숙성하면 이게 바로 판당 사만원 숙성회</li></ol>', '', '회감을 썰어봅시다.', 35, 10),
	(37, '2022-08-17 02:25:40.863258', '2022-08-17 02:25:40.863258', '<p>팔도 네넴띰 아구 이게 아니라..</p><ol><li>왼소으로 밥을 적당량 쥐고 모양을 만들어</li><li>썰어놓은 회를 얹어주세요</li><li>초밥완성 하지만 마지막이 남았어요</li></ol>', '', '왼손으로 만들고 오른손으로 쥐고', 36, 10),
	(38, '2022-08-17 02:26:39.708224', '2022-08-17 02:26:39.708224', '<p>초밥의 친구, 초밥의 단짝, 초밥의 내장</p><ul><li><span class="ql-size-huge" style="color: rgb(178, 178, 0);">와사비</span>를 갈아줍시다.</li><li>생와사비라면 좋지만 없으면 제품</li><li>그것도 없다면 그냥 밥에 물고기살점 얹어먹는거니 알아서 드세요 네</li></ul>', '', '시즈오카를 아십니까?', 37, 10),
	(39, '2022-08-17 03:21:41.924414', '2022-08-17 03:39:41.721872', '<p>휴대폰으로 은하수를 찍을 수 있습니다.</p><p>단, 삼각대가 필요합니다.</p><p>움직임 없이 오랜 시간 밤하늘을 노출시켜야하기 때문인데요.</p><p>ISO 800으로 맞추고, 셔터 스피는 15초로 해주세요!</p><p>만약 너무 어둡고 별이 적게 찍힌다면, ISO를 1600으로 맞추어 주세요. 혹은 셔터 스피드를 더 길게 조정해주셔도 됩니다.</p><p>초점은 수동초점으로 바꾸고 타이머는 5초로 설정하면 됩니다.</p><p>너무 간단하죠? 🥰</p><p>휴대폰으로 촬영한 다양한 별사진을 포스팅으로 남겨봅시다.</p>', '', '휴대폰으로 은하수 찍기', 38, 11),
	(40, '2022-08-17 03:28:29.389067', '2022-08-17 03:39:59.833773', '<p>터널을 지나 펼쳐지는 밤 하늘, 낭만적이지 않나요? 💛</p><p>서울에서 가깝다는 이점때문에 별들을 사랑하는 많은 사람들이 명소로 꼽는 장소입니다.</p><p>별을 카메라에 담는 법에 익숙해졌다면 양평 벗고개를 방문해보는 건 어떨까요?</p><p>긴 터널을 지나 끝없이 이어지는 밤하늘을 만나봅시다.</p>', '', '양평 벗고개', 39, 11),
	(41, '2022-08-17 03:30:58.141385', '2022-08-17 03:30:58.141385', '<p>이곳은 조금 먼 곳이지만 망원경으로 우주를 더 자세히 관찰할 수 있는 곳입니다.</p><p>하늘의 많은 별들은 이름을 가지고 있습니다.</p><p>잔디에 누워 멀리서 별을 바라보기도 하고, 망원경을 이용하여 별을 자세히 관찰해 보세요.</p><p>다른 사람이 발견하지 않은 별을 발견하는 행운을 만날수도 있지 않을까요? 😉</p>', '', '조경철 천문대', 40, 11),
	(42, '2022-08-17 03:33:02.554379', '2022-08-17 03:41:14.353694', '<p>별을 가장 잘 관찰할 수 있는 여름이지만, 열대야로 인해 너무 덥습니다. 💦</p><p>평창은 여름 내내 시원하여 별을 관찰하기 좋은 장소입니다.</p><p>많은 야생화들이 흐드러지게 피어있고, 산과 밤을 온전히 즐길 수 있는 곳입니다. ✨</p><p>하늘에 은하수가 한가득 펼쳐지는 모습을 눈 가득 담아보세요~</p>', '', '평창 육백마지기', 41, 11),
	(43, '2022-08-17 04:24:07.909110', '2022-08-17 04:57:32.729702', '<p><strong>남방큰돌고래들은 불법포획으로 수족관에 갇히게 되었습니다. </strong></p><p>2013년부터 태산이는 서울대공원으로 옮겨져 단짝 복순이와 2년 정도 머물렀어요~</p><p>그리고 2015년 방사되었습니다.</p><p>하지만 최근 태산이가 운명을 달리했다는 소식이 들렸습니다. 😥</p><p><br></p><blockquote><strong>고래에 대해 누구보다 많이 알기, 첫 스텝 남방돌고래로 시작해보는건 어떨까요? 🐬</strong></blockquote>', '', '태산이에 대해 알아보기', 1, 12),
	(44, '2022-08-17 04:37:11.518854', '2022-08-17 04:56:38.256872', '<p><strong>현존하는 고래 중 가장 큰 이빨을 가진 고래는???</strong> <strong><u>바로 향고래입니다.</u></strong></p><p>향고래는 엄청 거대하고 수컷의 경우 20m 까지 자란다고 하는데요.</p><p>목격된 적이 많이 없지만 서서 자는 고래, 유대감이 높아 무리에서 낙오고래를 만들지 않는 고래로 유명합니다.</p><p><strong style="color: rgb(0, 102, 204);">향고래는 가장 의리있고 정의로운 동물같아요.</strong></p><p>얕은 물에서 허우적 거리는 동료를 돕다 무리 전체가 대참사를 당하는 일도 있었습니다.</p><p>향고래를 공부하며 다양한 이야기를 나누어봅시다.</p>', '', '향고래에 대해 알아보자.', 3, 12),
	(45, '2022-08-17 04:46:16.268218', '2022-08-17 04:57:46.654820', '<p>백색증으로 오해 받지만 원래 하얀 돌고래 입니다.</p><p>태어났을 땐 노란빛이나 회색빛을 띄지만, 성장하면서 흰색으로 색이 바뀝니다.</p><p>차가운 극지방에 살기 때문에 블러버라는 지방층으로 덮여져있는데요.</p><p>말랑말랑한 머리는 멜론이라는 기름으로 채워져 있어요.</p><p>바다의 카나리아라는 별명도 가지고 있죠.</p><p>벨루가에 대해 알고싶다면 BBC 스튜디오 다큐를 시청해보세요!</p><p>유튜브에서 벨루가에 대해 공부하고 이곳에 포스팅을 올려봅시다.</p>', '', '하얀 고래, 벨루가', 2, 12),
	(46, '2022-08-17 04:53:41.559571', '2022-08-17 04:59:46.999946', '<p>어디 눈이 있지?👀 하고 가만히 들여다보게 되는 고래, 바로 범고래입니다.</p><p>몸집에 비해 눈이 작고 흰자가 차지하는 비율이 적어서 그런데요. 자료가 부족해서 멸종위기인지 알 수 없는 고래로 기록되어있습니다. 그렇지만, 못먹는 것이 없을정도로 고래들 중 최상위 포식자라고 불리우죠. 그래서 상어를 사냥합니다. 상어를 뒤집어 익사 시킨 후 지방이 풍부한 간만 빼먹죠.</p><p>내셔널 지오그래픽에서 범고래를 자세히 다루고 있습니다. 한 번 찾아 공부해보고 관련 내용을 공유해봅시다!</p>', '', '최상위 포식자, 범고래', 45, 12),
	(47, '2022-08-17 08:45:11.296279', '2022-08-17 09:15:34.047607', '<p>헤르만헤세의 \'수레바퀴 아래서\'를 처음 접했을 때 주인공의 감정이 잘 이해가 가지 않았어요.</p><p>하지만 읽으면 읽을수록, 곱씹으면 곱씹을수록 그의 문장은 저의 삶에 큰 위로가 되었습니다.</p><p>그의 책에서 제가 가장 좋아하는 구절 입니다.</p><blockquote>\'줄기가 잘린 나무에서도 다시 새로운 싹이 움터 나온다. 이처럼 병들어 상처 입은 영혼 또한 꿈으로 가득 찬 봄날 같은 어린 시절로 되돌아가곤 한다. 어떤 상황에서도 우리는, 새로운 희망을 찾아내어 끊어진 생명의 끈을 다시금 이을 수 있다.\'</blockquote>', '', '수레바퀴 아래서 - 헤르만 헤세', 46, 13),
	(48, '2022-08-17 08:57:55.093670', '2022-08-17 08:58:23.904246', '<p><strong>프랑수아즈 사강은 자유로운 영혼으로 유명한 프랑스 작가입니다. 그녀의 스타일은 책에서도 잘 드러납니다. </strong></p><p>폴과 로제는 오랜 연인관계로 로제는 폴이외의 다른 여자들과 자유롭게 만남을 이어가는 바람둥이에요.</p><p>반면 폴은, 로제만이 자신의 사랑이라고 생각하죠. 이런 그녀에게 25살의 맑고 솔직한 청년 시몽이 다가옵니다.</p><p>많은 나이 차이에 대한 부담감과 로제에 대한 사랑 때문에 갈팡질팡하는 폴의 마음을 따라가며 읽어보는 것을 추천합니다.</p>', '', '브람스를 좋아하세요... ', 47, 13),
	(49, '2022-08-17 09:09:09.716343', '2022-08-17 09:16:37.401490', '<p>레오나르도 디카프리오가 연기를 하며 더욱 더 유명해진 위대한 개츠비, 그의 세계로 여러분을 초대합니다.</p><blockquote>\'나는 그곳에 앉아 그 오랜 미지의 세계를 곰곰이 생각하면서 개츠비가 데이지의 부두 끝에서 초록색 불빛을 처음 찾아 냈을 때 느꼈을 경이감에 대해 생각해 보았다. 그는 이 푸른 잔디밭을 향해 머나먼 길을 달려왔고, 그의 꿈은 너무 가까이 있어 금방이라도 손을 뻗으면 닿을 것만 같았을 것이다.\'</blockquote>', '', '위대한 개츠비 - 스콧 피츠 제럴드', 48, 13),
	(50, '2022-08-17 09:13:50.229666', '2022-08-17 09:14:15.335372', '<p>읽고 있으면 우울해진다는 평가가 많은 다자이 오사무의 인간 실격입니다.</p><p>저는 빠르게 이어지는 전개에 정신을 차릴 수 없었습니다. 하지만 읽고난 후 오히려 그 몽롱함이 좋았달까요? 😮</p><p>이 책을 읽을 때는 책 뒤편에 있는 해설을 먼저 읽어보시길 강력 추천합니다. 💛</p>', '', '인간 실격 - 다자이 오사무', 49, 13),
	(51, '2022-08-17 09:29:00.257593', '2022-08-17 09:30:59.681431', '<p>우리는 깨어지지 않는 안온한 삶을 살기 위해 하루에도 얼마나 많은 거짓말을 하고 있나요?</p><p>그러한 거짓말이 난무하는 세상 속에 거짓말을 하지 않는 사람이 오히려 이방인에 가까운 것 같습니다.</p><p>처음에는 잔잔하지만 주인공 뫼르소가 법정 속에서 벌이는 치열한 싸움부터 전개가 흥미진진해 집니다.</p><p>인상깊었던 문구나 장면을 공유해주세요~ 🧡</p>', '', '이방인 - 알베르 카뮈', 50, 13),
	(52, '2022-08-17 09:58:31.617069', '2022-08-17 10:17:04.070032', '<p>커피천으로 화분 구멍을 막고,</p><p>배양토를 화분의 2/3 정도 넣습니다.</p><p>그리고 상추의 모종을 뿌린 뒤, 남은 배양토로 화분을 덮어주세요.</p><p>작은 화분에 너무 촘촘이 상추 씨앗을 뿌리지는 말기!</p><p>더운 여름 강렬한 햇빛은 피하기!</p><p>물은 흙이 마른 것 같을 때 조금씩 조금씩 여린 잎이 상하지 않도록 주시면 됩니다. 정말 쉽죠? 😉</p>', '', '상추의 싹을 틔워보자~', 1, 14),
	(53, '2022-08-17 10:04:06.640768', '2022-08-17 10:23:10.849975', '<p>조금 단계를 높여 열매를 수확해볼까요?</p><p>방울 토마토 모종은 포기 간격을 40-50cm 하여 심어야 합니다.</p><p>그리고 심기 전 심을 곳에 물을 충분히 준 후 심는 것이 좋습니다.</p><p>토마토는 키가 2m 이상 자라기 때문에 지지대 설치는 필수!</p><p>모종을 심은 후 빠르면 10일 정도에 첫 꽃을 보실 수 있어요!</p><p>첫 꽃은 제거하는 것이 정석입니다. 꽃으로 가는 영양분을 막고 건강한 열매를 틔우기 위한 과정입니다!</p>', '', '집에서 재배하는 방울토마토 🍅', 4, 14),
	(54, '2022-08-17 10:10:15.081660', '2022-08-17 10:23:10.849898', '<p><strong>마지막 단계, 대망의 참외키우기 입니다!</strong></p><p>참외 씨앗은 오이 씨앗처럼 생겼어요. 그래서 엄청 여려요!</p><p>참외는 넓게 퍼져나가기 때문에 모종 간 간격을 넓게 잡는 것이 좋습니다.</p><p>제일 난이도가 높은 참외 순치기는 어미 줄기를 제외하고, 아들 줄기와 손자 줄기의 곁순을 순치기 해주시면 됩니다.</p><p>잘 모르겠다면, 복잡한 줄기의 끝을 조금씩 잘라주시면 됩니다~</p><p>참외는 가물어야 당도가 올라가니 너무 많은 물은 금지 😉</p><p>직접 재배한 참외를 올 여름 식탁 위에 올려봅시다~ 🌿</p>', '', '참외키우기!', 5, 14),
	(55, '2022-08-17 10:14:56.641835', '2022-08-17 10:17:01.931407', '<p>자취를 하면서 제 목표는 단연코 한 가지였어요.</p><p>가게에서 파는 맛을 내고 싶다! 내가 돈을 내고 사먹은 것처럼 맛있게 먹고 싶다!</p><p>그런데 요리를 해보신 분은 아시겠지만... 파는 맛을 낸다는 게 정말 쉽지가 않더라구요.</p><p>유투브를 보고 따라해봐도, 백종원 아저씨의 영상을 다 보고 똑같이(실제론 좀 다르지만..) 해봐도</p><p>적당히 맛은 나는데 내가 아는 그 맛은 아니더라구요.</p><p>그러던 와중 한번 생각을 해봤죠. 왜 그럴까? 왜 뭔가 맛이 다 약할까?</p><p>그러다가 유투브에서 어떤 댓글을 하나 봤어요. 설탕을 그냥 팍팍 때려넣으라고 하더라구요 ㅋㅋ</p><p>그래서 이번 포스팅은 구매한 설탕 팍팍 넣은 후기를 올려주세요!</p><p>저는 보통 돼지고기 불고기용 100g당 간장, 맛술, 설탕 1숟가락씩 넣습니다.</p><p>거기다가 좀 설탕을 1,2 숟갈 더 넣어요. 그럼 맛이...!!</p>', '', '설탕, 모든 맛의 중심을 잡아준다', 54, 7),
	(56, '2022-08-17 10:16:04.744793', '2022-08-17 10:23:10.850009', '<p><strong>식물도 성격이 있다는 사실 알고계셨나요?</strong></p><p>당신이 식물을 키워낼 공간엔 햇빛이 얼마만큼 들어오나요?</p><p>바쁜 스케줄로 물 주기를 자주 깜빡하진 않나요?</p><p>만약 그렇다면 햇빛이 들지않는 실내에서도 잘 자라며 1주일에 한 번정도 물을 주면 되는 식물을 추천합니다.</p><p>스파트 필름이라는 식물인데요~ 물이 부족하면 잎이 축 늘어지니 이때를 잊지말고 물을 준다면 오랫동안 당신의 곁을 지켜줄 겁니다.</p>', '', '엄청난 생명력, 스파트필름', 3, 14),
	(57, '2022-08-17 10:22:56.736542', '2022-08-17 10:23:53.369121', '<p>반려동물로 고양이를 키우고 계신가요?</p><p>고양이의 단짝, 캣그라스를 소개합니다.</p><p>씨앗을 심고 물을 흠뻑 주면 2-3일 내로 바로 싹이 돋아납니다.</p><p>매일 몇 센티미터씩 쑥쑥 자라 일주일이면 풀이 풍성해져요!</p><p>금방 자라나기 때문에 5-6일 정도면 고양이에게 귀리를 선물할 수 있습니다.</p>', '', '반려 식물, 캣그라스', 2, 14),
	(58, '2022-08-17 10:23:45.279498', '2022-08-17 10:25:34.456786', '<p>가난한 자취생들에게 한 번의 고기 요리란 단 한 번의 실수도 용납되지 않는 중요한 작업입니다.</p><p>요리 실패시 나오는 음식물쓰레기를 겪을 때면 다신 요리하기가 싫어질 정도죠.</p><p>그래서 요리할 때 원하는 대로 되지 않는 것처럼 느껴지면 그 때부터 불안해요.</p><p>잘못되고 있다고 느껴질 때는... 닭고기를 볶던 돼지고기를 굽던 어느 순간 넘치는 물을 볼 때죠.</p><p>사실 간단해요. 사람도 물이 70퍼라 하잖아요? 고기들도 마찬가집니다. 보이는 것 이상으로 물을 품고 있어요.</p><p>가게에선 특별 양념에 담구고 숯불에 굽고 하니까 사실은 안에 담긴 핏물을 안 빼도 맛이 괜찮습니다.</p><p>그치만 후라이팬에 요리하는 저희는 그렇게 하면 큰일납니다.</p><p>다 증발시키면 되지 않냐고요? 고기를 장시간 가열하면 너무 뻑뻑하고 질겨져 맛이 없습니다.</p><p>그럼 어떡하느냐. 정답은 간단해요. 먼저 뚜겅을 덮고 2,3분만 중불에서 익혀줍니다.</p><p>그 때 나오는 물을 버리고 요리하면 돼요.</p><p>이번 스테이지의 포스팅은 국물 없는 요리로 올려봐요</p>', '', '한번 익혔다가 다시 익히자!', 57, 7),
	(59, '2022-08-17 10:46:17.774674', '2022-08-17 10:51:10.035306', '<p>첫 번째 스테이지에서는 식재료를 사고 나서 어떻게 해야 하는지를 알아봤다면</p><p>이제는 어떤 식재료를 사야 하는지 입니다.</p><p>결론부터 말하죠. 양파, 대파, 마늘, 고추!</p><p>이 네 가지면 충분합니다.</p><p>식감과 영양을 위한 양파와 대파</p><p>그리고 무언가 허전한 맛을 채워줄 마늘!</p><p>마지막으로 한국인의 매운 맛 고추</p><p>이 네 가지면 당신도 이미 충분히 한식 요리자격증 2급 정도는 노려볼 수 있을지도?</p><p>이번 포스팅은 네 가지 재료 구매 후기로 하죠!</p>', '', '자취생이 감당할만한 필수 식재료들', 58, 7),
	(60, '2022-08-17 10:55:12.970945', '2022-08-17 11:11:55.613175', '<p>그녀의 작품 중 대중적이라고 할 수 있는 카모메 식당을 소개합니다.</p><p>헬싱키를 배경으로 오니기리 식당을 연 사치에의 여정이 펼쳐지는데요~</p><p>별다른 사건 없이 술술 넘어가지만 식당을 찾아오는 다양한 손님들의 사연이 영화의 재미를 더합니다.</p><p>매 신마다 등장하는 요리를 보는 것은 덤! 영화의 색감이 너무 예뻐 당장 헬싱키로 가고 싶어졌습니다. 😋</p>', '', '카모메 식당 (2006)', 59, 15),
	(61, '2022-08-17 11:00:08.512515', '2022-08-17 11:03:49.632642', '<p>2016년 지대넓얕에서 다루면서 다시 한 번 주목을 받은 영화, \'안경\' 입니다.</p><p>조용조용한 일본식 슬로우 무비를 좋아한다면 이 영화는 당신에게 안성맞춤!</p><p>휴대전화가 터지지 않는 곳으로 떠나고 싶었던 타에코가 남쪽 바닷가의 조그만 마을을 방문하며 스토리는 시작됩니다.</p><p>조용하게 살고 싶지만 마을 주민들은 타에코에게 계속 말을 걸고 함께 밥을 먹자고 하고,</p><p>체조도 권하는 아이러니한 상황들이 펼쳐집니다. 뒷 이야기 궁금하지 않으신가요? 😎</p>', '', '안경 (2007)', 60, 15),
	(62, '2022-08-17 11:08:49.088504', '2022-08-17 11:09:44.839279', '<p>오기가미 나오코 감독이 \'고양이를 빌려드립니다\'에서 집중한 감정은 \'위로\'입니다.</p><p>위로의 대상은 \'외로움에 처한 사람들\'인데요.</p><p>영화 속 주인공 사요코는 고양이들이 따르는 특별한 삶을 살고 있습니다.</p><p>고양이를 키우고 빌려주며 마음 속 구멍이 채워지는 것은 아니지만, 외로운 사람들에게 서로가 든든한 벗이 되어줄 수 있다는 영화의 스토리는 사람에 대한 애정을 느낄 수 있습니다. 🧡</p>', '', '고양이를 빌려드립니다 (2012)', 61, 15),
	(63, '2022-08-17 11:30:27.722712', '2022-08-17 11:31:24.007193', '<p>우리 어릴 때를 생각해볼까요? 부모님들은 자식이 책을 읽는 습관을 들이길 원하시죠.</p><p>그래서 어떤 책을 가장 처음 사다주셨을까요?</p><p>제 경우엔 동화책이었습니다. 그리고 생각 나기론 초등학교 5학년 때쯤엔 먼나라 이웃나라도 사주셨고요.</p><p>왜 동화책이었을까요? 연령대에 따른 선입견도 있었겠지만 무엇보다도 재미 때문이었겠죠?</p><p>초등학교 저학년이 철학 책을 읽으면 무슨 재미를 느끼겠어요. 재미가 다인 나이일텐데.</p><p>사실 성인들도 재미가 최우선 순위죠. 재미 있다고 느끼는 책은 종류 가리지 않고 다 읽을 거잖아요.</p><p>그렇기 때문에 제가 추천하는 책은 장르소설도 나쁘진 않다는 거예요.</p><p>성인을 위한 동화라고 불렸던 해리포터도 괜찮죠. 아니 괜찮은 수준이 아니겠네요 ㅎㅎ</p><p>그래서 이 글의 요지는...</p><p>책을 읽고 싶다? 그렇다면 종류는 상관없다. 우선 재밌어 보이는 걸 고르라는 거죠!</p><p>다들 그럼 책 한권씩 포스팅 부탁할게요!</p>', '', '독서의 시작으로 좋은 책은 뭘까요?', 62, 16),
	(64, '2022-08-17 11:38:12.122968', '2022-08-17 11:39:09.539555', '<p>책 좀 읽는다 하는 친구들 주위에 한 둘은 꼭 있죠?</p><blockquote>나 요즘 책 좀 읽어볼려고</blockquote><p><br></p><p>그럼 바로 어떤 말이 돌아올까요? 바로 책 추천이 들어오죠.</p><p>그런데 너무 어렵죠? 뭔가 좀 내 취향은 아닌 것 같고.</p><p>하지만 처음 내딛는 그 첫 걸음이 새로운 분야에 눈을 뜨는 계기가 될 수 있어요.</p><p>그래서 이번 포스팅은 추천 받은 책을 읽고 난 뒤의 후기!</p>', '', '이런 책은 어떠세요? ', 63, 16),
	(65, '2022-08-17 11:45:13.402591', '2022-08-17 11:45:27.306854', '<p>이번 스테이지는 쉽게 추천 받지 않을 책으로 하나 해보려고 해요.</p><blockquote>철학은 어떻게 삶의 무기가 되는가</blockquote><p><br></p><p><br></p><p>50가지 철학(이라 쓰고 한번쯤 생각해볼만한 말들)을 정말 가볍게 다뤄서</p><p>두꺼운 책임에도 불구하고 술술 읽히는 책입니다.</p>', '', '인문학 도서 추천', 64, 16),
	(66, '2022-08-17 11:49:18.922180', '2022-08-17 11:49:53.982458', '<p>전 항상 집 앞에 있는 카페에 가서 책을 읽어요.</p><p>집에 있으면 뭔가 집중이 안 되더라구요.</p><p>다들 어떤 환경이 가장 편하실까요?</p><p>사진 한 컷! 부탁드립니다~~</p>', '', '책을 읽을 때의 환경', 65, 16),
	(67, '2022-08-17 11:58:29.108879', '2022-08-17 12:21:37.480227', '<p>남녀관계, 일과 인생에 대해 명쾌한 해석과 철학이 담긴 작품으로</p><p>드라마를 사랑하는 사람이라면, 반드시 보아야 할 명작, 그들이 사는 세상입니다. 방송국 피디들의 삶을 흥미진진하게 풀어냈습니다.</p><p><br></p><p><strong>간직하고 싶은 대사</strong></p><p class="ql-indent-1">이해할 수 없기 때문에 우린 더 얘기할 수 있고, 이해할 수 없기 때문에 우린 지금 몸 안의 온 감각을 곤두세워야만 한다.</p>', '', '그들이 사는 세상 (2008)', 66, 17),
	(68, '2022-08-17 12:06:14.441707', '2022-08-17 12:11:16.160432', '<p><strong>괜찮아, 사랑이야 마지막 화 재열의 대사</strong></p><p class="ql-indent-1"><span style="color: rgb(5, 5, 5);">저는 그동안 남에게는 괜찮냐 안부도 묻고 잘 자란 굿나잇 인사를 수도 없이 했지만 정작 제 자신에게는 단 한 번도 한 적이 없거든요.여러분들도 오늘 밤은 다른 사람이 아닌 자신에게 \'너 정말 괜찮으냐\' 안부를 물어주고 따뜻한 굿나잇 인사를 하셨으면 좋겠습니다. 그럼 오늘 밤도 굿나잇. 장재열.</span></p>', '', '괜찮아, 사랑이야 (2014)', 67, 17),
	(69, '2022-08-17 12:11:02.617334', '2022-08-17 12:21:58.954146', '<p><span style="color: rgb(51, 51, 51);">찐어른의 이야기가 궁금하다면 디어마이프렌즈를 추천합니다. </span></p><p><span style="color: rgb(51, 51, 51);">우리가 알아차리지 못했을 뿐 각자의 삶은 풍부한 색채로 가득하다는 것을 일깨워준 작품입니다. </span></p><p><br></p><p><strong style="color: rgb(51, 51, 51);">디어 마이 프렌즈 7 화 중 완의 독백&nbsp;</strong></p><p class="ql-indent-1"><span style="color: rgb(51, 51, 51);">&nbsp;죽은 자는 죽은 자, 그래도 산자는 살아야 한다고 분명한 선을 그을 때 사람의 힘으로 할 수 없는 일과 할 수 있는 일을 확실히 분간할 때 어쩔수 없는 모든 것을 순리라고 받아들일 때 나는 어른들이 산처럼 거대하고 위대하고 대단해 보인다.</span></p>', '', '디어 마이프렌즈 (2016) ', 68, 17),
	(70, '2022-08-17 12:20:08.647088', '2022-08-17 12:20:29.065537', '<p>\'아니, 이광수 배우가 이렇게 연기를 잘했단 말이야?\' 라고 깜짝 한 번 더 놀라게 되는 드라마. 라이브 입니다.</p><p>디어마이프렌즈에서 이광수 배우님은 김혜자 배우님의 아들로 열연을 펼쳤습니다.</p><p>이 드라마에서는 경찰로 성장하는 한 청년의 가슴뜨거운 청춘 이야기를 담았는데요.</p><p>끊이지 않는 지구대의 사건 사고가 극의 긴장감을 불어넣습니다.</p><p>수사물을 좋아하시는 분들도 도전하실 수 있는 드라마입니다.</p>', '', '라이브 (2018)', 69, 17),
	(71, '2022-08-17 13:07:54.798909', '2022-08-17 13:07:54.798909', '<p>백 번 읽고 백 번 배운다는 말입니다. 세종대왕님의 독서법이라고도 알려진 이것은 한 책을 두고 하는 말인데</p><p>사실 한 번만 읽고 그 책을 다시는 펴보지 않는 일이 많습니다.</p><p>제 경우엔 부분부분 다시 펼쳐보거나 하는데요. 제게도 수차례 다시 읽어본 책이 있습니다.</p><p>셜록 홈즈, 드래곤 라자, 동천 이 세 가지 정도가 아마 제가 수십차례 읽은 책이 되겠네요.</p><p>셋 다 장르소설이라는 공통점이 있어요. 하지만 그 깊이가 얕지 않아 다시 읽을 때마다 정말 새로 읽는 듯한</p><p>느낌을 준다는 특징도 있죠.</p><p>책의 범위를 좀 더 넓힌다면 우리가 학창시절에 닳도록 봐왔던 학습서들도 마찬가지 일 수 있겠네요.</p><p>처음엔 이해 안 갔던 것들이 다시 보니 이해되는 현상, 또는 새롭게 이런 내용이 있었나 하는 느낌. 뭔지 아시겠나요?</p><p>이번 포스팅으로는 본인이 다시 읽으며 느낀 후기를 작성해주세요! 그 어떤 것이라도 좋아요</p>', '', '백독백습, 세종대왕님의 습관', 70, 16),
	(72, '2022-08-17 13:14:33.820637', '2022-08-17 13:14:33.820637', '<p>책을 읽는다는 행위의 끝은 어딜까요?</p><p>감히 제가 정의해보고자 한다면 책을 덮은 뒤에 그 내용을 머릿속에서 이리저리 굴려보는 것입니다.</p><p>추리소설처럼 범인이 확실시되고 이야기의 결말이 확정적인 경우는 사실 이럴 일이 별로 없죠.</p><p>하지만 주인공들의 심리가 명확히 묘사되지 않고 열린 결말로 끝나거나, 또는 등장인물의 언행이 선뜻</p><p>이해가 가지 않으면서도 한편으로는 뭔가 알 것 같은 모순적인 느낌이 들 때</p><p>책을 덮었기 때문에 생각을 멈춘다는 것은 아직 책을 다 읽은 것이 아니게 됩니다.</p><p>책의 마무리를 포스팅해주세요. 독후감도 좋고, 그저 짧은 문구도 좋습니다.</p><p>책을 생각하며 덮어주세요. 이번 포스팅은 이걸로 하겠습니다!</p>', '', '책을 덮고 나서, 마무리 ', 71, 16),
	(73, '2022-08-17 13:24:15.770918', '2022-08-17 13:24:58.024725', '<p>우리 사회에서 노력은 매우 높게 평가 받는 요소 중 하나입니다.</p><p>하지만 노력은 항상 보상 받을까요?</p><p>제가 대학교 1학년 때 조교가 했던 말은 그 때의 저에게 크나큰 불편함을 안겼습니다.</p><p>매일 5시간씩 노력했지만 시험을 못 본 사람과, 수업도 안 나오고 숙제도 대충 내지만 시험 하나는 기깔나게 보는 사람</p><p>이 둘 중 누가 더 좋은 학점을 받아야 하는가에 대한 질문이었죠.</p><p>조교는 후자라고 말했습니다. 그 때의 저는 이해하지 못했지만요. 정확히는 안타까워했달까요?</p><p>하지만 그럼에도 우리는 노력해야 합니다. 왜 그럴까요? 포스팅에 본인이 생각하시는 그 이유를 올려주세요!</p>', '', '노력은 항상 보상 받을까요?', 72, 18),
	(74, '2022-08-17 13:27:55.493228', '2022-08-17 13:27:55.493228', '<p>나치가 전쟁에서 진 뒤 유대인 학살의 실무 책임자 중 하나였던 아돌프 아이히만은 재판에 서게 되었죠.</p><p>그는 자신이 그저 시스템의 하나로써 일했기에 무죄라고 했습니다.</p><p>죄책감도 없이 말이죠. 가장으로써 그의 모습은 어땠을까요? 친절하고 자상하고 가정에 충실한 그런 남편이었죠.</p><p>이걸 보고 철학자 한나 아렌트는 이렇게 말했습니다. 악은 평범하다고요.</p><p>사실은 좀 더 깊은 내용이 숨어있지만... 지면이 좁아 다 담기는 무리로 보여요.</p><p>여러분도 한번 생각해보세요. 주위에 평범을 가장한 악이 있진 않나요?</p>', '', '악은 평범하다.', 73, 18),
	(75, '2022-08-17 13:33:18.862699', '2022-08-17 13:34:03.258599', '<p>우리는 상황에 따라 완전 다른 모습을 보여주기도 합니다. 아니라고요?</p><p>하지만 상상해보세요. 면접을 보는 당신, 좋아하는 애인과 첫 데이트를 앞둔 모습, 혼자 사색하는 당신</p><p>항상 일정한 모습이 아니죠. 우리는 이걸 페르소나라고 부릅니다. 그 때 그 때마다 우리가 쓰는 가면이란 뜻이죠.</p><p>사람들은 이걸 인식하곤 처음엔 어색해합니다. 자기 자신이 정말 진정한 나라고 정의한 페르소나야 말로 진짜라고 생각하죠.</p><p>하지만 그건 모두들 여러분입니다. 여러분은 어떤 페르소나를 가지고 있나요?</p><p>저는 좋아하는 사람 앞에선 평소의 유머러스한 모습을 반에 반도 못 보여주더라고요 ㅎㅎ</p>', '', '여러분은 어떤 가면을 쓰고 있나요?', 74, 18),
	(76, '2022-08-17 13:37:42.412582', '2022-08-17 13:38:40.633526', '<p>철학자 니체는 이렇게 말했죠. 신은 죽었다고요.</p><p>이것은 니체의 시대적인 맥락을 짚어보자면, 더 이상 인간의 삶에서 신의 자리는 없어졌음을 뜻합니다.</p><p>사람들이 내세와 현세 사이에서 중요하게 생각하는 비중이 현세로 많이 옮겨왔다는 뜻인거죠.</p><p>하지만 그럼에도 오늘날까지 신의 자리는 굳건히 지켜지고 있는 것처럼 보입니다.</p><p>물론 전 세계적으로 줄고 있는 종교인들의 숫자를 보면 또 아닌 것 같기도 하구요.</p><p>신이라는 절대적인 가치의 부재 속에서 우리 인간은 어떤 가치를 찾아야 할까요?</p><p>니체는 자기 발전이라고 말했지만 여러분은 어떻게 생각하세요?</p>', '', '니체의 신은 죽었다는 말 무슨 뜻이죠', 75, 18),
	(77, '2022-08-17 13:49:59.879129', '2022-08-17 13:56:01.788505', '<p>한 때는 카를 마르크스의 자본론이 금서인 시절이 있었다고 들었어요.</p><p>현재 공산주의를 표방하는 국가들의 패악질을 보면 잘못된 사상처럼 느껴지기도 하죠.</p><p>근데 뭐 실제로 가능한 사상인지 아닌지를 떠나서</p><p>마르크스가 자본주의를 비판한 점은 지금도 알아볼 정도로 명쾌하다고 생각합니다.</p><p>분업으로 인해 노동자들은 자아실현의 가치를 잃게 되고, 그 생산물의 소유권도 다른 이에게 이에게 넘어가죠.</p><p>여기서 오는 노동의 가치의 상실은 충분히 생각해볼만 합니다.</p><p>점점 간편화 되고 고도화되는 노동의 단계에서, 아직도 육체적인 노동은 반드시 필요한 것입니다.</p><p>하지만 아무도 하려고 하지 않죠. 사실 우리는 노동을 다시 한번 바라보아야 하는 게 아닐까요?</p><p>여러분의 의견을 포스팅해주세요!</p>', '', '마르크스와 자본주의', 76, 18),
	(78, '2022-08-17 13:59:49.448052', '2022-08-17 14:00:15.179150', '<p>페미니즘의 대두와 함께 우리 사회는 인터넷에서 매일 성별 갈등이 대두 되고 있습니다.</p><p>그러한 여조를 반영해 정치권에서도 성별 갈등은 화두가 된 지 오래구요.</p><p>어느 한 쪽이 옳고 어느 한 쪽이 틀리다의 얘기를 하는 것이 아닙니다.</p><p>다만 이 끝이 어디로 향할지는 우리가 알아야 한다는 거죠.</p><p>다들 어떻게 생각하세요? 사실 저는 그 끝은 절대 오지 않을거라고 생각할 때도 있습니다.</p><p>가만히 지켜보면 서로에 대해 왜곡된 인상만 덧칠해가며 진정한 소통은 이루어지지 않고 있다고 생각하거든요.</p><p>자신과 비슷한 사람들끼리 뭉치며 확증편향이 되는 이유도 있겠죠.</p><p>여러분은 다들 어떻게 생각하세요?</p>', '', '남녀 성별 갈등 그 끝은 어딜까요?', 77, 18),
	(79, '2022-08-17 14:09:32.229101', '2022-08-17 14:10:32.674799', '<p><span style="color: rgb(77, 81, 86);">논문 "프로테스탄트 윤리와 자본주의 정신" 으로 유명한 막스 베버는</span></p><p><span style="color: rgb(77, 81, 86);">남을 이끄는 자가 가져야 할 것으로 세 가지를 뽑았습니다. 각각 하나씩만 가져도 되죠.</span></p><p><span style="color: rgb(77, 81, 86);">리더의 카리스마, 합법성, 그리고 리더라는 자리가 과거부터 존재해왔다는 사실 이 세 가지 입니다.</span></p><p><span style="color: rgb(77, 81, 86);">여기서 말하는 카리스마는 개인의 남다른 자질이라고 볼 수 있죠.</span></p><p><span style="color: rgb(77, 81, 86);">얼핏 보면 당연한 소리처럼 들립니다. 반장 선거, 또는 회사에서의 팀장 역할 등은 모두 합법적인 절차를 거치고</span></p><p><span style="color: rgb(77, 81, 86);">예로부터 항상 누군가는 이끄는 역할이었죠.</span></p><p><span style="color: rgb(77, 81, 86);">카리스마 또한 마찬가집니다. 뛰어난 사람이 아니면 당연히 사람이 따르지 않을 테니깐요.</span></p><p>그렇다면 카리스마는 타고나는 걸까요? 여러분의 생각을 적어주세요!</p>', '', '남을 이끄는 자가 되기 위해서는', 78, 18),
	(80, '2022-08-17 14:15:44.924971', '2022-08-17 14:46:41.116395', '<p><strong>멕시코에 프리다 칼로가 있다면, 한국에는 천경자 화백이 계십니다.</strong></p><p>그녀의 작품은 왠지모를 쓸쓸함을 담고 있어요.</p><p>인물화에서 눈을 바라봤을 때, 외로움이 느껴져 발길을 돌리기 힘들었습니다.</p><p>사랑하는 동생의 죽음, 결혼의 실패와 첫 딸의 출산 등 그녀의 삶이 화려하지만은 않았습니다.</p><p>천경자님의 작품을 찾아보고 어떤 감정이 들었는지 공유해주세요~</p>', '', '화려하지만은 않았던 삶, 천경자 화백', 79, 20),
	(81, '2022-08-17 14:19:23.820749', '2022-08-17 14:19:29.400441', '<p>치킨먹여드려요</p>', '', '배그 할사람 없음?', 1, 21),
	(82, '2022-08-17 14:23:22.837271', '2022-08-17 14:23:22.837271', '<p>화분은 식물들의 집이자 안식처 입니다.</p><p>씨앗을 막 심는 시기에는 아무 크기나 상관 없어요!</p><p>하지만 좀 작은 것이 관리하기 편하겠죠?</p><p>화분이 없다면 큰 스티로폼 박스라도 준비해보도록 합시다!</p>', '', '화분 준비', 81, 19),
	(83, '2022-08-17 14:27:06.310223', '2022-08-17 14:29:00.889743', '<p>고구마 키우기는 어렵지 않아요.</p><p>현실적으로 고구마 씨앗을 구하기는 어려우니</p><p>동네 마트로 가서 고구마를 하나 사와 넓찍한 화분이나</p><p>화단이 있다면 거기에 심어보도록 해요!</p><p>불가피하게 심을 곳이 없다면 플라스틱 컵을 활용해 물을 주어도 된답니다.</p>', '', '고구마 키우기', 82, 19),
	(84, '2022-08-17 14:28:29.255959', '2022-08-17 14:46:49.348890', '<p>우리나라 모더니즘의 1세대이며, 한국보다 외국에서 더 가치를 인정받고 있는 작가, 김환기 화백입니다. 저는 그의 점묘화를 사랑합니다. 밤하늘을 보는 것처럼 그의 작품은 마음의 눈을 통해 색의 오묘한 조합을 온전히 느끼게 해주기 때문이죠.</p><p>&lt;어디서 무엇이 되어 다시 만나리&gt; 라는 제목은 너무 멋지지 않나요?</p><p>처음엔 작품과 매치가 되지 않지만 색과 형태가 주는 압도감은 그림 앞에서 할말을 잃게 만듭니다. 저는 여러분들이 이번 기회를 통해서 그의 다양한 작품 세계를 탐험하셨으면 좋겠습니다. 한 형태에 얽매이지 않는 다양한 시도를 한 작가님이기 때문에 취향에 맞는 작품을 찾으실 수 있을거에요!</p>', '', '점묘화의 대가, 김환기 화백', 83, 20),
	(85, '2022-08-17 14:30:26.290455', '2022-08-17 14:31:47.601263', '<p>토마토는 고구마와는 약간 달라요!</p><p>물빠짐이 좋고 햇빛이 잘 드는 곳에 심어주면 됩니다.</p><p>토마토는 성장속도가 매우 빠르기 때문에</p><p>정말로 키우는 재미가 있을거에요.</p><p>멈춰있는 것 같은 식물들도 정말 빠르게 성장한다구요!</p>', '', '토마토 키우기', 84, 19),
	(86, '2022-08-17 14:35:23.407335', '2022-08-17 14:37:28.577295', '<p>제철 과일은 정말 많아요!</p><p>정말 매달 여러 과일들이 끊임없이 나오죠</p><p>요즘에는 사계절 키우기 쉽도록 개량된 품종들도 많습니다.</p><p>봄이라면 딸기 🍓</p><p>여름이라면 수박🍉등!</p><p>집에서 먹고 남은 씨앗을 한번 심어보도록 해요!</p><p>앞선 두 번의 키우기로 잘 키우실 것이라 믿습니다.😊</p>', '', '제철과일 키우기', 85, 19),
	(87, '2022-08-17 14:39:31.072336', '2022-08-17 14:39:31.072336', '<p>여러 식물을 키워보고 느낀 점이 많았나요?</p><p>이처럼 식물은 식량으로도, 친구로도 함께할 수 있는 존재랍니다.</p><p>날이 좀 선선해졌다면, 가볍게 동네 뒷산이라도 가보는건 어떨까요?</p><p>천천히 숲속을 거닐면서 평소에는 쉽게 지나쳤던 자연을</p><p>맘껏 느껴보도록 합시다.🏞️</p>', '', '자연 느껴보기', 86, 19),
	(88, '2022-08-17 14:41:54.614902', '2022-08-17 14:47:13.466050', '<p>미국의 잭슨 폴록이 선의 거침에 초점을 맞췄다면, 한국의 이우환 화백은 선의 품격을 한층 높이는 것에 더 집중했다고 생각합니다. 그의 작품 앞에 서있노라면, 마치 물안개 가득한 새벽 속에 서있는 듯한 느낌을 받습니다. </p><p>전 추상미술을 그렇게 좋아하진 않지만, 여백이 가득한 화면 위에 점들이 진해졌다 흐려졌다를 반복하는 그의 작품은</p><p>오랫동안 저의 발길을 붙잡았습니다. 여러분들은 어떤 느낌이 드셨나요? 이우환 화백의 작품을 찾아보거나 미술관을 방문하여 작품을 감상해 봅시다. 그리고 어떤 느낌이 들었는지 공유해주세요~</p>', '', '점, 선, 여백의 대가. 이우환 화백', 87, 20),
	(89, '2022-08-17 15:08:12.583066', '2022-08-17 15:10:25.951627', '<p>지용은 클래식 연주자로서 조금 특이합니다.</p><p>변화를 두려워하지 않고 파격적인 콜라보에 매 번 도전하는 피아니스트 입니다.</p><p>그런 그가 정통음악의 대가 바흐를 연주한다니 처음에는 잘 매칭이 되지 않았습니다.</p><p>지용의 골든베르크 변주곡을 글렌굴드의 골든베르크 변주곡과 비교하여 들어보세요.</p><p>다른 스타일을 확연히 느끼실 수 있을겁니다.</p>', '', '지용의 골든베르크 변주곡', 88, 23),
	(90, '2022-08-17 15:12:49.707558', '2022-08-17 15:12:49.707558', '<p>쇼팽 콩쿨에서 당당히 우승을 차지하며 일약의 스타로 떠오른 피아니스트, 조성진입니다.</p><p>조성진의 피아노는 섬세합니다.</p><p>그 섬세함을 잘 느낄 수 있는 앨범, 드뷔시 앨범입니다.</p><p>피아노에 닿는 손가락 끝의 세기가 얼마나 예민한지 드뷔시의 달빛을 들어본다면 공감하실 수 있을겁니다.</p>', '', '조성진의 드뷔시', 89, 23),
	(91, '2022-08-17 15:18:27.843026', '2022-08-17 15:21:20.819365', '<p>아니 라흐마니노프가 누구길래 저렇게 대단한거야?</p><p>러시아의 낭만주의 대표자, 라흐마니노프는 극한의 연주 기법과 초인적인 표현력을 요구하는 작품으로 유명합니다.</p><p>손이 작다는 이유로 자신이 작곡한 작품을 한 번도 연주하지 않았다는 사실만으로도 얼마나 난이도가 높은지를 예상할 수 있습니다.</p><p>피아니스트들이 연주하기를 극도로 꺼린다는 라흐마니노프, 완벽하게 연주된 적이 손에 꼽힐정도라는 라흐마니노프 협주곡 3번을 광기에 가까운 연주로 임윤찬이 세계에 선보인겁니다.</p><p>그 충격이 얼마나 대단했던지, 그자리에 있던 청중의 기립박수가 끊이지 않았다고 하죠. 이번 기회를 통해 라흐마니노프의 작품을 한 번 감상해보는건 어떨까요?</p><p><br></p>', '', '세계를 감동시킨 피아니스트, 임윤찬', 90, 23),
	(92, '2022-08-17 17:11:28.335058', '2022-08-17 17:12:01.501779', '<p><strong>spring boot 프로젝트를 생성한다.</strong></p>', '', '백엔드 프로젝트 생성', 2, 28),
	(93, '2022-08-17 17:11:43.440944', '2022-08-17 17:12:01.457389', '<p><em>react 프로젝트를 생성한다!</em></p>', '', '프론트엔드 프로젝트 생성!', 1, 28),
	(94, '2022-08-17 17:11:54.680216', '2022-08-17 17:12:01.571192', '<p>생성한 프로젝트들을 배포한다!</p>', '', 'AWS 배포하기!', 3, 28),
	(95, '2022-08-18 10:12:49.724502', '2022-08-18 10:20:44.761602', '<p>추억이 솜구름처럼 떠올라요</p>', '', '윤도현의 빗소리를 들으면', 94, 29),
	(96, '2022-08-18 10:20:23.236994', '2022-08-18 10:20:23.236994', '<p>내 말에 동의하는 사람들 모두 손 머리 위로 </p>', '', '꽃이 사람보다 아름다워', 95, 29),
	(97, '2022-08-18 10:24:15.279750', '2022-08-18 10:24:15.279750', '<p>7080 노래들이 그렇게 좋았는데</p>', '', '배철수의 음악캠프가 그립다', 96, 29),
	(98, '2022-08-18 11:36:20.282551', '2022-08-18 11:40:16.946793', '<p>가장 간단히 할 수 있는 " 선 " 을 그려봅시다.</p><p>대신 직선이 아닌 펜툴로 그려볼거에요!</p><p>다음의 툴을 사용합니다</p>', '', '선 그리기 ', 97, 27),
	(99, '2022-08-18 15:34:02.910775', '2022-08-18 15:35:09.760367', '<p><span class="ql-size-large">광주에 있는 산 중 하나인 무등산은</span></p><p><br></p><p><span class="ql-size-large">국립공원으로 지정되어 있고, 무등산 수박으로 유명하다!</span></p>', '', '지리산에 가보자!', 2, 31),
	(100, '2022-08-18 15:34:24.930499', '2022-08-18 15:35:09.760367', '<p><span class="ql-size-large">대한민국 국민이라면 누구나 아는 설악산을 가보는건 어떨까?</span></p>', '', '설악산은 어때?', 1, 31),
	(101, '2022-08-18 15:35:00.759367', '2022-08-18 15:35:09.760367', '<p><span class="ql-size-large">여름철 계곡으로 유명한 지리산!</span></p><p><br></p><p><span class="ql-size-large">등산으로도 정말 유명합니다.!</span></p>', '', '지리산도 좋아요!', 3, 31),
	(103, '2022-08-19 00:12:31.530749', '2022-08-19 00:34:44.003179', '<p>여름의 1등성 고문고자리 베가, 백조자리 데네브, 독수리자리 알타이르를 이으면 삼각형이 되는데 이를 여름의 대삼각형이라고 합니다. 맑은 날 여름 은하수 굵은 쪽 하늘에서 유난히 밝은 별 3개만 찾으면 되는데요.</p><p>그럼 은하수는 어디있지? 궁금하시죠? 대한민국은 북반구이고 북반구의 경우 남쪽에 은하수가 있습니다.</p><p>은하수는 매우 큰 크기로 나타나기 때문에 육안으로 관찰가능하고, 그 속 가장 빛나는 별 3개 그것이 바로 여름의 대삼각형입니다. 요즘은 앱으로도 별자리를 쉽게 찾을 수 있으니 함께 이용해보는 것도 추천합니다.</p>', '', '여름의 대 삼각형', 2, 32),
	(104, '2022-08-19 00:19:00.364515', '2022-08-19 00:19:06.336176', '<p>별자리는 쉽게 알고, 익숙한 별자리를 찾는 것 부터 시작하는 것이 좋습니다.</p><p>길을 잃으면 길잡이가 되어주는 별자리는? 바로 북극성입니다.</p><p>왜 북극성을 길잡이 별일까요? 어느 별을 찾든 그 별을 기준으로 방향을 정하고 하나하나 다른 별을 찾을 수 있는 기준이 되기 때문인데요. 북극성은 도시의 밤에서도 반짝반짝 빛이 납니다.</p><p>오늘 저녁, 고개를 들어 여러분 머리 위 가장 빛나고 있는 별 북극성을 찾아보세요!</p>', '', '북극성을 찾자.', 1, 32),
	(105, '2022-08-19 00:22:27.052591', '2022-08-19 00:34:37.932781', '<p>그레다섬의 오리온이 같이 사냥하던 사냥의 여신인 알테미스에게</p><p>"이 세상에 퇴치할 수 없는 동물은 하나도 없다" 라고 소리친 것을 들은 헤라여신이 크게 화를 내며 보낸 것이 전갈이라고 합니다. 전갈은 맹독, 단 한침으로 오리온을 찔러 죽였다고 하죠. 그래서 그런지 전갈자리가 동쪽 하늘에 나타나기만 하면, 오리온자리는 서쪽 지평선으로 급히 빠져 버린다고 합니다. 재미있지 않나요?</p><p>이처럼 별자리는 자신만의 스토리들을 가지고 있습니다. 스토리와 함께 별자리를 찾아본다면 별자리르 더 쉽게 찾고 재미를 느낄 수 있지 않을까요?</p>', '', '88개나 되는 별들의 이음, 전갈자리', 103, 32),
	(106, '2022-08-19 00:26:39.993105', '2022-08-19 00:26:50.985700', '<p>반은 말, 반은 사람인 케타우루스족 가운데서 아주 우수한 학자였던 케이론.</p><p>헤르큘레스가 켄타우루스족과 싸우고 있을 때, 그가 쏜 화살이 잘못되어 케이론의 무릎에 맞았습니다.</p><p>불사신이었지만 약을 써도 독화살의 아픔은 대단하여 의술이 효력이 없었습니다.</p><p>그래서 케이론은 자신의 몸을 거인 신인 플로메데우스에게 양도하고 죽고 말았습니다.</p><p>제우스는 그의 위대한 업적을 기리기 위해 활을 쏘는 반인반마의 케이론을 하늘로 올려 별자리를 만들었다고 하는데요.</p><p>늠름한 궁수자리 한 번 찾아보지 않으시겠어요?</p>', '', '궁수 자리', 104, 32);

-- 테이블 moggozi.stage_img 구조 내보내기
CREATE TABLE IF NOT EXISTS `stage_img` (
  `id` bigint(20) NOT NULL AUTO_INCREMENT,
  `order_id` int(11) NOT NULL,
  `path` varchar(255) DEFAULT NULL,
  `stage_id` bigint(20) DEFAULT NULL,
  PRIMARY KEY (`id`),
  KEY `FKsmxd74x774ys77oj6wx5bcapn` (`stage_id`),
  CONSTRAINT `FKsmxd74x774ys77oj6wx5bcapn` FOREIGN KEY (`stage_id`) REFERENCES `stage` (`id`)
) ENGINE=InnoDB DEFAULT CHARSET=utf8mb4;

-- 테이블 데이터 moggozi.stage_img:~0 rows (대략적) 내보내기

-- 테이블 moggozi.stage_user 구조 내보내기
CREATE TABLE IF NOT EXISTS `stage_user` (
  `id` bigint(20) NOT NULL AUTO_INCREMENT,
  `end_time` datetime(6) DEFAULT NULL,
  `join_time` datetime(6) DEFAULT NULL,
  `state` int(11) NOT NULL,
  `member_id` bigint(20) DEFAULT NULL,
  `stage_id` bigint(20) DEFAULT NULL,
  PRIMARY KEY (`id`),
  KEY `FK1chpmehh1onc71n4puhdajk2q` (`member_id`),
  KEY `FKn5feaq9fqlejr9ftj1koswr3` (`stage_id`),
  CONSTRAINT `FK1chpmehh1onc71n4puhdajk2q` FOREIGN KEY (`member_id`) REFERENCES `member` (`member_id`),
  CONSTRAINT `FKn5feaq9fqlejr9ftj1koswr3` FOREIGN KEY (`stage_id`) REFERENCES `stage` (`id`)
) ENGINE=InnoDB AUTO_INCREMENT=269 DEFAULT CHARSET=utf8mb4;

-- 테이블 데이터 moggozi.stage_user:~268 rows (대략적) 내보내기
INSERT INTO `stage_user` (`id`, `end_time`, `join_time`, `state`, `member_id`, `stage_id`) VALUES
	(1, '2022-08-16 22:39:22.578209', '2022-08-16 22:35:52.683422', 2, 8, 1),
	(2, '2022-08-17 01:46:45.853679', '2022-08-16 22:35:52.687463', 2, 8, 2),
	(3, '2022-08-17 02:03:04.853062', '2022-08-16 22:35:52.693847', 2, 8, 3),
	(4, '2022-08-17 01:05:11.022637', '2022-08-16 22:35:52.695828', 2, 8, 4),
	(5, '2022-08-17 02:06:20.572163', '2022-08-16 22:35:52.697709', 2, 8, 5),
	(6, NULL, '2022-08-16 23:47:51.224266', 1, 11, 8),
	(7, NULL, '2022-08-16 23:47:51.233537', 1, 11, 10),
	(8, NULL, '2022-08-16 23:47:51.235549', 1, 11, 11),
	(9, '2022-08-17 00:18:28.715206', '2022-08-16 23:58:30.465432', 2, 13, 6),
	(10, NULL, '2022-08-16 23:58:30.467258', 1, 13, 7),
	(11, NULL, '2022-08-16 23:58:30.469048', 1, 13, 9),
	(12, NULL, '2022-08-17 00:25:04.022581', 1, 4, 8),
	(13, NULL, '2022-08-17 00:25:04.026152', 1, 4, 10),
	(14, NULL, '2022-08-17 00:25:04.032511', 1, 4, 11),
	(15, NULL, '2022-08-17 00:52:21.221667', 1, 11, 12),
	(16, NULL, '2022-08-17 00:52:21.223630', 1, 11, 13),
	(17, NULL, '2022-08-17 00:52:21.233214', 1, 11, 14),
	(18, NULL, '2022-08-17 00:52:21.235060', 1, 11, 15),
	(19, NULL, '2022-08-17 00:52:21.236880', 1, 11, 17),
	(20, NULL, '2022-08-17 00:53:16.958204', 1, 11, 1),
	(21, NULL, '2022-08-17 00:53:16.959892', 1, 11, 2),
	(22, NULL, '2022-08-17 00:53:16.961546', 1, 11, 3),
	(23, NULL, '2022-08-17 00:53:16.963186', 1, 11, 4),
	(24, NULL, '2022-08-17 00:53:16.971207', 1, 11, 5),
	(25, NULL, '2022-08-17 01:42:11.159187', 1, 14, 12),
	(26, NULL, '2022-08-17 01:42:11.163993', 1, 14, 13),
	(27, NULL, '2022-08-17 01:42:11.171687', 1, 14, 14),
	(28, NULL, '2022-08-17 01:42:11.175088', 1, 14, 15),
	(29, NULL, '2022-08-17 01:42:11.177988', 1, 14, 17),
	(30, NULL, '2022-08-17 02:05:04.217777', 1, 1, 1),
	(31, NULL, '2022-08-17 02:05:04.225831', 1, 1, 2),
	(32, NULL, '2022-08-17 02:05:04.227756', 1, 1, 3),
	(33, NULL, '2022-08-17 02:05:04.229848', 1, 1, 4),
	(34, NULL, '2022-08-17 02:05:04.231714', 1, 1, 5),
	(35, '2022-08-17 15:19:22.062958', '2022-08-17 02:05:12.138197', 2, 1, 19),
	(36, '2022-08-17 15:23:19.797520', '2022-08-17 02:05:12.140241', 2, 1, 20),
	(37, '2022-08-17 15:34:26.862747', '2022-08-17 02:05:12.142241', 2, 1, 21),
	(38, '2022-08-17 15:50:29.231139', '2022-08-17 02:05:12.144037', 2, 1, 22),
	(39, '2022-08-17 15:53:07.506499', '2022-08-17 02:05:12.145912', 2, 1, 23),
	(40, '2022-08-17 15:54:55.080404', '2022-08-17 02:05:12.147758', 2, 1, 24),
	(41, '2022-08-17 15:58:23.622701', '2022-08-17 02:05:12.149672', 2, 1, 25),
	(42, '2022-08-17 16:00:39.668058', '2022-08-17 02:05:12.151537', 2, 1, 26),
	(43, '2022-08-17 16:09:54.159241', '2022-08-17 02:05:12.153505', 2, 1, 27),
	(44, '2022-08-17 16:13:24.386091', '2022-08-17 02:05:12.155341', 2, 1, 28),
	(45, '2022-08-17 16:18:21.626362', '2022-08-17 02:05:12.157197', 2, 1, 29),
	(46, NULL, '2022-08-17 03:18:08.204059', 1, 15, 35),
	(47, NULL, '2022-08-17 03:18:08.207553', 1, 15, 36),
	(48, NULL, '2022-08-17 03:18:08.209334', 1, 15, 37),
	(49, NULL, '2022-08-17 03:18:08.211131', 1, 15, 38),
	(50, NULL, '2022-08-17 03:18:14.409967', 1, 15, 32),
	(51, NULL, '2022-08-17 03:18:14.411962', 1, 15, 33),
	(52, NULL, '2022-08-17 03:18:14.428484', 1, 15, 34),
	(53, '2022-08-17 03:46:24.264079', '2022-08-17 03:42:34.021922', 2, 18, 6),
	(54, '2022-08-17 03:50:14.425209', '2022-08-17 03:42:34.023682', 2, 18, 7),
	(55, '2022-08-17 03:58:47.994771', '2022-08-17 03:42:34.025293', 2, 18, 9),
	(56, NULL, '2022-08-17 04:37:08.519868', 1, 15, 6),
	(57, NULL, '2022-08-17 04:37:08.528851', 1, 15, 7),
	(58, NULL, '2022-08-17 04:37:08.531560', 1, 15, 9),
	(59, NULL, '2022-08-17 04:37:14.156373', 1, 15, 19),
	(60, NULL, '2022-08-17 04:37:14.159050', 1, 15, 20),
	(61, NULL, '2022-08-17 04:37:14.161371', 1, 15, 21),
	(62, NULL, '2022-08-17 04:37:14.163695', 1, 15, 22),
	(63, NULL, '2022-08-17 04:37:14.166123', 1, 15, 23),
	(64, NULL, '2022-08-17 04:37:14.168378', 1, 15, 24),
	(65, NULL, '2022-08-17 04:37:14.170541', 1, 15, 25),
	(66, NULL, '2022-08-17 04:37:14.173010', 1, 15, 26),
	(67, NULL, '2022-08-17 04:37:14.175337', 1, 15, 27),
	(68, NULL, '2022-08-17 04:37:14.177594', 1, 15, 28),
	(69, NULL, '2022-08-17 04:37:14.179870', 1, 15, 29),
	(70, NULL, '2022-08-17 05:00:15.834928', 1, 18, 43),
	(71, NULL, '2022-08-17 05:00:15.839144', 1, 18, 44),
	(72, NULL, '2022-08-17 05:00:15.841238', 1, 18, 45),
	(73, NULL, '2022-08-17 05:00:15.843112', 1, 18, 46),
	(74, NULL, '2022-08-17 09:31:38.618173', 1, 17, 47),
	(75, NULL, '2022-08-17 09:31:38.620333', 1, 17, 48),
	(76, NULL, '2022-08-17 09:31:38.622352', 1, 17, 49),
	(77, NULL, '2022-08-17 09:31:38.624392', 1, 17, 50),
	(78, '2022-08-17 09:35:08.415787', '2022-08-17 09:31:38.626274', 2, 17, 51),
	(79, '2022-08-17 09:39:06.847636', '2022-08-17 09:35:57.405906', 2, 17, 43),
	(80, '2022-08-17 09:44:02.792356', '2022-08-17 09:35:57.407761', 2, 17, 44),
	(81, '2022-08-17 16:56:16.796349', '2022-08-17 09:35:57.409404', 2, 17, 45),
	(82, '2022-08-17 16:57:40.706989', '2022-08-17 09:35:57.411022', 2, 17, 46),
	(83, NULL, '2022-08-17 10:34:14.264288', 1, 16, 47),
	(84, NULL, '2022-08-17 10:34:14.266040', 1, 16, 48),
	(85, NULL, '2022-08-17 10:34:14.267672', 1, 16, 49),
	(86, NULL, '2022-08-17 10:34:14.273186', 1, 16, 50),
	(87, NULL, '2022-08-17 10:34:14.274763', 1, 16, 51),
	(88, '2022-08-17 11:14:47.020745', '2022-08-17 11:12:55.321756', 2, 16, 39),
	(89, '2022-08-17 11:17:39.145378', '2022-08-17 11:12:55.323316', 2, 16, 40),
	(90, NULL, '2022-08-17 11:12:55.324788', 1, 16, 41),
	(91, NULL, '2022-08-17 11:12:55.326326', 1, 16, 42),
	(92, NULL, '2022-08-17 11:20:39.673846', 1, 16, 43),
	(93, NULL, '2022-08-17 11:20:39.675547', 1, 16, 44),
	(94, NULL, '2022-08-17 11:20:39.677170', 1, 16, 45),
	(95, '2022-08-17 11:26:07.531656', '2022-08-17 11:20:39.681022', 2, 16, 46),
	(96, NULL, '2022-08-17 13:19:23.271777', 1, 18, 19),
	(97, NULL, '2022-08-17 13:19:23.275838', 1, 18, 20),
	(98, NULL, '2022-08-17 13:19:23.277958', 1, 18, 21),
	(99, NULL, '2022-08-17 13:19:23.280367', 1, 18, 22),
	(100, '2022-08-17 13:25:13.728449', '2022-08-17 13:19:23.282312', 2, 18, 23),
	(101, NULL, '2022-08-17 13:19:23.284394', 1, 18, 24),
	(102, NULL, '2022-08-17 13:19:23.286364', 1, 18, 25),
	(103, NULL, '2022-08-17 13:19:23.288493', 1, 18, 26),
	(104, NULL, '2022-08-17 13:19:23.290450', 1, 18, 27),
	(105, NULL, '2022-08-17 13:19:23.292749', 1, 18, 28),
	(106, NULL, '2022-08-17 13:19:23.297292', 1, 18, 29),
	(107, NULL, '2022-08-17 13:45:07.660851', 1, 20, 19),
	(108, NULL, '2022-08-17 13:45:07.662848', 1, 20, 20),
	(109, NULL, '2022-08-17 13:45:07.664793', 1, 20, 21),
	(110, NULL, '2022-08-17 13:45:07.666589', 1, 20, 22),
	(111, NULL, '2022-08-17 13:45:07.668437', 1, 20, 23),
	(112, NULL, '2022-08-17 13:45:07.670565', 1, 20, 24),
	(113, NULL, '2022-08-17 13:45:07.672425', 1, 20, 25),
	(114, NULL, '2022-08-17 13:45:07.674220', 1, 20, 26),
	(115, NULL, '2022-08-17 13:45:07.676200', 1, 20, 27),
	(116, NULL, '2022-08-17 13:45:07.678143', 1, 20, 28),
	(117, NULL, '2022-08-17 13:45:07.680096', 1, 20, 29),
	(118, '2022-08-17 14:31:13.553324', '2022-08-17 14:20:47.737037', 2, 11, 6),
	(119, NULL, '2022-08-17 14:20:47.740962', 1, 11, 7),
	(120, NULL, '2022-08-17 14:20:47.743088', 1, 11, 9),
	(121, NULL, '2022-08-17 14:26:51.547617', 1, 21, 81),
	(122, '2022-08-17 14:33:00.937640', '2022-08-17 14:32:13.064387', 2, 11, 43),
	(123, NULL, '2022-08-17 14:32:13.066310', 1, 11, 44),
	(124, NULL, '2022-08-17 14:32:13.068029', 1, 11, 45),
	(125, NULL, '2022-08-17 14:32:13.069849', 1, 11, 46),
	(126, NULL, '2022-08-17 14:36:33.338763', 1, 5, 81),
	(127, '2022-08-17 15:50:08.713375', '2022-08-17 14:42:32.176099', 2, 15, 82),
	(128, NULL, '2022-08-17 14:42:32.177955', 1, 15, 83),
	(129, '2022-08-17 15:51:21.356666', '2022-08-17 14:42:32.180157', 2, 15, 85),
	(130, NULL, '2022-08-17 14:42:32.185163', 1, 15, 86),
	(131, NULL, '2022-08-17 14:42:32.186950', 1, 15, 87),
	(132, '2022-08-17 15:09:12.759868', '2022-08-17 15:06:34.021893', 2, 8, 6),
	(133, '2022-08-17 15:13:34.876158', '2022-08-17 15:06:34.025851', 2, 8, 7),
	(134, '2022-08-17 15:36:34.122554', '2022-08-17 15:06:34.027800', 2, 8, 9),
	(135, NULL, '2022-08-17 15:10:21.858046', 1, 1, 43),
	(136, NULL, '2022-08-17 15:10:21.860030', 1, 1, 44),
	(137, NULL, '2022-08-17 15:10:21.861912', 1, 1, 45),
	(138, NULL, '2022-08-17 15:10:21.863737', 1, 1, 46),
	(139, NULL, '2022-08-17 15:20:25.623804', 1, 11, 47),
	(140, NULL, '2022-08-17 15:20:25.625513', 1, 11, 48),
	(141, '2022-08-17 15:23:44.899362', '2022-08-17 15:20:25.627130', 2, 11, 49),
	(142, NULL, '2022-08-17 15:20:25.628924', 1, 11, 50),
	(143, '2022-08-17 15:24:48.161927', '2022-08-17 15:20:25.635827', 2, 11, 51),
	(144, NULL, '2022-08-17 15:22:46.804887', 1, 20, 39),
	(145, NULL, '2022-08-17 15:22:46.810622', 1, 20, 40),
	(146, NULL, '2022-08-17 15:22:46.813707', 1, 20, 41),
	(147, '2022-08-17 15:24:49.280923', '2022-08-17 15:22:46.816921', 2, 20, 42),
	(148, NULL, '2022-08-17 15:25:25.631510', 1, 11, 19),
	(149, NULL, '2022-08-17 15:25:25.633616', 1, 11, 20),
	(150, NULL, '2022-08-17 15:25:25.635539', 1, 11, 21),
	(151, NULL, '2022-08-17 15:25:25.637692', 1, 11, 22),
	(152, NULL, '2022-08-17 15:25:25.640117', 1, 11, 23),
	(153, NULL, '2022-08-17 15:25:25.642163', 1, 11, 24),
	(154, NULL, '2022-08-17 15:25:25.644497', 1, 11, 25),
	(155, NULL, '2022-08-17 15:25:25.646647', 1, 11, 26),
	(156, NULL, '2022-08-17 15:25:25.655297', 1, 11, 27),
	(157, NULL, '2022-08-17 15:25:25.657553', 1, 11, 28),
	(158, NULL, '2022-08-17 15:25:25.659526', 1, 11, 29),
	(159, NULL, '2022-08-17 15:26:08.547359', 1, 20, 43),
	(160, NULL, '2022-08-17 15:26:08.549682', 1, 20, 44),
	(161, NULL, '2022-08-17 15:26:08.551562', 1, 20, 45),
	(162, NULL, '2022-08-17 15:26:08.553481', 1, 20, 46),
	(163, NULL, '2022-08-17 15:43:32.738254', 1, 11, 60),
	(164, NULL, '2022-08-17 15:43:32.739842', 1, 11, 61),
	(165, NULL, '2022-08-17 15:43:32.741396', 1, 11, 62),
	(166, NULL, '2022-08-17 15:48:43.229067', 1, 18, 60),
	(167, NULL, '2022-08-17 15:48:43.233111', 1, 18, 61),
	(168, NULL, '2022-08-17 15:48:43.234951', 1, 18, 62),
	(169, NULL, '2022-08-17 15:48:57.272299', 1, 18, 89),
	(170, NULL, '2022-08-17 15:48:57.274613', 1, 18, 90),
	(171, NULL, '2022-08-17 15:48:57.276840', 1, 18, 91),
	(172, NULL, '2022-08-17 15:50:59.663055', 1, 18, 80),
	(173, NULL, '2022-08-17 15:50:59.672980', 1, 18, 84),
	(174, NULL, '2022-08-17 15:50:59.674899', 1, 18, 88),
	(175, NULL, '2022-08-17 15:56:27.117960', 1, 17, 80),
	(176, NULL, '2022-08-17 15:56:27.119693', 1, 17, 84),
	(177, NULL, '2022-08-17 15:56:27.121358', 1, 17, 88),
	(178, NULL, '2022-08-17 15:56:50.533935', 1, 17, 6),
	(179, NULL, '2022-08-17 15:56:50.535925', 1, 17, 7),
	(180, NULL, '2022-08-17 15:56:50.537771', 1, 17, 9),
	(181, NULL, '2022-08-17 16:09:41.575368', 1, 4, 19),
	(182, NULL, '2022-08-17 16:09:41.580393', 1, 4, 20),
	(183, NULL, '2022-08-17 16:09:41.582829', 1, 4, 21),
	(184, NULL, '2022-08-17 16:09:41.585439', 1, 4, 22),
	(185, NULL, '2022-08-17 16:09:41.587893', 1, 4, 23),
	(186, NULL, '2022-08-17 16:09:41.590238', 1, 4, 24),
	(187, NULL, '2022-08-17 16:09:41.592815', 1, 4, 25),
	(188, NULL, '2022-08-17 16:09:41.599195', 1, 4, 26),
	(189, NULL, '2022-08-17 16:09:41.601785', 1, 4, 27),
	(190, NULL, '2022-08-17 16:09:41.604143', 1, 4, 28),
	(191, NULL, '2022-08-17 16:09:41.606671', 1, 4, 29),
	(192, NULL, '2022-08-17 16:10:39.862664', 1, 22, 82),
	(193, NULL, '2022-08-17 16:10:39.864674', 1, 22, 83),
	(194, NULL, '2022-08-17 16:10:39.866622', 1, 22, 85),
	(195, NULL, '2022-08-17 16:10:39.868722', 1, 22, 86),
	(196, NULL, '2022-08-17 16:10:39.870830', 1, 22, 87),
	(197, '2022-08-17 16:14:58.070887', '2022-08-17 16:12:36.775082', 2, 22, 31),
	(198, NULL, '2022-08-17 16:12:36.777042', 1, 22, 55),
	(199, NULL, '2022-08-17 16:12:36.778801', 1, 22, 58),
	(200, NULL, '2022-08-17 16:12:36.780632', 1, 22, 59),
	(201, '2022-08-17 16:18:55.482182', '2022-08-17 16:16:34.299267', 2, 22, 89),
	(202, NULL, '2022-08-17 16:16:34.301140', 1, 22, 90),
	(203, NULL, '2022-08-17 16:16:34.302893', 1, 22, 91),
	(204, NULL, '2022-08-17 16:39:33.305464', 1, 1, 89),
	(205, NULL, '2022-08-17 16:39:33.312372', 1, 1, 90),
	(206, NULL, '2022-08-17 16:39:33.314216', 1, 1, 91),
	(207, NULL, '2022-08-17 17:13:12.989594', 1, 17, 92),
	(208, NULL, '2022-08-17 17:13:12.993272', 1, 17, 93),
	(209, NULL, '2022-08-17 17:13:12.995165', 1, 17, 94),
	(210, NULL, '2022-08-17 17:14:08.893393', 1, 26, 92),
	(211, NULL, '2022-08-17 17:14:08.895227', 1, 26, 93),
	(212, NULL, '2022-08-17 17:14:08.897055', 1, 26, 94),
	(213, NULL, '2022-08-17 17:17:00.315617', 1, 26, 89),
	(214, NULL, '2022-08-17 17:17:00.317339', 1, 26, 90),
	(215, '2022-08-17 17:19:13.923164', '2022-08-17 17:17:00.318968', 2, 26, 91),
	(216, NULL, '2022-08-17 17:20:41.836544', 1, 26, 43),
	(217, NULL, '2022-08-17 17:20:41.838438', 1, 26, 44),
	(218, NULL, '2022-08-17 17:20:41.840292', 1, 26, 45),
	(219, NULL, '2022-08-17 17:20:41.842209', 1, 26, 46),
	(220, NULL, '2022-08-17 17:26:39.170769', 1, 26, 31),
	(221, NULL, '2022-08-17 17:26:39.172508', 1, 26, 55),
	(222, NULL, '2022-08-17 17:26:39.174223', 1, 26, 58),
	(223, NULL, '2022-08-17 17:26:39.176295', 1, 26, 59),
	(224, NULL, '2022-08-17 17:29:01.041228', 1, 26, 6),
	(225, NULL, '2022-08-17 17:29:01.043143', 1, 26, 7),
	(226, NULL, '2022-08-17 17:29:01.053086', 1, 26, 9),
	(227, NULL, '2022-08-17 17:30:50.145461', 1, 26, 80),
	(228, NULL, '2022-08-17 17:30:50.147342', 1, 26, 84),
	(229, NULL, '2022-08-17 17:30:50.149002', 1, 26, 88),
	(230, '2022-08-17 17:37:18.676799', '2022-08-17 17:34:03.739801', 2, 26, 82),
	(231, NULL, '2022-08-17 17:34:03.741649', 1, 26, 83),
	(232, NULL, '2022-08-17 17:34:03.743443', 1, 26, 85),
	(233, NULL, '2022-08-17 17:34:03.747581', 1, 26, 86),
	(234, '2022-08-17 17:36:05.940510', '2022-08-17 17:34:03.749303', 2, 26, 87),
	(235, NULL, '2022-08-17 17:42:06.799207', 1, 26, 19),
	(236, NULL, '2022-08-17 17:42:06.800876', 1, 26, 20),
	(237, NULL, '2022-08-17 17:42:06.802431', 1, 26, 21),
	(238, NULL, '2022-08-17 17:42:06.803934', 1, 26, 22),
	(239, NULL, '2022-08-17 17:42:06.805478', 1, 26, 23),
	(240, NULL, '2022-08-17 17:42:06.807033', 1, 26, 24),
	(241, NULL, '2022-08-17 17:42:06.808641', 1, 26, 25),
	(242, NULL, '2022-08-17 17:42:06.810247', 1, 26, 26),
	(243, NULL, '2022-08-17 17:42:06.811783', 1, 26, 27),
	(244, NULL, '2022-08-17 17:42:06.813337', 1, 26, 28),
	(245, NULL, '2022-08-17 17:42:06.814929', 1, 26, 29),
	(246, '2022-08-17 17:47:26.719929', '2022-08-17 17:45:46.516652', 2, 26, 67),
	(247, '2022-08-17 17:48:49.184777', '2022-08-17 17:45:46.518222', 2, 26, 68),
	(248, '2022-08-17 17:51:20.763638', '2022-08-17 17:45:46.519755', 2, 26, 69),
	(249, '2022-08-17 17:52:48.719070', '2022-08-17 17:45:46.521286', 2, 26, 70),
	(250, NULL, '2022-08-17 18:03:11.726618', 1, 26, 60),
	(251, NULL, '2022-08-17 18:03:11.728313', 1, 26, 61),
	(252, NULL, '2022-08-17 18:03:11.730164', 1, 26, 62),
	(253, NULL, '2022-08-18 09:11:45.379752', 1, 28, 6),
	(254, NULL, '2022-08-18 09:11:45.383769', 1, 28, 7),
	(255, NULL, '2022-08-18 09:11:45.385746', 1, 28, 9),
	(256, NULL, '2022-08-18 10:14:12.640567', 1, 27, 6),
	(257, NULL, '2022-08-18 10:14:12.642405', 1, 27, 7),
	(258, NULL, '2022-08-18 10:14:12.644085', 1, 27, 9),
	(259, '2022-08-18 14:59:26.608489', '2022-08-18 14:57:23.521518', 2, 30, 6),
	(260, '2022-08-18 15:25:11.314571', '2022-08-18 14:57:23.525496', 2, 30, 7),
	(261, NULL, '2022-08-18 14:57:23.527420', 1, 30, 9),
	(262, NULL, '2022-08-18 15:27:04.902987', 1, 30, 43),
	(263, NULL, '2022-08-18 15:27:04.904767', 1, 30, 44),
	(264, NULL, '2022-08-18 15:27:04.906345', 1, 30, 45),
	(265, NULL, '2022-08-18 15:27:04.908025', 1, 30, 46),
	(266, NULL, '2022-08-19 01:13:51.286206', 1, 36, 6),
	(267, NULL, '2022-08-19 01:13:51.290337', 1, 36, 7),
	(268, NULL, '2022-08-19 01:13:51.292281', 1, 36, 9);

-- 테이블 moggozi.tag 구조 내보내기
CREATE TABLE IF NOT EXISTS `tag` (
  `id` bigint(20) NOT NULL AUTO_INCREMENT,
  `tag` varchar(20) DEFAULT NULL,
  PRIMARY KEY (`id`)
) ENGINE=InnoDB AUTO_INCREMENT=66 DEFAULT CHARSET=utf8mb4;

-- 테이블 데이터 moggozi.tag:~65 rows (대략적) 내보내기
INSERT INTO `tag` (`id`, `tag`) VALUES
	(1, '소설읽기'),
	(2, '당구'),
	(3, '독서'),
	(4, '운동'),
	(5, '헬스'),
	(6, '웨이트 트레이닝'),
	(7, '사구'),
	(8, '애완동물'),
	(9, '고슴도치'),
	(10, '사육'),
	(11, '반려동물'),
	(12, '코딩'),
	(13, '코테'),
	(14, '알고리즘'),
	(15, '백준'),
	(16, '요리'),
	(17, '자취음식'),
	(18, '1인분'),
	(19, '손글씨'),
	(20, '캘리그라피'),
	(21, '음식'),
	(22, '일식'),
	(23, '별보기'),
	(24, '은하수'),
	(25, '천문대'),
	(26, '고래'),
	(27, '돌고래'),
	(28, '향유고래'),
	(29, '공부'),
	(30, '문학'),
	(31, '식집사'),
	(32, '식물'),
	(33, '상추'),
	(34, '영화'),
	(35, '시간순삭'),
	(36, '힐링'),
	(37, '속독'),
	(38, '백독백습'),
	(39, '노희경'),
	(40, '드라마'),
	(41, '철학'),
	(42, '넓얕상식'),
	(43, '진지'),
	(44, '키우기'),
	(45, '드루이드'),
	(46, '미술'),
	(47, '화가'),
	(48, '예술'),
	(49, '한국'),
	(50, '배그'),
	(51, '클래식'),
	(52, '피아니스트'),
	(53, '피아노'),
	(54, '뜨개질'),
	(55, '그림'),
	(56, '일러스트'),
	(57, '피그마'),
	(58, '드로잉'),
	(59, '#spring'),
	(60, 'react'),
	(61, '클라이밍'),
	(62, '산'),
	(63, '등산'),
	(64, '별자리'),
	(65, '여름');

/*!40103 SET TIME_ZONE=IFNULL(@OLD_TIME_ZONE, 'system') */;
/*!40101 SET SQL_MODE=IFNULL(@OLD_SQL_MODE, '') */;
/*!40014 SET FOREIGN_KEY_CHECKS=IFNULL(@OLD_FOREIGN_KEY_CHECKS, 1) */;
/*!40101 SET CHARACTER_SET_CLIENT=@OLD_CHARACTER_SET_CLIENT */;
/*!40111 SET SQL_NOTES=IFNULL(@OLD_SQL_NOTES, 1) */;
